timestamp,band,freq_mhz,callsign,grid,lat,lon,dist_km,bearing_deg,snr_db,dt_s,drift_hz,sync,tx_pwr_dbm,tx_pwr_w,msg_type,snr_norm_db
2026-08-28 23:40:00+00:00,160m,1.8381462,M0GUC,IO82,52.5,-3.0,345.2,179.5,-14,0.62,0,0.54,37,5.0119,1,-21
2026-08-28 23:42:00+00:00,80m,3.5700249,PE1ANW,JO31,51.5,7.0,804.0,120.4,-25,0.02,0,0.19,23,0.1995,1,-18
2026-08-28 23:42:00+00:00,80m,3.5700491,2E0FDM,IO81,51.5,-3.0,456.4,179.6,-16,0.62,0,0.53,23,0.1995,1,-9
2026-08-28 23:42:00+00:00,80m,3.5700699,G7WCI,IO91,51.5,-1.0,475.8,162.7,-27,0.54,0,0.13,23,0.1995,1,-20
2026-08-28 23:42:00+00:00,80m,3.5700934,LA1ITS,JO59,59.5,11.0,940.6,56.8,-15,0.83,0,0.32,37,5.0119,1,-22
2026-08-28 23:42:00+00:00,80m,3.5701017,DF7PE,JN48,48.5,9.0,1138.1,128.9,-22,0.32,0,0.24,23,0.1995,1,-15
2026-08-28 23:42:00+00:00,80m,3.5701197,G7WCI,IO91,51.5,-1.0,475.8,162.7,-16,0.49,0,0.23,23,0.1995,1,-9
2026-08-28 23:42:00+00:00,80m,3.5701204,GM4DTH,IO85,55.5,-3.0,11.9,167.2,-12,0.19,0,0.24,23,0.1995,1,-5
2026-08-28 23:42:00+00:00,80m,3.5701527,F4WFT,IN98,48.5,-1.0,802.1,169.2,-6,0.32,0,0.38,23,0.1995,1,1
2026-08-28 23:42:00+00:00,80m,3.5701545,EA6URP,JM19,39.5,3.0,1845.5,163.5,-13,0.54,0,0.27,23,0.1995,1,-6
2026-08-28 23:42:00+00:00,80m,3.5701642,EA1RJ,IN71,41.5,-5.0,1574.8,186.0,-17,-0.15,0,0.19,23,0.1995,1,-10
2026-08-28 23:42:00+00:00,80m,3.5701866,GM7FIE,IO85,55.5,-3.0,11.9,167.2,-8,0.19,0,0.58,23,0.1995,1,-1
2026-08-28 23:46:00+00:00,40m,7.0401819,F4HHR,JN07,47.5,1.0,943.1,161.2,-15,-0.62,0,0.55,10,0.01,1,5
2026-08-28 23:46:00+00:00,40m,7.0401545,F1JSC,JN03,43.5,1.0,1376.5,166.2,-10,0.37,0,0.32,33,1.9953,1,-13
2026-08-28 23:46:00+00:00,40m,7.0401532,F4WFT,IN98,48.5,-1.0,802.1,169.2,-16,0.37,0,0.43,23,0.1995,1,-9
2026-08-28 23:46:00+00:00,40m,7.0401481,HB9IIU,JN36,46.5,7.0,1229.2,141.2,-18,0.11,0,0.14,23,0.1995,1,-11
2026-08-28 23:46:00+00:00,40m,7.0401367,F6EGX,JN35,45.5,7.0,1325.8,143.7,-2,0.37,0,0.66,37,5.0119,1,-9
2026-08-28 23:46:00+00:00,40m,7.0401092,EA6URP,JM19,39.5,3.0,1845.5,163.5,-14,0.62,0,0.42,23,0.1995,1,-7
2026-08-28 23:46:00+00:00,40m,7.0400887,SG7SUN/B,,,,,,-14,0.66,0,0.49,27,0.5012,2,-11
2026-08-28 23:46:00+00:00,40m,7.0400511,K1IRK,FN54,44.5,-69.0,4676.2,283.5,-16,0.79,-1,0.33,30,1.0,1,-16
2026-08-28 23:48:00+00:00,30m,10.1401151,TI4JWC,EK70,10.5,-85.0,8541.6,269.4,-21,0.88,0,0.2,30,1.0,1,-21
2026-08-28 23:48:00+00:00,30m,10.1401228,EA5RKP,IM99,39.5,-1.0,1797.0,174.3,-18,0.19,0,0.47,23,0.1995,1,-11
2026-08-28 23:48:00+00:00,30m,10.1401871,CT1ETM,IM58,38.5,-9.0,1953.0,195.6,2,0.41,0,0.81,37,5.0119,1,-5
2026-08-28 23:50:00+00:00,20m,14.0970996,9H2RA,JM75,35.5,15.0,2622.7,140.9,-20,0.37,0,0.34,23,0.1995,1,-13
2026-08-28 23:50:00+00:00,20m,14.0971464,<...>,IM58OB,38.0625,-8.791667,1997.3,194.8,-11,0.45,0,0.52,37,5.0119,3,-18
2026-08-29 00:02:00+00:00,80m,3.5701642,W1EZ,FN42,42.5,-71.0,4943.5,282.6,-13,0.45,0,0.23,40,10.0,1,-23
2026-08-29 00:02:00+00:00,80m,3.5701559,PI4CC,JO21,51.5,5.0,699.6,127.4,-7,0.32,0,0.46,17,0.0501,1,6
2026-08-29 00:02:00+00:00,80m,3.5701454,2E0FDM,IO81,51.5,-3.0,456.4,179.6,-13,0.54,0,0.22,23,0.1995,1,-6
2026-08-29 00:02:00+00:00,80m,3.5701374,GX2PLX,JO02,52.5,1.0,434.3,141.0,13,-0.53,0,0.67,43,19.9526,1,0
2026-08-29 00:02:00+00:00,80m,3.5701032,G7WCI,IO91,51.5,-1.0,475.8,162.7,-24,0.62,0,0.21,23,0.1995,1,-17
2026-08-29 00:02:00+00:00,80m,3.5700997,OZ4JJ,JO56,56.5,11.0,876.0,77.7,-21,0.37,0,0.16,13,0.02,1,-4
2026-08-29 00:02:00+00:00,80m,3.5700565,PC2A,JO21,51.5,5.0,699.6,127.4,-6,0.28,0,0.46,17,0.0501,1,7
2026-08-29 00:02:00+00:00,80m,3.5700888,CT1ETM,IM58,38.5,-9.0,1953.0,195.6,-12,0.45,0,0.27,37,5.0119,1,-19
2026-08-29 00:02:00+00:00,80m,3.5700934,EA1RJ,IN71,41.5,-5.0,1574.8,186.0,-13,-0.15,0,0.22,23,0.1995,1,-6
2026-08-29 00:02:00+00:00,80m,3.5700534,<...>,JO70UB,50.0625,15.708333,1396.3,108.4,-7,0.24,0,0.39,23,0.1995,3,0
2026-08-29 00:02:00+00:00,80m,3.5700399,PA5CA,JO32,52.5,7.0,739.9,113.6,-23,-0.06,0,0.21,10,0.01,1,-3
2026-08-29 00:02:00+00:00,80m,3.5700297,G1MUM,IO91,51.5,-1.0,475.8,162.7,-28,0.28,0,0.22,17,0.0501,1,-15
2026-08-29 00:02:00+00:00,80m,3.5700032,G7WCI,IO91,51.5,-1.0,475.8,162.7,-18,0.62,0,0.47,23,0.1995,1,-11
2026-08-29 00:06:00+00:00,40m,7.0401558,<...>,JO70UB,50.0625,15.708333,1396.3,108.4,-4,0.15,0,0.64,23,0.1995,3,3
2026-08-29 00:06:00+00:00,40m,7.0401345,CT1ETL/1,,,,,,-12,0.45,0,0.47,37,5.0119,2,-19
2026-08-29 00:06:00+00:00,40m,7.040102,SP8KM,KO00,50.5,21.0,1693.9,99.5,-9,6.34,0,0.57,30,1.0,1,-9
2026-08-29 00:06:00+00:00,40m,7.0401647,W1EZ,FN42,42.5,-71.0,4943.5,282.6,-11,0.58,0,0.45,40,10.0,1,-21
2026-08-29 00:06:00+00:00,40m,7.0400527,K1IRK,FN54,44.5,-69.0,4676.2,283.5,-20,0.83,-1,0.22,30,1.0,1,-20
2026-08-29 00:06:00+00:00,40m,7.0400171,EA5RKP,IM99,39.5,-1.0,1797.0,174.3,-29,0.24,0,0.2,23,0.1995,1,-22
2026-08-29 00:06:00+00:00,40m,7.0400152,TI4JWC,EK70,10.5,-85.0,8541.6,269.4,-27,0.88,0,0.14,30,1.0,1,-27
2026-08-29 00:06:00+00:00,40m,7.040089,CT1ETM,IM58,38.5,-9.0,1953.0,195.6,-6,0.49,0,0.59,37,5.0119,1,-13
2026-08-29 00:08:00+00:00,30m,10.1401149,TI4JWC,EK70,10.5,-85.0,8541.6,269.4,-24,0.92,0,0.23,30,1.0,1,-24
2026-08-29 00:08:00+00:00,30m,10.1402855,EA5RKP,IM99,39.5,-1.0,1797.0,174.3,-14,0.15,0,0.57,23,0.1995,1,-7
2026-08-29 00:10:00+00:00,20m,14.0971003,9H2RA,JM75,35.5,15.0,2622.7,140.9,-24,0.41,0,0.24,23,0.1995,1,-17
2026-08-29 00:10:00+00:00,20m,14.0971502,<CT1ETL/1>,IM58OB,38.0625,-8.791667,1997.3,194.8,-15,0.41,-1,0.42,37,5.0119,3,-22
2026-08-29 00:16:00+00:00,80m,3.5701496,G3OU,IO92,52.5,-1.0,370.0,158.1,7,0.28,0,0.48,43,19.9526,1,-6
2026-08-29 00:16:00+00:00,80m,3.5701217,G8LIK,IO93,53.5,-1.0,268.4,149.8,-26,0.45,0,0.12,23,0.1995,1,-19
2026-08-29 00:16:00+00:00,80m,3.5701104,EA1RJ,IN71,41.5,-5.0,1574.8,186.0,-19,-0.15,0,0.23,23,0.1995,1,-12
2026-08-29 00:16:00+00:00,80m,3.5699981,G4HSB,IO94,54.5,-1.0,178.8,132.5,13,0.19,0,0.42,23,0.1995,1,20
2026-08-29 00:16:00+00:00,80m,3.5700534,M0JGH,IO91,51.5,-1.0,475.8,162.7,-9,0.88,0,0.18,23,0.1995,1,-2
2026-08-29 00:16:00+00:00,80m,3.5700569,GM0PXV,IO85,55.5,-3.0,11.9,167.2,0,0.24,0,0.47,23,0.1995,1,7
2026-08-29 00:22:00+00:00,80m,3.5701587,G3JKF,JO00,50.5,1.0,628.3,152.9,2,0.45,0,0.55,33,1.9953,1,-1
2026-08-29 00:22:00+00:00,80m,3.5701922,GM8HHC,IO85,55.5,-3.0,11.9,167.2,-9,0.24,0,0.56,23,0.1995,1,-2
2026-08-29 00:22:00+00:00,80m,3.5701748,G1MUM,IO91,51.5,-1.0,475.8,162.7,-23,0.45,0,0.17,17,0.0501,1,-10
2026-08-29 00:22:00+00:00,80m,3.5701154,G7WCI,IO91,51.5,-1.0,475.8,162.7,-25,0.75,0,0.13,23,0.1995,1,-18
2026-08-29 00:22:00+00:00,80m,3.570127,EA1RJ,IN71,41.5,-5.0,1574.8,186.0,-14,0.19,0,0.29,23,0.1995,1,-7
2026-08-29 00:22:00+00:00,80m,3.5700653,G7WCI,IO91,51.5,-1.0,475.8,162.7,-28,0.62,0,0.14,23,0.1995,1,-21
2026-08-29 00:22:00+00:00,80m,3.5700152,G7WCI,IO91,51.5,-1.0,475.8,162.7,-19,0.71,0,0.36,23,0.1995,1,-12
2026-08-29 00:22:00+00:00,80m,3.5700235,2E0FDM,IO81,51.5,-3.0,456.4,179.6,-20,0.58,0,0.41,23,0.1995,1,-13
2026-08-29 00:22:00+00:00,80m,3.5700995,G6UZT,IO82,52.5,-3.0,345.2,179.5,-14,0.41,0,0.36,33,1.9953,1,-17
2026-08-29 00:22:00+00:00,80m,3.5700515,DD3MS,JN59,49.5,11.0,1163.6,119.8,-24,0.24,0,0.23,20,0.1,1,-14
2026-08-29 00:26:00+00:00,40m,7.0401639,W1EZ,FN42,42.5,-71.0,4943.5,282.6,-5,0.49,0,0.5,40,10.0,1,-15
2026-08-29 00:26:00+00:00,40m,7.0400153,DD3MS,JN59,49.5,11.0,1163.6,119.8,-19,0.11,0,0.25,20,0.1,1,-9
2026-08-29 00:26:00+00:00,40m,7.040033,SA7AHC,JO76,56.5,15.0,1121.5,77.5,-7,0.41,0,0.17,17,0.0501,1,6
2026-08-29 00:26:00+00:00,40m,7.0400517,K1IRK,FN54,44.5,-69.0,4676.2,283.5,-12,0.62,0,0.41,30,1.0,1,-12
2026-08-29 00:26:00+00:00,40m,7.0400601,EA5RKP,IM99,39.5,-1.0,1797.0,174.3,-25,0.19,0,0.13,23,0.1995,1,-18
2026-08-29 00:26:00+00:00,40m,7.0400637,HB9T,JN36,46.5,7.0,1229.2,141.2,-20,0.66,0,0.35,23,0.1995,1,-13
2026-08-29 00:26:00+00:00,40m,7.0401021,SP8KM,KO00,50.5,21.0,1693.9,99.5,-7,5.31,0,0.4,30,1.0,1,-7
2026-08-29 00:26:00+00:00,40m,7.0401316,CT1ETL/1,,,,,,-14,0.45,0,0.44,37,5.0119,2,-21
2026-08-29 00:26:00+00:00,40m,7.0401589,W1/AJ8S,,,,,,-7,0.96,0,0.24,33,1.9953,2,-10
2026-08-29 00:26:00+00:00,40m,7.0401813,F4HHR,JN07,47.5,1.0,943.1,161.2,-20,-0.62,0,0.27,10,0.01,1,0
2026-08-29 00:28:00+00:00,30m,10.1401223,EA5RKP,IM99,39.5,-1.0,1797.0,174.3,-7,0.24,0,0.63,23,0.1995,1,0
2026-08-29 00:36:00+00:00,160m,1.8381938,EI0CF,IO65,55.5,-7.0,249.2,269.0,-19,0.45,0,0.44,23,0.1995,1,-12
2026-08-29 00:42:00+00:00,80m,3.5701596,G3JKF,JO00,50.5,1.0,628.3,152.9,0,0.37,0,0.34,33,1.9953,1,-3
2026-08-29 00:42:00+00:00,80m,3.5701004,G6UZT,IO82,52.5,-3.0,345.2,179.5,-14,0.37,0,0.36,33,1.9953,1,-17
2026-08-29 00:42:00+00:00,80m,3.5701504,G3OU,IO92,52.5,-1.0,370.0,158.1,9,0.28,0,0.42,43,19.9526,1,-4
2026-08-29 00:42:00+00:00,80m,3.5701097,CT1ETL/1,,,,,,-15,0.79,0,0.17,33,1.9953,2,-18
2026-08-29 00:42:00+00:00,80m,3.5701848,G7WCI,IO91,51.5,-1.0,475.8,162.7,-25,0.54,0,0.13,23,0.1995,1,-18
2026-08-29 00:42:00+00:00,80m,3.5700849,G7WCI,IO91,51.5,-1.0,475.8,162.7,-14,0.66,0,0.31,23,0.1995,1,-7
2026-08-29 00:42:00+00:00,80m,3.5700386,DL2TT,JO31,51.5,7.0,804.0,120.4,-17,0.11,0,0.29,23,0.1995,1,-10
2026-08-29 00:42:00+00:00,80m,3.5700728,EI7II,IO51,51.5,-9.0,602.2,223.2,-6,0.79,0,0.36,23,0.1995,1,1
2026-08-29 00:42:00+00:00,80m,3.5700683,EA6URP,JM19,39.5,3.0,1845.5,163.5,-17,0.62,0,0.24,23,0.1995,1,-10
2026-08-29 00:42:00+00:00,80m,3.5700466,G1MUM,IO91,51.5,-1.0,475.8,162.7,-27,0.37,0,0.14,17,0.0501,1,-14
2026-08-29 00:42:00+00:00,80m,3.570014,<...>,IO81IA,51.020833,-3.291667,509.9,182.0,-33,0.62,0,0.16,23,0.1995,3,-26
2026-08-29 00:42:00+00:00,80m,3.5700815,2E0FDM,IO81,51.5,-3.0,456.4,179.6,-14,0.62,0,0.31,23,0.1995,1,-7
2026-08-29 00:44:00+00:00,80m,3.5701286,GM0PXV,IO85,55.5,-3.0,11.9,167.2,5,0.19,0,0.69,23,0.1995,1,12
2026-08-29 00:44:00+00:00,80m,3.5701521,GD3MAN,IO74,54.5,-5.0,175.0,226.3,-20,0.19,0,0.22,23,0.1995,1,-13
2026-08-29 00:44:00+00:00,80m,3.5701333,GM0PXV,IO85,55.5,-3.0,11.9,167.2,-19,0.19,0,0.13,23,0.1995,1,-12
2026-08-29 00:44:00+00:00,80m,3.570156,PI4CC,JO21,51.5,5.0,699.6,127.4,-8,0.37,0,0.42,17,0.0501,1,5
2026-08-29 00:44:00+00:00,80m,3.5700911,LX1MGG,JN39,49.5,7.0,958.2,130.9,-17,2.16,0,0.38,23,0.1995,1,-10
2026-08-29 00:44:00+00:00,80m,3.5700569,PC2A,JO21,51.5,5.0,699.6,127.4,-5,0.32,0,0.41,17,0.0501,1,8
2026-08-29 00:44:00+00:00,80m,3.5700384,<DL2TT>,JO31LL,51.479167,6.958333,803.2,120.7,-15,0.02,0,0.31,23,0.1995,3,-8
2026-08-29 00:44:00+00:00,80m,3.5700682,<EA6URP>,JM19IN,39.5625,2.708333,1833.6,164.2,-16,0.58,0,0.29,23,0.1995,3,-9
2026-08-29 00:46:00+00:00,40m,7.0400314,VE9IT,FN66,46.5,-67.0,4415.8,284.5,-13,1.13,0,0.15,27,0.5012,1,-10
2026-08-29 00:46:00+00:00,40m,7.0400392,DK2DB,JN48,48.5,9.0,1138.1,128.9,-11,0.37,1,0.19,37,5.0119,1,-18
2026-08-29 00:46:00+00:00,40m,7.0400895,CT1ETM,IM58,38.5,-9.0,1953.0,195.6,-8,0.02,0,0.13,37,5.0119,1,-15
2026-08-29 00:46:00+00:00,40m,7.0400976,SA5JBN,JO89,59.5,17.0,1265.8,61.8,-7,-0.1,0,0.41,20,0.1,1,3
2026-08-29 00:46:00+00:00,40m,7.0401181,OZ8PZ,JO47,57.5,9.0,766.4,69.1,-8,-0.19,0,0.49,23,0.1995,1,-1
2026-08-29 00:46:00+00:00,40m,7.040151,EA6URP,JM19,39.5,3.0,1845.5,163.5,-14,0.02,0,0.24,23,0.1995,1,-7
2026-08-29 00:46:00+00:00,40m,7.0401601,OH3FZQ,KP11,61.5,23.0,1632.6,55.7,-18,0.02,0,0.18,33,1.9953,1,-21
2026-08-29 00:46:00+00:00,40m,7.0401826,F4HHR,JN07,47.5,1.0,943.1,161.2,-16,-1.13,0,0.28,10,0.01,1,4
2026-08-29 00:48:00+00:00,30m,10.1402769,EA5RKP,IM99,39.5,-1.0,1797.0,174.3,-11,0.24,0,0.65,23,0.1995,1,-4
2026-08-29 00:48:00+00:00,30m,10.1402651,W1EZ,FN42,42.5,-71.0,4943.5,282.6,-17,0.58,0,0.13,40,10.0,1,-27
2026-08-29 00:48:00+00:00,30m,10.1402598,<W1/AJ8S>,FN44MF,44.229167,-70.958333,4814.9,284.5,-12,0.88,-1,0.24,33,1.9953,3,-15
2026-08-29 00:48:00+00:00,30m,10.1402386,<CT1ETL/1>,IM58OB,38.0625,-8.791667,1997.3,194.8,-8,0.49,0,0.6,37,5.0119,3,-15
2026-08-29 00:48:00+00:00,30m,10.1402,HA6QL,JN97,47.5,19.0,1759.2,111.6,-4,0.37,0,0.71,33,1.9953,1,-7
2026-08-29 00:48:00+00:00,30m,10.1401622,OZ9ACF,JO65,55.5,13.0,1006.8,84.0,-18,0.49,0,0.47,37,5.0119,1,-25
2026-08-29 00:48:00+00:00,30m,10.1401145,TI4JWC,EK70,10.5,-85.0,8541.6,269.4,-28,1.26,0,0.18,30,1.0,1,-28
2026-08-29 00:48:00+00:00,30m,10.1401109,WA1RAJ,FN42,42.5,-71.0,4943.5,282.6,-25,0.41,-2,0.2,37,5.0119,1,-32
2026-08-29 00:48:00+00:00,30m,10.14018,F4GMT,IN93,43.5,-1.0,1353.8,173.0,-20,-0.06,0,0.33,23,0.1995,1,-13
2026-08-29 00:50:00+00:00,20m,14.0970993,9H2RA,JM75,35.5,15.0,2622.7,140.9,-24,0.45,0,0.2,23,0.1995,1,-17
2026-08-29 00:54:00+00:00,160m,1.8380565,GM4DTH,IO85,55.5,-3.0,11.9,167.2,-22,0.19,0,0.32,23,0.1995,1,-15
2026-08-29 01:00:00+00:00,160m,1.8381265,DL9ZY,JO30,50.5,7.0,877.5,126.1,-21,0.41,0,0.35,37,5.0119,1,-28
2026-08-29 01:00:00+00:00,160m,1.8381978,<...>,IO82WL,52.479167,-2.125,352.6,169.9,-22,1.26,0,0.32,37,5.0119,3,-29
2026-08-29 01:02:00+00:00,80m,3.5701135,G7WCI,IO91,51.5,-1.0,475.8,162.7,-16,0.75,0,0.31,23,0.1995,1,-9
2026-08-29 01:02:00+00:00,80m,3.5701964,M0XDC,JO01,51.5,1.0,528.5,148.0,-2,0.41,0,0.65,37,5.0119,1,-9
2026-08-29 01:02:00+00:00,80m,3.5701674,LA4PGA,JP50,60.5,11.0,986.3,50.8,-15,0.19,0,0.26,23,0.1995,1,-8
2026-08-29 01:02:00+00:00,80m,3.5701592,G3JKF,JO00,50.5,1.0,628.3,152.9,1,0.37,0,0.6,33,1.9953,1,-2
2026-08-29 01:02:00+00:00,80m,3.5701561,PI4CC,JO21,51.5,5.0,699.6,127.4,-4,0.41,0,0.52,17,0.0501,1,9
2026-08-29 01:02:00+00:00,80m,3.5701319,M0GUC,IO82,52.5,-3.0,345.2,179.5,-8,0.58,1,0.49,37,5.0119,1,-15
2026-08-29 01:02:00+00:00,80m,3.5701098,CT1ETL/1,,,,,,-16,0.79,0,0.15,33,1.9953,2,-19
2026-08-29 01:02:00+00:00,80m,3.57002,PA5CA,JO32,52.5,7.0,739.9,113.6,-21,0.07,0,0.29,10,0.01,1,-1
2026-08-29 01:02:00+00:00,80m,3.5700997,G6UZT,IO82,52.5,-3.0,345.2,179.5,-14,0.45,0,0.21,33,1.9953,1,-17
2026-08-29 01:02:00+00:00,80m,3.5700927,DL4XJ,JO42,52.5,9.0,857.0,108.7,-2,0.45,0,0.41,30,1.0,1,-2
2026-08-29 01:02:00+00:00,80m,3.5700753,EI4GXB,IO52,52.5,-9.0,519.7,230.9,-19,0.19,0,0.35,23,0.1995,1,-12
2026-08-29 01:02:00+00:00,80m,3.5700552,PC2A,JO21,51.5,5.0,699.6,127.4,-1,0.37,0,0.64,17,0.0501,1,12
2026-08-29 01:02:00+00:00,80m,3.5701003,GM7FIE,IO85,55.5,-3.0,11.9,167.2,-9,0.32,0,0.32,23,0.1995,1,-2
2026-08-29 01:02:00+00:00,80m,3.570017,G1MUM,IO91,51.5,-1.0,475.8,162.7,-21,0.24,0,0.25,17,0.0501,1,-8
2026-08-29 01:06:00+00:00,40m,7.0401822,F4HHR,JN07,47.5,1.0,943.1,161.2,-16,-0.57,0,0.51,10,0.01,1,4
2026-08-29 01:06:00+00:00,40m,7.0401752,HB9T,JN36,46.5,7.0,1229.2,141.2,-25,0.75,0,0.12,23,0.1995,1,-18
2026-08-29 01:06:00+00:00,40m,7.0401596,OH3FZQ,KP11,61.5,23.0,1632.6,55.7,-15,0.45,0,0.34,33,1.9953,1,-18
2026-08-29 01:06:00+00:00,40m,7.0401266,SA7CND,JO76,56.5,15.0,1121.5,77.5,-22,0.19,0,0.28,20,0.1,1,-12
2026-08-29 01:06:00+00:00,40m,7.0400854,DL4XJ,JO42,52.5,9.0,857.0,108.7,-18,0.37,0,0.33,30,1.0,1,-18
2026-08-29 01:06:00+00:00,40m,7.0400694,EA5RKP,IM99,39.5,-1.0,1797.0,174.3,-19,0.11,0,0.15,23,0.1995,1,-12
2026-08-29 01:06:00+00:00,40m,7.0400739,DL6NL,JO50,50.5,11.0,1093.8,115.4,-19,0.66,0,0.22,27,0.5012,1,-16
2026-08-29 01:06:00+00:00,40m,7.0400524,K1IRK,FN54,44.5,-69.0,4676.2,283.5,-19,0.75,0,0.24,30,1.0,1,-19
2026-08-29 01:06:00+00:00,40m,7.0400271,PA7D,JO23,53.5,5.0,568.5,111.0,-17,0.37,0,0.16,23,0.1995,1,-10
2026-08-29 01:06:00+00:00,40m,7.0400223,KZ4IK,FM08,38.5,-79.0,5739.4,284.4,-20,0.49,0,0.24,30,1.0,1,-20
2026-08-29 01:06:00+00:00,40m,7.0400158,WA1RAJ,FN42,42.5,-71.0,4943.5,282.6,-17,0.49,0,0.23,37,5.0119,1,-24
2026-08-29 01:06:00+00:00,40m,7.0400034,DB1IAT,JN48,48.5,9.0,1138.1,128.9,-21,1.09,0,0.29,30,1.0,1,-21
2026-08-29 01:06:00+00:00,40m,7.0399935,<...>,JN61TP,41.645833,13.625,1966.6,135.1,-18,0.15,0,0.36,23,0.1995,3,-11
2026-08-29 01:06:00+00:00,40m,7.0400647,OZ9ACF,JO65,55.5,13.0,1006.8,84.0,-12,0.49,0,0.45,37,5.0119,1,-19
2026-08-29 01:08:00+00:00,30m,10.1402546,F1JSC,JN03,43.5,1.0,1376.5,166.2,-1,0.41,0,0.71,33,1.9953,1,-4
2026-08-29 01:08:00+00:00,30m,10.1402422,SA7CND,JO76,56.5,15.0,1121.5,77.5,-21,0.28,0,0.22,20,0.1,1,-11
2026-08-29 01:08:00+00:00,30m,10.1402006,EA5RKP,IM99,39.5,-1.0,1797.0,174.3,-18,0.28,0,0.47,23,0.1995,1,-11
2026-08-29 01:08:00+00:00,30m,10.1401819,IK6ZEW,JN72,42.5,15.0,1950.9,130.8,-24,0.19,0,0.14,20,0.1,1,-14
2026-08-29 01:08:00+00:00,30m,10.1401733,N4SRN,FM26,36.5,-75.0,5653.4,279.7,-24,0.58,0,0.23,37,5.0119,1,-31
2026-08-29 01:08:00+00:00,30m,10.1401884,<CT1ETM>,IM58KR,38.729167,-9.125,1930.1,196.1,-16,0.54,0,0.37,37,5.0119,3,-23
2026-08-29 01:10:00+00:00,20m,14.0971447,<CT1ETL/1>,IM58OB,38.0625,-8.791667,1997.3,194.8,-13,0.49,0,0.52,37,5.0119,3,-20
2026-08-29 01:14:00+00:00,80m,3.5701322,EI7II,IO51,51.5,-9.0,602.2,223.2,-7,0.75,0,0.47,23,0.1995,1,0
2026-08-29 01:14:00+00:00,80m,3.5701555,PI4CC,JO21,51.5,5.0,699.6,127.4,-5,0.37,0,0.56,17,0.0501,1,8
2026-08-29 01:14:00+00:00,80m,3.5701255,DF4SW,JO31,51.5,7.0,804.0,120.4,-23,0.54,0,0.16,30,1.0,1,-23
2026-08-29 01:14:00+00:00,80m,3.5700967,SM0IFP,JO99,59.5,19.0,1377.0,62.6,-6,0.62,0,0.26,27,0.5012,1,-3
2026-08-29 01:14:00+00:00,80m,3.5700548,PC2A,JO21,51.5,5.0,699.6,127.4,0,0.37,0,0.55,17,0.0501,1,13
2026-08-29 01:14:00+00:00,80m,3.570034,<GM0PXV>,IO85IW,55.9375,-3.291667,40.2,337.2,2,0.24,0,0.57,23,0.1995,3,9
2026-08-29 01:14:00+00:00,80m,3.5701093,PA5CA,JO32,52.5,7.0,739.9,113.6,-17,0.24,0,0.36,10,0.01,1,3
2026-08-29 01:16:00+00:00,160m,1.8381259,DL9ZY,JO30,50.5,7.0,877.5,126.1,-15,0.41,0,0.24,37,5.0119,1,-22
2026-08-29 01:16:00+00:00,160m,1.8381505,EI0CF,IO65,55.5,-7.0,249.2,269.0,-15,0.49,0,0.32,23,0.1995,1,-8
2026-08-29 01:22:00+00:00,80m,3.5701884,G7UJY,IO93,53.5,-1.0,268.4,149.8,-4,1.39,0,0.37,23,0.1995,1,3
2026-08-29 01:22:00+00:00,80m,3.5701965,DD3MS,JN59,49.5,11.0,1163.6,119.8,-18,0.37,0,0.19,20,0.1,1,-8
2026-08-29 01:22:00+00:00,80m,3.5701909,<...>,JO70UB,50.0625,15.708333,1396.3,108.4,-10,0.07,0,0.17,23,0.1995,3,-3
2026-08-29 01:22:00+00:00,80m,3.5701716,2E0FDM,IO81,51.5,-3.0,456.4,179.6,-22,0.66,-1,0.22,23,0.1995,1,-15
2026-08-29 01:22:00+00:00,80m,3.5701433,OH3FR,KP20,60.5,25.0,1722.0,60.1,-26,0.79,0,0.11,33,1.9953,1,-29
2026-08-29 01:22:00+00:00,80m,3.5701589,G3JKF,JO00,50.5,1.0,628.3,152.9,-3,0.32,0,0.41,33,1.9953,1,-6
2026-08-29 01:22:00+00:00,80m,3.5700556,OE7XZB,JN57,47.5,11.0,1320.1,127.2,-21,0.24,0,0.13,23,0.1995,1,-14
2026-08-29 01:22:00+00:00,80m,3.5700235,SA7CND,JO76,56.5,15.0,1121.5,77.5,-6,0.28,0,0.21,20,0.1,1,4
2026-08-29 01:22:00+00:00,80m,3.5700232,DC7TU,JN49,49.5,9.0,1057.4,124.9,0,4.8,0,0.17,33,1.9953,1,-3
2026-08-29 01:22:00+00:00,80m,3.5700137,GX2PLX,JO02,52.5,1.0,434.3,141.0,8,-0.49,0,0.45,43,19.9526,1,-5
2026-08-29 01:22:00+00:00,80m,3.57009,LX1MGG,JN39,49.5,7.0,958.2,130.9,-24,2.29,0,0.18,23,0.1995,1,-17
2026-08-29 01:24:00+00:00,80m,3.5700742,EI0CF,IO65,55.5,-7.0,249.2,269.0,-7,0.58,0,0.47,23,0.1995,1,0
2026-08-29 01:24:00+00:00,80m,3.5701218,G8LIK,IO93,53.5,-1.0,268.4,149.8,-20,0.37,0,0.17,23,0.1995,1,-13
2026-08-29 01:24:00+00:00,80m,3.5701454,G3OU,IO92,52.5,-1.0,370.0,158.1,-3,0.37,1,0.13,43,19.9526,1,-16
2026-08-29 01:24:00+00:00,80m,3.5701495,G3OU,IO92,52.5,-1.0,370.0,158.1,8,0.28,0,0.49,43,19.9526,1,-5
2026-08-29 01:24:00+00:00,80m,3.5701582,CT1BAT,IN50,40.5,-9.0,1735.3,197.1,-16,0.54,0,0.23,0,0.001,1,14
2026-08-29 01:24:00+00:00,80m,3.5701966,<DD3MS>,JN59KV,49.895833,10.875,1128.3,118.4,-14,0.24,0,0.3,20,0.1,3,-4
2026-08-29 01:26:00+00:00,40m,7.0401936,HB9T,JN36,46.5,7.0,1229.2,141.2,-23,0.79,0,0.31,23,0.1995,1,-16
2026-08-29 01:26:00+00:00,40m,7.0401406,<...>,JN61TP,41.645833,13.625,1966.6,135.1,-19,0.24,0,0.13,23,0.1995,3,-12
2026-08-29 01:26:00+00:00,40m,7.0401364,F6EGX,JN35,45.5,7.0,1325.8,143.7,-5,0.45,0,0.54,37,5.0119,1,-12
2026-08-29 01:26:00+00:00,40m,7.0401809,F4HHR,JN07,47.5,1.0,943.1,161.2,-21,-0.53,0,0.33,10,0.01,1,-1
2026-08-29 01:26:00+00:00,40m,7.0401541,F1JSC,JN03,43.5,1.0,1376.5,166.2,-15,0.37,0,0.25,33,1.9953,1,-18
2026-08-29 01:26:00+00:00,40m,7.0400976,<...>,JO70UB,50.0625,15.708333,1396.3,108.4,-8,0.32,0,0.29,23,0.1995,3,-1
2026-08-29 01:26:00+00:00,40m,7.0400766,EA5RKP,IM99,39.5,-1.0,1797.0,174.3,-18,0.19,0,0.19,23,0.1995,1,-11
2026-08-29 01:26:00+00:00,40m,7.0400878,<CT1ETM>,IM58KR,38.729167,-9.125,1930.1,196.1,-5,0.54,0,0.4,37,5.0119,3,-12
2026-08-29 01:26:00+00:00,40m,7.040072,N4SRN,FM26,36.5,-75.0,5653.4,279.7,-18,0.54,0,0.17,37,5.0119,1,-25
2026-08-29 01:26:00+00:00,40m,7.0400515,K1IRK,FN54,44.5,-69.0,4676.2,283.5,-22,0.71,-1,0.14,30,1.0,1,-22
2026-08-29 01:26:00+00:00,40m,7.0400143,TI4JWC,EK70,10.5,-85.0,8541.6,269.4,-25,1.43,0,0.23,30,1.0,1,-25
2026-08-29 01:26:00+00:00,40m,7.0400959,CT1BAT,IN50,40.5,-9.0,1735.3,197.1,-12,0.58,0,0.29,0,0.001,1,18
2026-08-29 01:28:00+00:00,30m,10.1401564,EA5RKP,IM99,39.5,-1.0,1797.0,174.3,-10,0.28,0,0.61,23,0.1995,1,-3
2026-08-29 01:28:00+00:00,30m,10.1401593,OZ9ACF,JO65,55.5,13.0,1006.8,84.0,-14,0.28,0,0.48,37,5.0119,1,-21
2026-08-29 01:28:00+00:00,30m,10.1401788,LA1ITS,JO59,59.5,11.0,940.6,56.8,-17,0.88,0,0.46,37,5.0119,1,-24
2026-08-29 01:28:00+00:00,30m,10.1402362,<CT1ETL/1>,IM58OB,38.0625,-8.791667,1997.3,194.8,-15,0.54,1,0.51,37,5.0119,3,-22
2026-08-29 01:28:00+00:00,30m,10.1402631,W1EZ,FN42,42.5,-71.0,4943.5,282.6,-24,0.45,0,0.13,40,10.0,1,-34
2026-08-29 01:30:00+00:00,20m,14.0970379,SM4GTV,JP70,60.5,15.0,1187.7,55.4,-26,0.49,0,0.2,30,1.0,1,-26
2026-08-29 01:30:00+00:00,20m,14.0970986,9H2RA,JM75,35.5,15.0,2622.7,140.9,-24,0.41,0,0.26,23,0.1995,1,-17
2026-08-29 01:34:00+00:00,160m,1.8381543,GM4DTH,IO85,55.5,-3.0,11.9,167.2,-15,0.19,0,0.22,23,0.1995,1,-8
2026-08-29 01:42:00+00:00,80m,3.5701824,EA6URP,JM19,39.5,3.0,1845.5,163.5,-16,0.58,0,0.26,23,0.1995,1,-9
2026-08-29 01:42:00+00:00,80m,3.5701588,G3JKF,JO00,50.5,1.0,628.3,152.9,-5,0.45,0,0.35,33,1.9953,1,-8
2026-08-29 01:42:00+00:00,80m,3.5701524,F4WFT,IN98,48.5,-1.0,802.1,169.2,2,0.32,0,0.42,23,0.1995,1,9
2026-08-29 01:42:00+00:00,80m,3.5700236,DC7TU,JN49,49.5,9.0,1057.4,124.9,-5,4.67,0,0.35,33,1.9953,1,-8
2026-08-29 01:42:00+00:00,80m,3.5701352,<GM0PXV>,IO85IW,55.9375,-3.291667,40.2,337.2,1,0.19,0,0.48,23,0.1995,3,8
2026-08-29 01:42:00+00:00,80m,3.5700103,2E0FDM,IO81,51.5,-3.0,456.4,179.6,-22,0.71,0,0.31,23,0.1995,1,-15
2026-08-29 01:42:00+00:00,80m,3.5701494,G3OU,IO92,52.5,-1.0,370.0,158.1,4,0.28,0,0.52,43,19.9526,1,-9
2026-08-29 01:44:00+00:00,40m,7.0400314,I0LYO,JN52,42.5,11.0,1773.3,139.4,-24,0.28,0,0.15,23,0.1995,1,-17
2026-08-29 01:44:00+00:00,40m,7.0400614,IU0JJD,JN61,41.5,13.0,1953.0,136.7,-20,0.19,0,0.25,23,0.1995,1,-13
2026-08-29 01:44:00+00:00,40m,7.0401098,<PA7D>,JO23VF,53.229167,5.791667,629.0,111.2,-8,0.41,0,0.65,23,0.1995,3,-1
2026-08-29 01:44:00+00:00,40m,7.0401545,F1JSC,JN03,43.5,1.0,1376.5,166.2,-9,0.49,0,0.38,33,1.9953,1,-12
2026-08-29 01:44:00+00:00,40m,7.0401579,W1/AJ8S,,,,,,-11,0.83,0,0.3,33,1.9953,2,-14
2026-08-29 01:46:00+00:00,40m,7.0401018,SP8KM,KO00,50.5,21.0,1693.9,99.5,-13,5.4,0,0.4,30,1.0,1,-13
2026-08-29 01:46:00+00:00,40m,7.0401065,HB9T,JN36,46.5,7.0,1229.2,141.2,-18,0.83,0,0.25,23,0.1995,1,-11
2026-08-29 01:46:00+00:00,40m,7.0401146,EA6ANX,JM19,39.5,3.0,1845.5,163.5,-15,0.54,0,0.4,23,0.1995,1,-8
2026-08-29 01:46:00+00:00,40m,7.040085,SR9KRT,KN09,49.5,21.0,1750.2,102.7,-15,0.32,0,0.45,3,0.002,1,12
2026-08-29 01:46:00+00:00,40m,7.0400228,I0LYO,JN52,42.5,11.0,1773.3,139.4,-23,0.15,0,0.2,23,0.1995,1,-16
2026-08-29 01:46:00+00:00,40m,7.0400515,K1IRK,FN54,44.5,-69.0,4676.2,283.5,-21,0.62,-1,0.21,30,1.0,1,-21
2026-08-29 01:46:00+00:00,40m,7.0400359,EA6URP,JM19,39.5,3.0,1845.5,163.5,-14,0.66,0,0.41,23,0.1995,1,-7
2026-08-29 01:46:00+00:00,40m,7.0400147,WA1RAJ,FN42,42.5,-71.0,4943.5,282.6,-19,0.58,-1,0.18,37,5.0119,1,-26
2026-08-29 01:46:00+00:00,40m,7.0400617,<IU0JJD>,JN61TP,41.645833,13.625,1966.6,135.1,-19,0.19,0,0.26,23,0.1995,3,-12
2026-08-29 01:48:00+00:00,30m,10.1401747,DD3MS,JN59,49.5,11.0,1163.6,119.8,-29,0.41,0,0.15,20,0.1,1,-19
2026-08-29 01:48:00+00:00,30m,10.1401787,LA1ITS,JO59,59.5,11.0,940.6,56.8,-20,0.92,0,0.39,37,5.0119,1,-27
2026-08-29 01:48:00+00:00,30m,10.1402396,EA5RKP,IM99,39.5,-1.0,1797.0,174.3,-14,0.32,0,0.52,23,0.1995,1,-7
2026-08-29 01:48:00+00:00,30m,10.1402751,<...>,JO59DN,59.5625,10.291667,906.2,55.5,-7,0.49,0,0.61,30,1.0,3,-7
2026-08-29 01:54:00+00:00,80m,3.5701386,<...>,JO70UB,50.0625,15.708333,1396.3,108.4,-9,0.24,0,0.33,23,0.1995,3,-2
2026-08-29 01:54:00+00:00,80m,3.5701018,DF7PE,JN48,48.5,9.0,1138.1,128.9,-20,0.49,0,0.26,23,0.1995,1,-13
2026-08-29 01:54:00+00:00,80m,3.5700774,G7UJY,IO93,53.5,-1.0,268.4,149.8,-10,1.47,2,0.43,23,0.1995,1,-3
2026-08-29 01:54:00+00:00,80m,3.5700423,GX2PLX,JO02,52.5,1.0,434.3,141.0,9,-0.4,0,0.48,43,19.9526,1,-4
2026-08-29 01:54:00+00:00,80m,3.5700296,<...>,IO90HX,50.979167,-1.375,526.0,167.2,-14,0.49,0,0.2,23,0.1995,3,-7
2026-08-29 01:54:00+00:00,80m,3.5700146,EA6URP,JM19,39.5,3.0,1845.5,163.5,-11,0.71,0,0.31,23,0.1995,1,-4
2026-08-29 01:54:00+00:00,80m,3.5700377,GX2PLX,JO02,52.5,1.0,434.3,141.0,-9,-0.49,0,0.12,43,19.9526,1,-22
2026-08-29 01:56:00+00:00,160m,1.8380105,EI0CF,IO65,55.5,-7.0,249.2,269.0,-13,0.58,0,0.32,23,0.1995,1,-6
2026-08-29 01:56:00+00:00,160m,1.8381263,DL9ZY,JO30,50.5,7.0,877.5,126.1,-18,0.49,0,0.28,37,5.0119,1,-25
2026-08-29 02:02:00+00:00,80m,3.570133,G1MUM,IO91,51.5,-1.0,475.8,162.7,-17,0.45,0,0.22,17,0.0501,1,-4
2026-08-29 02:02:00+00:00,80m,3.5701844,G7WCI,IO91,51.5,-1.0,475.8,162.7,-21,0.79,0,0.29,23,0.1995,1,-14
2026-08-29 02:02:00+00:00,80m,3.5701644,W1EZ,FN42,42.5,-71.0,4943.5,282.6,-14,0.66,0,0.18,40,10.0,1,-24
2026-08-29 02:02:00+00:00,80m,3.570159,G3JKF,JO00,50.5,1.0,628.3,152.9,0,0.45,0,0.49,33,1.9953,1,-3
2026-08-29 02:02:00+00:00,80m,3.5701558,PI4CC,JO21,51.5,5.0,699.6,127.4,-2,0.45,0,0.4,17,0.0501,1,11
2026-08-29 02:02:00+00:00,80m,3.5701345,G7WCI,IO91,51.5,-1.0,475.8,162.7,-9,0.83,0,0.44,23,0.1995,1,-2
2026-08-29 02:02:00+00:00,80m,3.5701,OZ4JJ,JO56,56.5,11.0,876.0,77.7,-17,0.45,0,0.39,13,0.02,1,0
2026-08-29 02:02:00+00:00,80m,3.5700797,PA5CA,JO32,52.5,7.0,739.9,113.6,-20,0.19,0,0.2,10,0.01,1,0
2026-08-29 02:02:00+00:00,80m,3.5700843,G7WCI,IO91,51.5,-1.0,475.8,162.7,-19,0.88,0,0.1,23,0.1995,1,-12
2026-08-29 02:02:00+00:00,80m,3.5700874,CT1ETM,IM58,38.5,-9.0,1953.0,195.6,-17,0.71,0,0.1,37,5.0119,1,-24
2026-08-29 02:02:00+00:00,80m,3.5700568,G7UJY,IO93,53.5,-1.0,268.4,149.8,-10,1.43,2,0.22,23,0.1995,1,-3
2026-08-29 02:02:00+00:00,80m,3.5700565,PC2A,JO21,51.5,5.0,699.6,127.4,-3,0.37,0,0.31,17,0.0501,1,10
2026-08-29 02:02:00+00:00,80m,3.5700546,2E0FDM,IO81,51.5,-3.0,456.4,179.6,-9,0.79,0,0.24,23,0.1995,1,-2
2026-08-29 02:02:00+00:00,80m,3.5700345,G7WCI,IO91,51.5,-1.0,475.8,162.7,-22,0.83,0,0.15,23,0.1995,1,-15
2026-08-29 02:02:00+00:00,80m,3.5700281,EI7II,IO51,51.5,-9.0,602.2,223.2,-6,0.79,0,0.49,23,0.1995,1,1
2026-08-29 02:06:00+00:00,40m,7.0401937,PA7D,JO23,53.5,5.0,568.5,111.0,-8,0.49,0,0.73,23,0.1995,1,-1
2026-08-29 02:06:00+00:00,40m,7.0401551,PA2PGU,JO32,52.5,7.0,739.9,113.6,-20,0.19,0,0.36,23,0.1995,1,-13
2026-08-29 02:06:00+00:00,40m,7.0401222,EA5RKP,IM99,39.5,-1.0,1797.0,174.3,-23,0.28,0,0.22,23,0.1995,1,-16
2026-08-29 02:06:00+00:00,40m,7.0401024,SP8KM,KO00,50.5,21.0,1693.9,99.5,-12,6.47,0,0.47,30,1.0,1,-12
2026-08-29 02:06:00+00:00,40m,7.0400875,CT1ETM,IM58,38.5,-9.0,1953.0,195.6,2,0.62,0,0.71,37,5.0119,1,-5
2026-08-29 02:06:00+00:00,40m,7.0400522,K1IRK,FN54,44.5,-69.0,4676.2,283.5,-22,0.75,-1,0.26,30,1.0,1,-22
2026-08-29 02:06:00+00:00,40m,7.0400152,TI4JWC,EK70,10.5,-85.0,8541.6,269.4,-23,1.01,0,0.18,30,1.0,1,-23
2026-08-29 02:06:00+00:00,40m,7.0400108,CS5WB,IM68,38.5,-7.0,1924.6,190.5,-23,0.24,0,0.21,23,0.1995,1,-16
2026-08-29 02:06:00+00:00,40m,7.0399974,HB9IIU,JN36,46.5,7.0,1229.2,141.2,-17,0.28,0,0.52,23,0.1995,1,-10
2026-08-29 02:06:00+00:00,40m,7.0400856,DL4XJ,JO42,52.5,9.0,857.0,108.7,-13,0.54,0,0.22,30,1.0,1,-13
2026-08-29 02:08:00+00:00,30m,10.1401155,TI4JWC,EK70,10.5,-85.0,8541.6,269.4,-27,1.09,0,0.2,30,1.0,1,-27
2026-08-29 02:08:00+00:00,30m,10.1401611,OZ9ACF,JO65,55.5,13.0,1006.8,84.0,-25,0.54,0,0.24,37,5.0119,1,-32
2026-08-29 02:08:00+00:00,30m,10.1402377,CT1ETL/1,,,,,,-6,0.58,1,0.57,37,5.0119,2,-13
2026-08-29 02:08:00+00:00,30m,10.1402464,CT7AMG,IM58,38.5,-9.0,1953.0,195.6,-23,0.19,0,0.21,23,0.1995,1,-16
2026-08-29 02:08:00+00:00,30m,10.1402625,W1EZ,FN42,42.5,-71.0,4943.5,282.6,-23,0.66,-1,0.17,40,10.0,1,-33
2026-08-29 02:08:00+00:00,30m,10.1402737,EA5RKP,IM99,39.5,-1.0,1797.0,174.3,-13,0.19,0,0.57,23,0.1995,1,-6
2026-08-29 02:16:00+00:00,80m,3.5701501,G3OU,IO92,52.5,-1.0,370.0,158.1,11,0.28,0,0.55,43,19.9526,1,-2
2026-08-29 02:16:00+00:00,80m,3.5701842,OE7XZB,JN57,47.5,11.0,1320.1,127.2,-21,0.37,0,0.14,23,0.1995,1,-14
2026-08-29 02:16:00+00:00,80m,3.5701431,G4HSB,IO94,54.5,-1.0,178.8,132.5,15,0.28,0,0.61,23,0.1995,1,22
2026-08-29 02:16:00+00:00,80m,3.5700889,SA7CND,JO76,56.5,15.0,1121.5,77.5,-2,0.28,0,0.68,20,0.1,1,8
2026-08-29 02:16:00+00:00,80m,3.5700683,G4UJS,IO82,52.5,-3.0,345.2,179.5,-9,0.66,0,0.6,23,0.1995,1,-2
2026-08-29 02:16:00+00:00,80m,3.5700277,<DL2TT>,JO31LL,51.479167,6.958333,803.2,120.7,-18,0.19,0,0.17,23,0.1995,3,-11
2026-08-29 02:20:00+00:00,160m,1.8380737,OZ9ACF,JO65,55.5,13.0,1006.8,84.0,-19,0.49,0,0.28,37,5.0119,1,-26
2026-08-29 02:22:00+00:00,80m,3.5701737,G1MUM,IO91,51.5,-1.0,475.8,162.7,-22,0.58,0,0.15,17,0.0501,1,-9
2026-08-29 02:22:00+00:00,80m,3.57016,G3JKF,JO00,50.5,1.0,628.3,152.9,2,0.24,0,0.39,33,1.9953,1,-1
2026-08-29 02:22:00+00:00,80m,3.5701326,G4LEN,IO81,51.5,-3.0,456.4,179.6,7,-1.77,0,0.53,37,5.0119,1,0
2026-08-29 02:22:00+00:00,80m,3.5701273,GM7FIE,IO85,55.5,-3.0,11.9,167.2,-8,0.28,0,0.35,23,0.1995,1,-1
2026-08-29 02:22:00+00:00,80m,3.5701142,G7WCI,IO91,51.5,-1.0,475.8,162.7,-13,0.75,0,0.2,23,0.1995,1,-6
2026-08-29 02:22:00+00:00,80m,3.5701519,<...>,IO82WL,52.479167,-2.125,352.6,169.9,-4,1.18,0,0.46,37,5.0119,3,-11
2026-08-29 02:22:00+00:00,80m,3.5701004,G6UZT,IO82,52.5,-3.0,345.2,179.5,-11,0.45,0,0.46,33,1.9953,1,-14
2026-08-29 02:22:00+00:00,80m,3.5700942,LA1ITS,JO59,59.5,11.0,940.6,56.8,-16,0.96,0,0.13,37,5.0119,1,-23
2026-08-29 02:22:00+00:00,80m,3.5700543,2E0FDM,IO81,51.5,-3.0,456.4,179.6,-18,0.66,0,0.39,23,0.1995,1,-11
2026-08-29 02:22:00+00:00,80m,3.5700176,<GD3MAN>,IO74QE,54.1875,-4.625,187.2,213.4,-23,0.19,0,0.27,23,0.1995,3,-16
2026-08-29 02:22:00+00:00,80m,3.5701104,DD3MS,JN59,49.5,11.0,1163.6,119.8,-13,0.24,0,0.26,20,0.1,1,-3
2026-08-29 02:24:00+00:00,80m,3.5700602,OZ7IT,JO65,55.5,13.0,1006.8,84.0,-7,0.41,0,0.37,37,5.0119,1,-14
2026-08-29 02:24:00+00:00,80m,3.5701104,<DD3MS>,JN59KV,49.895833,10.875,1128.3,118.4,-11,0.19,0,0.48,20,0.1,3,-1
2026-08-29 02:24:00+00:00,80m,3.5701227,G8LIK,IO93,53.5,-1.0,268.4,149.8,-22,0.37,0,0.18,23,0.1995,1,-15
2026-08-29 02:24:00+00:00,80m,3.5701502,G3OU,IO92,52.5,-1.0,370.0,158.1,11,0.24,0,0.45,43,19.9526,1,-2
2026-08-29 02:24:00+00:00,80m,3.5701794,EI0CF,IO65,55.5,-7.0,249.2,269.0,-4,0.58,1,0.46,23,0.1995,1,3
2026-08-29 02:26:00+00:00,40m,7.0401022,SP8KM,KO00,50.5,21.0,1693.9,99.5,-9,6.34,0,0.44,30,1.0,1,-9
2026-08-29 02:26:00+00:00,40m,7.0401532,HB9T,JN36,46.5,7.0,1229.2,141.2,-17,0.79,0,0.27,23,0.1995,1,-10
2026-08-29 02:26:00+00:00,40m,7.0401494,K2UFH,FN21,41.5,-75.0,5262.7,284.4,-16,0.19,0,0.32,27,0.5012,1,-13
2026-08-29 02:26:00+00:00,40m,7.040118,<IU0JJD>,JN61TP,41.645833,13.625,1966.6,135.1,-21,0.15,0,0.22,23,0.1995,3,-14
2026-08-29 02:26:00+00:00,40m,7.0400889,CT1ETM,IM58,38.5,-9.0,1953.0,195.6,0,0.54,0,0.73,37,5.0119,1,-7
2026-08-29 02:26:00+00:00,40m,7.040164,SA7RST,JO78,58.5,15.0,1133.7,66.1,-21,0.49,0,0.27,23,0.1995,1,-14
2026-08-29 02:26:00+00:00,40m,7.0400549,EA5RKP,IM99,39.5,-1.0,1797.0,174.3,-20,0.15,0,0.26,23,0.1995,1,-13
2026-08-29 02:26:00+00:00,40m,7.0400497,K1IRK,FN54,44.5,-69.0,4676.2,283.5,-16,0.66,0,0.32,30,1.0,1,-16
2026-08-29 02:26:00+00:00,40m,7.0400133,TI4JWC,EK70,10.5,-85.0,8541.6,269.4,-20,1.01,0,0.17,30,1.0,1,-20
2026-08-29 02:26:00+00:00,40m,7.040004,DB1IAT,JN48,48.5,9.0,1138.1,128.9,-20,1.01,0,0.31,30,1.0,1,-20
2026-08-29 02:26:00+00:00,40m,7.0400687,K3FZ,FN30,40.5,-73.0,5216.5,282.0,-14,0.54,0,0.38,40,10.0,1,-24
2026-08-29 02:28:00+00:00,30m,10.140183,IK6ZEW,JN72,42.5,15.0,1950.9,130.8,-16,0.19,0,0.4,20,0.1,1,-6
2026-08-29 02:28:00+00:00,30m,10.1402329,EA5RKP,IM99,39.5,-1.0,1797.0,174.3,-14,0.15,0,0.53,23,0.1995,1,-7
2026-08-29 02:28:00+00:00,30m,10.1401325,<EA6ANX>,JM19GM,39.520833,2.541667,1835.3,164.7,-21,0.45,0,0.33,23,0.1995,3,-14
2026-08-29 02:28:00+00:00,30m,10.1401622,DL6NL,JO50,50.5,11.0,1093.8,115.4,-24,1.39,0,0.22,20,0.1,1,-14
2026-08-29 02:34:00+00:00,160m,1.838106,GM4DTH,IO85,55.5,-3.0,11.9,167.2,-16,0.28,0,0.16,23,0.1995,1,-9
2026-08-29 02:34:00+00:00,160m,1.8381261,DL9ZY,JO30,50.5,7.0,877.5,126.1,-12,0.37,0,0.29,37,5.0119,1,-19
2026-08-29 02:40:00+00:00,160m,1.8381563,G4HSB,IO94,54.5,-1.0,178.8,132.5,5,0.49,1,0.32,23,0.1995,1,12
2026-08-29 02:42:00+00:00,80m,3.5701492,G3OU,IO92,52.5,-1.0,370.0,158.1,8,0.24,0,0.51,43,19.9526,1,-5
2026-08-29 02:42:00+00:00,80m,3.5701961,M0XDC,JO01,51.5,1.0,528.5,148.0,-7,0.37,0,0.33,37,5.0119,1,-14
2026-08-29 02:42:00+00:00,80m,3.5701851,G7WCI,IO91,51.5,-1.0,475.8,162.7,-15,0.79,0,0.14,23,0.1995,1,-8
2026-08-29 02:42:00+00:00,80m,3.5701764,GX2PLX,JO02,52.5,1.0,434.3,141.0,10,-0.53,0,0.62,43,19.9526,1,-3
2026-08-29 02:42:00+00:00,80m,3.5701589,G3JKF,JO00,50.5,1.0,628.3,152.9,-6,0.19,0,0.13,33,1.9953,1,-9
2026-08-29 02:42:00+00:00,80m,3.5701448,G3OU,IO92,52.5,-1.0,370.0,158.1,-4,0.19,0,0.17,43,19.9526,1,-17
2026-08-29 02:42:00+00:00,80m,3.5700438,<...>,JO70UB,50.0625,15.708333,1396.3,108.4,-14,0.11,0,0.18,23,0.1995,3,-7
2026-08-29 02:42:00+00:00,80m,3.5700956,EA6URP,JM19,39.5,3.0,1845.5,163.5,-8,0.58,0,0.26,23,0.1995,1,-1
2026-08-29 02:42:00+00:00,80m,3.5700914,DL4XJ,JO42,52.5,9.0,857.0,108.7,4,0.37,0,0.19,30,1.0,1,4
2026-08-29 02:42:00+00:00,80m,3.570053,M0JGH,IO91,51.5,-1.0,475.8,162.7,-9,0.88,0,0.52,23,0.1995,1,-2
2026-08-29 02:42:00+00:00,80m,3.5700234,DC7TU,JN49,49.5,9.0,1057.4,124.9,-6,4.63,0,0.26,33,1.9953,1,-9
2026-08-29 02:42:00+00:00,80m,3.5700992,G6UZT,IO82,52.5,-3.0,345.2,179.5,-15,0.45,0,0.17,33,1.9953,1,-18
2026-08-29 02:46:00+00:00,40m,7.0401298,<CT1ETL/1>,IM58OB,38.0625,-8.791667,1997.3,194.8,-8,0.37,0,0.43,37,5.0119,3,-15
2026-08-29 02:46:00+00:00,40m,7.0401628,W1EZ,FN42,42.5,-71.0,4943.5,282.6,-11,0.49,0,0.44,40,10.0,1,-21
2026-08-29 02:46:00+00:00,40m,7.0401019,SP8KM,KO00,50.5,21.0,1693.9,99.5,-6,6.3,0,0.54,30,1.0,1,-6
2026-08-29 02:46:00+00:00,40m,7.0401577,<W1/AJ8S>,FN44MF,44.229167,-70.958333,4814.9,284.5,-15,0.83,0,0.35,33,1.9953,3,-18
2026-08-29 02:46:00+00:00,40m,7.040071,K3FZ,FN30,40.5,-73.0,5216.5,282.0,-14,0.45,0,0.44,40,10.0,1,-24
2026-08-29 02:46:00+00:00,40m,7.0400298,EA6URP,JM19,39.5,3.0,1845.5,163.5,-15,0.62,0,0.31,23,0.1995,1,-8
2026-08-29 02:46:00+00:00,40m,7.040014,TI4JWC,EK70,10.5,-85.0,8541.6,269.4,-23,1.13,0,0.13,30,1.0,1,-23
2026-08-29 02:46:00+00:00,40m,7.0400848,<...>,JO70UB,50.0625,15.708333,1396.3,108.4,-9,0.07,0,0.65,23,0.1995,3,-2
2026-08-29 02:48:00+00:00,30m,10.1400976,EA5RKP,IM99,39.5,-1.0,1797.0,174.3,-15,0.11,0,0.39,23,0.1995,1,-8
2026-08-29 02:48:00+00:00,30m,10.1401869,<CT1ETM>,IM58KR,38.729167,-9.125,1930.1,196.1,-1,0.41,0,0.47,37,5.0119,3,-8
2026-08-29 02:54:00+00:00,80m,3.5701518,OZ1DEO,JO55,55.5,11.0,881.8,84.9,-20,-1.6,0,0.18,30,1.0,1,-20
2026-08-29 02:54:00+00:00,80m,3.5701073,LA4PGA,JP50,60.5,11.0,986.3,50.8,-14,0.15,0,0.18,23,0.1995,1,-7
2026-08-29 02:54:00+00:00,80m,3.5701027,EA6URP,JM19,39.5,3.0,1845.5,163.5,-12,0.58,0,0.27,23,0.1995,1,-5
2026-08-29 02:54:00+00:00,80m,3.5700594,EI7HZB,IO65,55.5,-7.0,249.2,269.0,-10,0.54,0,0.33,23,0.1995,1,-3
2026-08-29 02:54:00+00:00,80m,3.5700534,M0JGH,IO91,51.5,-1.0,475.8,162.7,-4,0.79,0,0.55,23,0.1995,1,3
2026-08-29 02:54:00+00:00,80m,3.5700943,GM7FIE,IO85,55.5,-3.0,11.9,167.2,-9,0.15,0,0.53,23,0.1995,1,-2
2026-08-29 03:00:00+00:00,160m,1.8381299,G4HSB,IO94,54.5,-1.0,178.8,132.5,0,0.54,0,0.53,23,0.1995,1,7
2026-08-29 03:02:00+00:00,80m,3.5701186,2E0FDM,IO81,51.5,-3.0,456.4,179.6,-15,0.62,0,0.51,23,0.1995,1,-8
2026-08-29 03:02:00+00:00,80m,3.5701588,G3JKF,JO00,50.5,1.0,628.3,152.9,-1,0.11,0,0.5,33,1.9953,1,-4
2026-08-29 03:02:00+00:00,80m,3.5701557,PI4CC,JO21,51.5,5.0,699.6,127.4,-2,0.11,0,0.37,17,0.0501,1,11
2026-08-29 03:02:00+00:00,80m,3.5701391,PE1AHJ,JO32,52.5,7.0,739.9,113.6,-24,-0.02,0,0.16,10,0.01,1,-4
2026-08-29 03:02:00+00:00,80m,3.5702019,M0OLS,IO81,51.5,-3.0,456.4,179.6,-23,0.45,0,0.32,23,0.1995,1,-16
2026-08-29 03:02:00+00:00,80m,3.5700895,PA5CA,JO32,52.5,7.0,739.9,113.6,-16,0.07,0,0.25,10,0.01,1,4
2026-08-29 03:02:00+00:00,80m,3.5700563,PC2A,JO21,51.5,5.0,699.6,127.4,-3,0.28,0,0.47,17,0.0501,1,10
2026-08-29 03:02:00+00:00,80m,3.5700691,G7WCI,IO91,51.5,-1.0,475.8,162.7,-26,0.66,0,0.16,23,0.1995,1,-19
2026-08-29 03:02:00+00:00,80m,3.5700533,M0JGH,IO91,51.5,-1.0,475.8,162.7,-5,0.83,0,0.29,23,0.1995,1,2
2026-08-29 03:02:00+00:00,80m,3.5700193,G7WCI,IO91,51.5,-1.0,475.8,162.7,-16,0.71,0,0.45,23,0.1995,1,-9
2026-08-29 03:02:00+00:00,80m,3.5700044,GM4DTH,IO85,55.5,-3.0,11.9,167.2,-22,0.19,0,0.32,23,0.1995,1,-15
2026-08-29 03:02:00+00:00,80m,3.5700887,CT1ETM,IM58,38.5,-9.0,1953.0,195.6,-22,0.37,0,0.13,37,5.0119,1,-29
2026-08-29 03:04:00+00:00,80m,3.57003,G4UJS,IO82,52.5,-3.0,345.2,179.5,-6,0.66,0,0.56,23,0.1995,1,1
2026-08-29 03:04:00+00:00,80m,3.5700575,GM0PXV,IO85,55.5,-3.0,11.9,167.2,-4,0.15,0,0.42,23,0.1995,1,3
2026-08-29 03:04:00+00:00,80m,3.5701007,HA7AA,JN97,47.5,19.0,1759.2,111.6,-24,0.37,0,0.16,23,0.1995,1,-17
2026-08-29 03:04:00+00:00,80m,3.5701221,G8LIK,IO93,53.5,-1.0,268.4,149.8,-25,0.32,0,0.16,23,0.1995,1,-18
2026-08-29 03:04:00+00:00,80m,3.5701455,GM8HHC,IO85,55.5,-3.0,11.9,167.2,-23,0.24,0,0.21,23,0.1995,1,-16
2026-08-29 03:04:00+00:00,80m,3.5701718,VE2FU,FN46,46.5,-71.0,4657.5,287.1,-25,0.37,0,0.15,23,0.1995,1,-18
2026-08-29 03:06:00+00:00,40m,7.0401449,SR9KRT,KN09,49.5,21.0,1750.2,102.7,-14,0.15,0,0.52,3,0.002,1,13
2026-08-29 03:06:00+00:00,40m,7.0401546,F1JSC,JN03,43.5,1.0,1376.5,166.2,-12,0.24,0,0.55,33,1.9953,1,-15
2026-08-29 03:06:00+00:00,40m,7.0401018,SP8KM,KO00,50.5,21.0,1693.9,99.5,-8,6.21,0,0.6,30,1.0,1,-8
2026-08-29 03:06:00+00:00,40m,7.0401884,CS5WB,IM68,38.5,-7.0,1924.6,190.5,-25,0.02,0,0.25,23,0.1995,1,-18
2026-08-29 03:06:00+00:00,40m,7.0400521,K1IRK,FN54,44.5,-69.0,4676.2,283.5,-24,0.45,-1,0.21,30,1.0,1,-24
2026-08-29 03:06:00+00:00,40m,7.0400148,TI4JWC,EK70,10.5,-85.0,8541.6,269.4,-25,1.13,0,0.23,30,1.0,1,-25
2026-08-29 03:06:00+00:00,40m,7.0400034,EA5RKP,IM99,39.5,-1.0,1797.0,174.3,-33,0.02,0,0.16,23,0.1995,1,-26
2026-08-29 03:06:00+00:00,40m,7.0400948,<IU0JJD>,JN61TP,41.645833,13.625,1966.6,135.1,-22,0.11,0,0.16,23,0.1995,3,-15
2026-08-29 03:08:00+00:00,30m,10.1402365,CT1ETL/1,,,,,,-6,0.37,0,0.52,37,5.0119,2,-13
2026-08-29 03:08:00+00:00,30m,10.1402998,CT7AMG,IM58,38.5,-9.0,1953.0,195.6,-21,0.11,0,0.29,23,0.1995,1,-14
2026-08-29 03:16:00+00:00,160m,1.8380156,EI0CF,IO65,55.5,-7.0,249.2,269.0,-15,0.37,0,0.24,23,0.1995,1,-8
2026-08-29 03:20:00+00:00,160m,1.8380629,G4HSB,IO94,54.5,-1.0,178.8,132.5,2,0.49,0,0.77,23,0.1995,1,9
2026-08-29 03:22:00+00:00,80m,3.5701957,LA4PGA,JP50,60.5,11.0,986.3,50.8,-11,0.07,0,0.57,23,0.1995,1,-4
2026-08-29 03:22:00+00:00,80m,3.5701779,DD3MS,JN59,49.5,11.0,1163.6,119.8,-10,0.07,0,0.48,20,0.1,1,0
2026-08-29 03:22:00+00:00,80m,3.5701592,G3JKF,JO00,50.5,1.0,628.3,152.9,1,0.24,0,0.56,33,1.9953,1,-2
2026-08-29 03:22:00+00:00,80m,3.5701174,G7WCI,IO91,51.5,-1.0,475.8,162.7,-15,0.75,0,0.26,23,0.1995,1,-8
2026-08-29 03:22:00+00:00,80m,3.570132,G4LEN,IO81,51.5,-3.0,456.4,179.6,10,-1.9,0,0.69,37,5.0119,1,3
2026-08-29 03:22:00+00:00,80m,3.5700924,DL4XJ,JO42,52.5,9.0,857.0,108.7,1,0.19,0,0.59,30,1.0,1,1
2026-08-29 03:22:00+00:00,80m,3.5700665,EI7II,IO51,51.5,-9.0,602.2,223.2,-6,0.66,0,0.55,23,0.1995,1,1
2026-08-29 03:22:00+00:00,80m,3.5700374,<EI4GXB>,IO52QQ,52.6875,-8.625,487.0,230.6,-23,0.02,0,0.25,23,0.1995,3,-16
2026-08-29 03:22:00+00:00,80m,3.5700176,G7WCI,IO91,51.5,-1.0,475.8,162.7,-33,0.66,0,0.17,23,0.1995,1,-26
2026-08-29 03:22:00+00:00,80m,3.5700997,G6UZT,IO82,52.5,-3.0,345.2,179.5,-11,0.24,0,0.42,33,1.9953,1,-14
2026-08-29 03:24:00+00:00,40m,7.040002,IU0JJD,JN61,41.5,13.0,1953.0,136.7,-16,0.02,0,0.32,23,0.1995,1,-9
2026-08-29 03:24:00+00:00,40m,7.0400147,TI4JWC,EK70,10.5,-85.0,8541.6,269.4,-19,1.22,0,0.32,30,1.0,1,-19
2026-08-29 03:24:00+00:00,40m,7.0400287,EA5UV,IM99,39.5,-1.0,1797.0,174.3,-11,0.07,0,0.61,23,0.1995,1,-4
2026-08-29 03:24:00+00:00,40m,7.0400522,<EA6URP>,JM19IN,39.5625,2.708333,1833.6,164.2,-13,0.54,0,0.58,23,0.1995,3,-6
2026-08-29 03:24:00+00:00,40m,7.0400657,I0LYO,JN52,42.5,11.0,1773.3,139.4,-23,2.67,0,0.18,23,0.1995,1,-16
2026-08-29 03:24:00+00:00,40m,7.0400729,N4SRN,FM26,36.5,-75.0,5653.4,279.7,-23,0.37,1,0.13,37,5.0119,1,-30
2026-08-29 03:24:00+00:00,40m,7.0400854,YO6FNF,KN25,45.5,25.0,2255.1,108.1,-18,-0.23,0,0.29,20,0.1,1,-8
2026-08-29 03:26:00+00:00,40m,7.0401313,<CT1ETL/1>,IM58OB,38.0625,-8.791667,1997.3,194.8,-17,0.32,0,0.36,37,5.0119,3,-24
2026-08-29 03:26:00+00:00,40m,7.0401801,EA5RKP,IM99,39.5,-1.0,1797.0,174.3,-32,0.07,0,0.15,23,0.1995,1,-25
2026-08-29 03:26:00+00:00,40m,7.0401545,F1JSC,JN03,43.5,1.0,1376.5,166.2,-16,0.28,0,0.49,33,1.9953,1,-19
2026-08-29 03:26:00+00:00,40m,7.0401027,SP8KM,KO00,50.5,21.0,1693.9,99.5,-9,6.17,2,0.38,30,1.0,1,-9
2026-08-29 03:26:00+00:00,40m,7.0400818,I0LYO,JN52,42.5,11.0,1773.3,139.4,-23,5.49,0,0.22,23,0.1995,1,-16
2026-08-29 03:26:00+00:00,40m,7.0400515,K1IRK,FN54,44.5,-69.0,4676.2,283.5,-17,0.62,-1,0.47,30,1.0,1,-17
2026-08-29 03:26:00+00:00,40m,7.0400147,TI4JWC,EK70,10.5,-85.0,8541.6,269.4,-19,1.3,0,0.14,30,1.0,1,-19
2026-08-29 03:26:00+00:00,40m,7.0400022,<IU0JJD>,JN61TP,41.645833,13.625,1966.6,135.1,-21,-0.02,0,0.32,23,0.1995,3,-14
2026-08-29 03:26:00+00:00,40m,7.040099,WL7BHJ,EM66,36.5,-87.0,6383.8,288.4,-18,0.11,0,0.26,23,0.1995,1,-11
2026-08-29 03:28:00+00:00,30m,10.1401143,TI4JWC,EK70,10.5,-85.0,8541.6,269.4,-25,0.79,0,0.19,30,1.0,1,-25
2026-08-29 03:36:00+00:00,160m,1.8380549,<...>,IO82WL,52.479167,-2.125,352.6,169.9,-11,1.13,0,0.47,37,5.0119,3,-18
2026-08-29 03:36:00+00:00,160m,1.8381264,DL9ZY,JO30,50.5,7.0,877.5,126.1,-6,0.28,0,0.5,37,5.0119,1,-13
2026-08-29 03:36:00+00:00,160m,1.8381562,EI0CF,IO65,55.5,-7.0,249.2,269.0,-18,0.37,0,0.38,23,0.1995,1,-11
2026-08-29 03:40:00+00:00,160m,1.8379989,G4HSB,IO94,54.5,-1.0,178.8,132.5,6,0.49,0,0.67,23,0.1995,1,13
2026-08-29 03:42:00+00:00,80m,3.5700879,2E0FDM,IO81,51.5,-3.0,456.4,179.6,-17,0.71,0,0.28,23,0.1995,1,-10
2026-08-29 03:42:00+00:00,80m,3.5701592,G3JKF,JO00,50.5,1.0,628.3,152.9,-1,0.19,0,0.52,33,1.9953,1,-4
2026-08-29 03:42:00+00:00,80m,3.570153,F4WFT,IN98,48.5,-1.0,802.1,169.2,-7,0.24,0,0.43,23,0.1995,1,0
2026-08-29 03:42:00+00:00,80m,3.5701321,G4LEN,IO81,51.5,-3.0,456.4,179.6,6,-1.9,0,0.69,37,5.0119,1,-1
2026-08-29 03:42:00+00:00,80m,3.570125,EA6URP,JM19,39.5,3.0,1845.5,163.5,-13,0.45,0,0.16,23,0.1995,1,-6
2026-08-29 03:42:00+00:00,80m,3.5701186,DL2TT,JO31,51.5,7.0,804.0,120.4,-10,-0.02,0,0.22,23,0.1995,1,-3
2026-08-29 03:42:00+00:00,80m,3.5701005,OZ2JBR,JO65,55.5,13.0,1006.8,84.0,-6,0.24,0,0.4,37,5.0119,1,-13
2026-08-29 03:42:00+00:00,80m,3.5700592,<EI7HZB>,IO65FB,55.0625,-7.541667,290.9,259.9,-4,0.45,0,0.55,23,0.1995,3,3
2026-08-29 03:42:00+00:00,80m,3.5700894,<CT1ETM>,IM58KR,38.729167,-9.125,1930.1,196.1,-8,0.41,0,0.32,37,5.0119,3,-15
2026-08-29 03:42:00+00:00,80m,3.5700632,GM7FIE,IO85,55.5,-3.0,11.9,167.2,-13,0.19,1,0.18,23,0.1995,1,-6
2026-08-29 03:42:00+00:00,80m,3.5701634,W1EZ,FN42,42.5,-71.0,4943.5,282.6,-10,0.45,0,0.21,40,10.0,1,-20
2026-08-29 03:42:00+00:00,80m,3.5700391,KK1D,FN31,41.5,-73.0,5140.6,283.0,-20,0.37,0,0.22,30,1.0,1,-20
2026-08-29 03:42:00+00:00,80m,3.5700297,G7WCI,IO91,51.5,-1.0,475.8,162.7,-19,0.62,0,0.35,23,0.1995,1,-12
2026-08-29 03:42:00+00:00,80m,3.5700996,G6UZT,IO82,52.5,-3.0,345.2,179.5,-15,0.28,0,0.17,33,1.9953,1,-18
2026-08-29 03:42:00+00:00,80m,3.5701913,G1MUM,IO91,51.5,-1.0,475.8,162.7,-25,0.28,0,0.18,17,0.0501,1,-12
2026-08-29 03:46:00+00:00,40m,7.0401193,I0LYO,JN52,42.5,11.0,1773.3,139.4,-22,2.37,0,0.16,23,0.1995,1,-15
2026-08-29 03:46:00+00:00,40m,7.0401642,W1EZ,FN42,42.5,-71.0,4943.5,282.6,-16,0.49,0,0.25,40,10.0,1,-26
2026-08-29 03:46:00+00:00,40m,7.0401069,EA6URP,JM19,39.5,3.0,1845.5,163.5,-7,0.54,0,0.61,23,0.1995,1,0
2026-08-29 03:46:00+00:00,40m,7.0401725,K2UFH,FN21,41.5,-75.0,5262.7,284.4,-23,0.11,0,0.18,27,0.5012,1,-20
2026-08-29 03:46:00+00:00,40m,7.0400237,VE9IT,FN66,46.5,-67.0,4415.8,284.5,-18,1.05,0,0.4,27,0.5012,1,-15
2026-08-29 03:46:00+00:00,40m,7.0400141,TI4JWC,EK70,10.5,-85.0,8541.6,269.4,-21,0.66,0,0.21,30,1.0,1,-21
2026-08-29 03:46:00+00:00,40m,7.0400523,K1IRK,FN54,44.5,-69.0,4676.2,283.5,-17,0.62,0,0.42,30,1.0,1,-17
2026-08-29 03:48:00+00:00,30m,10.1402546,F1JSC,JN03,43.5,1.0,1376.5,166.2,-28,0.32,0,0.15,33,1.9953,1,-31
2026-08-29 03:56:00+00:00,160m,1.8380719,EI0CF,IO65,55.5,-7.0,249.2,269.0,-12,0.28,0,0.54,23,0.1995,1,-5
2026-08-29 04:00:00+00:00,160m,1.8380651,G4HSB,IO94,54.5,-1.0,178.8,132.5,2,0.41,0,0.68,23,0.1995,1,9
2026-08-29 04:02:00+00:00,80m,3.5701596,G3JKF,JO00,50.5,1.0,628.3,152.9,5,0.07,0,0.4,33,1.9953,1,2
2026-08-29 04:02:00+00:00,80m,3.5701559,PI4CC,JO21,51.5,5.0,699.6,127.4,-6,0.11,0,0.23,17,0.0501,1,7
2026-08-29 04:02:00+00:00,80m,3.5701541,GX2PLX,JO02,52.5,1.0,434.3,141.0,10,-0.66,0,0.48,43,19.9526,1,-3
2026-08-29 04:02:00+00:00,80m,3.5701007,OZ4JJ,JO56,56.5,11.0,876.0,77.7,-23,0.02,0,0.18,13,0.02,1,-6
2026-08-29 04:02:00+00:00,80m,3.570093,DL4XJ,JO42,52.5,9.0,857.0,108.7,-2,0.24,0,0.4,30,1.0,1,-2
2026-08-29 04:02:00+00:00,80m,3.5702018,G7WCI,IO91,51.5,-1.0,475.8,162.7,-28,0.71,0,0.14,23,0.1995,1,-21
2026-08-29 04:02:00+00:00,80m,3.5700692,G1MUM,IO91,51.5,-1.0,475.8,162.7,-24,0.37,0,0.12,17,0.0501,1,-11
2026-08-29 04:02:00+00:00,80m,3.5700568,PC2A,JO21,51.5,5.0,699.6,127.4,-5,0.19,0,0.6,17,0.0501,1,8
2026-08-29 04:02:00+00:00,80m,3.5700483,<...>,JO70UB,50.0625,15.708333,1396.3,108.4,-12,-0.02,0,0.38,23,0.1995,3,-5
2026-08-29 04:02:00+00:00,80m,3.5700299,PE1AHJ,JO32,52.5,7.0,739.9,113.6,-29,0.02,0,0.17,10,0.01,1,-9
2026-08-29 04:02:00+00:00,80m,3.5700211,2E0FDM,IO81,51.5,-3.0,456.4,179.6,-23,0.58,0,0.35,23,0.1995,1,-16
2026-08-29 04:02:00+00:00,80m,3.5700771,<GM0PXV>,IO85IW,55.9375,-3.291667,40.2,337.2,-6,-0.02,0,0.39,23,0.1995,3,1
2026-08-29 04:06:00+00:00,40m,7.0399999,I0LYO,JN52,42.5,11.0,1773.3,139.4,-20,0.19,0,0.33,23,0.1995,1,-13
2026-08-29 04:06:00+00:00,40m,7.0400338,EA5RKP,IM99,39.5,-1.0,1797.0,174.3,-26,-0.06,0,0.19,23,0.1995,1,-19
2026-08-29 04:06:00+00:00,40m,7.0401305,CT1ETL/1,,,,,,-26,0.32,0,0.19,37,5.0119,2,-33
2026-08-29 04:06:00+00:00,40m,7.0401638,W1EZ,FN42,42.5,-71.0,4943.5,282.6,-17,0.54,0,0.41,40,10.0,1,-27
2026-08-29 04:06:00+00:00,40m,7.0401904,<IU0JJD>,JN61TP,41.645833,13.625,1966.6,135.1,-20,-0.02,0,0.35,23,0.1995,3,-13
2026-08-29 04:08:00+00:00,30m,10.140193,HP1GDP,FJ09,9.5,-79.0,8256.7,263.8,-25,0.62,0,0.16,23,0.1995,1,-18
2026-08-29 04:08:00+00:00,30m,10.1401139,TI4JWC,EK70,10.5,-85.0,8541.6,269.4,-28,0.96,0,0.16,30,1.0,1,-28
2026-08-29 04:14:00+00:00,160m,1.8380307,GM4DTH,IO85,55.5,-3.0,11.9,167.2,-31,0.02,0,0.3,23,0.1995,1,-24
2026-08-29 04:14:00+00:00,160m,1.8381268,DL9ZY,JO30,50.5,7.0,877.5,126.1,-10,0.24,0,0.47,37,5.0119,1,-17
2026-08-29 04:16:00+00:00,80m,3.5700968,VE1BLL,FN84,44.5,-63.0,4306.9,279.3,-21,0.32,0,0.13,23,0.1995,1,-14
2026-08-29 04:16:00+00:00,80m,3.5701224,OK1BF,JO70,50.5,15.0,1327.6,107.8,-7,0.07,0,0.35,23,0.1995,1,0
2026-08-29 04:20:00+00:00,160m,1.8381271,DL9ZY,JO30,50.5,7.0,877.5,126.1,-21,0.15,0,0.2,37,5.0119,1,-28
2026-08-29 04:20:00+00:00,160m,1.8381861,G4HSB,IO94,54.5,-1.0,178.8,132.5,-1,0.37,0,0.57,23,0.1995,1,6
2026-08-29 04:22:00+00:00,80m,3.5702006,DD3MS,JN59,49.5,11.0,1163.6,119.8,-19,0.07,0,0.17,20,0.1,1,-9
2026-08-29 04:22:00+00:00,80m,3.570197,M0XDC,JO01,51.5,1.0,528.5,148.0,-2,0.19,-1,0.29,37,5.0119,1,-9
2026-08-29 04:22:00+00:00,80m,3.5701877,2E0FDM,IO81,51.5,-3.0,456.4,179.6,-12,0.54,0,0.4,23,0.1995,1,-5
2026-08-29 04:22:00+00:00,80m,3.5701653,W1EZ,FN42,42.5,-71.0,4943.5,282.6,-11,0.15,0,0.16,40,10.0,1,-21
2026-08-29 04:22:00+00:00,80m,3.5701623,SA7CND,JO76,56.5,15.0,1121.5,77.5,-5,0.07,0,0.42,20,0.1,1,5
2026-08-29 04:22:00+00:00,80m,3.5700243,DC7TU,JN49,49.5,9.0,1057.4,124.9,-4,4.46,0,0.55,33,1.9953,1,-7
2026-08-29 04:22:00+00:00,80m,3.5701011,OZ2JBR,JO65,55.5,13.0,1006.8,84.0,-12,0.19,1,0.24,37,5.0119,1,-19
2026-08-29 04:22:00+00:00,80m,3.5700932,DL4XJ,JO42,52.5,9.0,857.0,108.7,0,0.24,0,0.38,30,1.0,1,0
2026-08-29 04:22:00+00:00,80m,3.5700764,OE7XZB,JN57,47.5,11.0,1320.1,127.2,-23,0.02,0,0.17,23,0.1995,1,-16
2026-08-29 04:22:00+00:00,80m,3.5700405,KK1D,FN31,41.5,-73.0,5140.6,283.0,-22,0.41,0,0.2,30,1.0,1,-22
2026-08-29 04:22:00+00:00,80m,3.5701593,G3JKF,JO00,50.5,1.0,628.3,152.9,-1,0.02,0,0.54,33,1.9953,1,-4
2026-08-29 04:26:00+00:00,40m,7.0400105,CS5WB,IM68,38.5,-7.0,1924.6,190.5,-26,0.19,0,0.18,23,0.1995,1,-19
2026-08-29 04:26:00+00:00,40m,7.040047,PZ5JW,GJ25,5.5,-55.0,7206.7,240.0,-23,0.37,0,0.25,23,0.1995,1,-16
2026-08-29 04:26:00+00:00,40m,7.0400963,I0LYO,JN52,42.5,11.0,1773.3,139.4,-19,0.37,0,0.2,23,0.1995,1,-12
2026-08-29 04:26:00+00:00,40m,7.0401026,SP8KM,KO00,50.5,21.0,1693.9,99.5,-3,6.21,0,0.75,30,1.0,1,-3
2026-08-29 04:26:00+00:00,40m,7.0401315,SR9KRT,KN09,49.5,21.0,1750.2,102.7,-19,-0.02,0,0.24,3,0.002,1,8
2026-08-29 04:26:00+00:00,40m,7.0401329,<CT1ETL/1>,IM58OB,38.0625,-8.791667,1997.3,194.8,-9,0.37,0,0.51,37,5.0119,3,-16
2026-08-29 04:26:00+00:00,40m,7.0401369,F6EGX,JN35,45.5,7.0,1325.8,143.7,-21,0.19,0,0.16,37,5.0119,1,-28
2026-08-29 04:26:00+00:00,40m,7.0401523,EA5RKP,IM99,39.5,-1.0,1797.0,174.3,-23,0.11,0,0.21,23,0.1995,1,-16
2026-08-29 04:28:00+00:00,30m,10.1402349,HP1GDP,FJ09,9.5,-79.0,8256.7,263.8,-25,0.45,0,0.16,23,0.1995,1,-18
2026-08-29 04:34:00+00:00,160m,1.8380128,GM4DTH,IO85,55.5,-3.0,11.9,167.2,-28,-0.06,0,0.21,23,0.1995,1,-21
2026-08-29 04:36:00+00:00,80m,3.5700171,G7UJY,IO93,53.5,-1.0,268.4,149.8,-11,1.22,1,0.4,23,0.1995,1,-4
2026-08-29 04:36:00+00:00,80m,3.5700426,<...>,IO81IA,51.020833,-3.291667,509.9,182.0,-19,0.45,0,0.27,23,0.1995,3,-12
2026-08-29 04:36:00+00:00,80m,3.5700544,M0JGH,IO91,51.5,-1.0,475.8,162.7,-3,0.71,0,0.63,23,0.1995,1,4
2026-08-29 04:36:00+00:00,80m,3.5701252,EI0CF,IO65,55.5,-7.0,249.2,269.0,-12,0.28,0,0.33,23,0.1995,1,-5
2026-08-29 04:36:00+00:00,80m,3.5701266,DL1FX,JN49,49.5,9.0,1057.4,124.9,-6,0.11,0,0.3,23,0.1995,1,1
2026-08-29 04:36:00+00:00,80m,3.5701521,HB9AK,JN36,46.5,7.0,1229.2,141.2,-12,0.28,2,0.21,23,0.1995,1,-5
2026-08-29 04:40:00+00:00,160m,1.8381102,<CT1ETL/1>,IM58OB,38.0625,-8.791667,1997.3,194.8,-15,0.62,0,0.23,33,1.9953,3,-18
2026-08-29 04:40:00+00:00,160m,1.8381305,G4HSB,IO94,54.5,-1.0,178.8,132.5,6,0.41,0,0.76,23,0.1995,1,13
2026-08-29 04:42:00+00:00,80m,3.5701974,M0XDC,JO01,51.5,1.0,528.5,148.0,-3,0.28,0,0.54,37,5.0119,1,-10
2026-08-29 04:42:00+00:00,80m,3.5701703,G1MUM,IO91,51.5,-1.0,475.8,162.7,-23,0.02,0,0.14,17,0.0501,1,-10
2026-08-29 04:42:00+00:00,80m,3.5701603,G3JKF,JO00,50.5,1.0,628.3,152.9,-4,0.24,0,0.31,33,1.9953,1,-7
2026-08-29 04:42:00+00:00,80m,3.5701543,F4WFT,IN98,48.5,-1.0,802.1,169.2,-5,0.28,0,0.25,23,0.1995,1,2
2026-08-29 04:42:00+00:00,80m,3.5701901,EI7II,IO51,51.5,-9.0,602.2,223.2,-6,0.58,0,0.49,23,0.1995,1,1
2026-08-29 04:42:00+00:00,80m,3.5701,EA6URP,JM19,39.5,3.0,1845.5,163.5,-16,0.37,0,0.13,23,0.1995,1,-9
2026-08-29 04:42:00+00:00,80m,3.5700175,G7WCI,IO91,51.5,-1.0,475.8,162.7,-22,0.54,0,0.33,23,0.1995,1,-15
2026-08-29 04:42:00+00:00,80m,3.570133,<G4LEN>,IO81UT,51.8125,-2.291667,424.5,173.0,12,-1.9,0,0.64,37,5.0119,3,5
2026-08-29 04:42:00+00:00,80m,3.5700898,2E0FDM,IO81,51.5,-3.0,456.4,179.6,-12,0.54,0,0.45,23,0.1995,1,-5
2026-08-29 04:42:00+00:00,80m,3.5700403,KK1D,FN31,41.5,-73.0,5140.6,283.0,-21,0.37,0,0.26,30,1.0,1,-21
2026-08-29 04:44:00+00:00,80m,3.5700576,PC2A,JO21,51.5,5.0,699.6,127.4,-4,0.19,0,0.27,17,0.0501,1,9
2026-08-29 04:44:00+00:00,80m,3.5700676,CT1BAT,IN50,40.5,-9.0,1735.3,197.1,-23,0.37,0,0.13,0,0.001,1,7
2026-08-29 04:44:00+00:00,80m,3.5701234,G8LIK,IO93,53.5,-1.0,268.4,149.8,-24,0.28,0,0.18,23,0.1995,1,-17
2026-08-29 04:44:00+00:00,80m,3.5701568,PI4CC,JO21,51.5,5.0,699.6,127.4,-6,0.24,0,0.29,17,0.0501,1,7
2026-08-29 04:44:00+00:00,80m,3.5701787,G4HSB,IO94,54.5,-1.0,178.8,132.5,13,0.11,0,0.5,23,0.1995,1,20
2026-08-29 04:44:00+00:00,80m,3.5701829,G4HSB,IO94,54.5,-1.0,178.8,132.5,-2,0.07,0,0.29,23,0.1995,1,5
2026-08-29 04:46:00+00:00,40m,7.040159,W1/AJ8S,,,,,,-20,0.79,0,0.26,33,1.9953,2,-23
2026-08-29 04:46:00+00:00,40m,7.0401369,F6EGX,JN35,45.5,7.0,1325.8,143.7,-17,0.28,0,0.41,37,5.0119,1,-24
2026-08-29 04:46:00+00:00,40m,7.0401057,N4TRB,EM73,33.5,-85.0,6513.6,284.6,-22,0.88,-1,0.12,33,1.9953,1,-25
2026-08-29 04:46:00+00:00,40m,7.0400763,EA6ANX,JM19,39.5,3.0,1845.5,163.5,-18,0.32,0,0.3,23,0.1995,1,-11
2026-08-29 04:46:00+00:00,40m,7.040073,EA6URP,JM19,39.5,3.0,1845.5,163.5,-18,0.54,0,0.35,23,0.1995,1,-11
2026-08-29 04:46:00+00:00,40m,7.0400498,EA5RKP,IM99,39.5,-1.0,1797.0,174.3,-19,0.07,0,0.34,23,0.1995,1,-12
2026-08-29 04:46:00+00:00,40m,7.0400297,VE9IT,FN66,46.5,-67.0,4415.8,284.5,-15,1.13,0,0.52,27,0.5012,1,-12
2026-08-29 04:46:00+00:00,40m,7.0400162,WA1RAJ,FN42,42.5,-71.0,4943.5,282.6,-18,0.28,-1,0.31,37,5.0119,1,-25
2026-08-29 04:48:00+00:00,30m,10.1401151,TI4JWC,EK70,10.5,-85.0,8541.6,269.4,-25,1.22,0,0.22,30,1.0,1,-25
2026-08-29 04:56:00+00:00,160m,1.8381909,EI0CF,IO65,55.5,-7.0,249.2,269.0,-12,0.32,0,0.25,23,0.1995,1,-5
2026-08-29 05:00:00+00:00,160m,1.8380063,G4HSB,IO94,54.5,-1.0,178.8,132.5,-4,0.37,0,0.71,23,0.1995,1,3
2026-08-29 05:02:00+00:00,80m,3.5701652,G7UJY,IO93,53.5,-1.0,268.4,149.8,-4,1.3,1,0.52,23,0.1995,1,3
2026-08-29 05:02:00+00:00,80m,3.5701564,PI4CC,JO21,51.5,5.0,699.6,127.4,-2,0.15,0,0.35,17,0.0501,1,11
2026-08-29 05:02:00+00:00,80m,3.5701504,G3OU,IO92,52.5,-1.0,370.0,158.1,8,0.07,0,0.45,43,19.9526,1,-5
2026-08-29 05:02:00+00:00,80m,3.5701457,GM7FIE,IO85,55.5,-3.0,11.9,167.2,-8,0.15,0,0.23,23,0.1995,1,-1
2026-08-29 05:02:00+00:00,80m,3.5701357,G7WCI,IO91,51.5,-1.0,475.8,162.7,-17,0.54,0,0.18,23,0.1995,1,-10
2026-08-29 05:02:00+00:00,80m,3.5701594,G3JKF,JO00,50.5,1.0,628.3,152.9,-1,0.15,0,0.36,33,1.9953,1,-4
2026-08-29 05:02:00+00:00,80m,3.5700997,CS5WB,IM68,38.5,-7.0,1924.6,190.5,-20,0.07,0,0.29,23,0.1995,1,-13
2026-08-29 05:02:00+00:00,80m,3.5700892,<CT1ETM>,IM58KR,38.729167,-9.125,1930.1,196.1,-18,0.41,0,0.3,37,5.0119,3,-25
2026-08-29 05:02:00+00:00,80m,3.570057,PC2A,JO21,51.5,5.0,699.6,127.4,-4,0.19,0,0.54,17,0.0501,1,9
2026-08-29 05:02:00+00:00,80m,3.570054,M0JGH,IO91,51.5,-1.0,475.8,162.7,-11,0.75,0,0.44,23,0.1995,1,-4
2026-08-29 05:02:00+00:00,80m,3.5701143,2E0FDM,IO81,51.5,-3.0,456.4,179.6,-22,0.49,0,0.21,23,0.1995,1,-15
2026-08-29 05:06:00+00:00,40m,7.0401042,N4TRB,EM73,33.5,-85.0,6513.6,284.6,-25,0.92,-2,0.16,33,1.9953,1,-28
2026-08-29 05:06:00+00:00,40m,7.0400352,DP0GVN,IB59,-70.5,-9.0,14030.2,182.5,-15,-0.74,0,0.18,37,5.0119,1,-22
2026-08-29 05:06:00+00:00,40m,7.0399945,EA5RKP,IM99,39.5,-1.0,1797.0,174.3,-27,0.02,0,0.15,23,0.1995,1,-20
2026-08-29 05:06:00+00:00,40m,7.0400153,TI4JWC,EK70,10.5,-85.0,8541.6,269.4,-23,1.3,0,0.16,30,1.0,1,-23
2026-08-29 05:08:00+00:00,30m,10.1401151,TI4JWC,EK70,10.5,-85.0,8541.6,269.4,-26,0.79,0,0.18,30,1.0,1,-26
2026-08-29 05:14:00+00:00,80m,3.5700254,G4HSB,IO94,54.5,-1.0,178.8,132.5,13,0.07,0,0.73,23,0.1995,1,20
2026-08-29 05:14:00+00:00,80m,3.5700268,EI7II,IO51,51.5,-9.0,602.2,223.2,-4,0.66,0,0.19,23,0.1995,1,3
2026-08-29 05:14:00+00:00,80m,3.5700556,PC2A,JO21,51.5,5.0,699.6,127.4,-1,0.24,0,0.55,17,0.0501,1,12
2026-08-29 05:14:00+00:00,80m,3.5700708,GM8HHC,IO85,55.5,-3.0,11.9,167.2,-21,0.07,0,0.19,23,0.1995,1,-14
2026-08-29 05:14:00+00:00,80m,3.5701562,PI4CC,JO21,51.5,5.0,699.6,127.4,-9,0.24,0,0.67,17,0.0501,1,4
2026-08-29 05:20:00+00:00,160m,1.838029,G4HSB,IO94,54.5,-1.0,178.8,132.5,0,0.37,0,0.72,23,0.1995,1,7
2026-08-29 05:22:00+00:00,80m,3.5700941,LA1ITS,JO59,59.5,11.0,940.6,56.8,-25,0.71,0,0.11,37,5.0119,1,-32
2026-08-29 05:22:00+00:00,80m,3.5701649,W1EZ,FN42,42.5,-71.0,4943.5,282.6,-7,0.45,0,0.3,40,10.0,1,-17
2026-08-29 05:22:00+00:00,80m,3.5701596,G3JKF,JO00,50.5,1.0,628.3,152.9,-4,0.15,0,0.53,33,1.9953,1,-7
2026-08-29 05:22:00+00:00,80m,3.5701582,CS5WB,IM68,38.5,-7.0,1924.6,190.5,-20,0.02,0,0.2,23,0.1995,1,-13
2026-08-29 05:22:00+00:00,80m,3.5701312,2E0FDM,IO81,51.5,-3.0,456.4,179.6,-13,0.45,0,0.14,23,0.1995,1,-6
2026-08-29 05:22:00+00:00,80m,3.5701231,GX2PLX,JO02,52.5,1.0,434.3,141.0,11,-0.62,0,0.8,43,19.9526,1,-2
2026-08-29 05:22:00+00:00,80m,3.5700839,G7WCI,IO91,51.5,-1.0,475.8,162.7,-16,0.45,0,0.4,23,0.1995,1,-9
2026-08-29 05:22:00+00:00,80m,3.5700999,G6UZT,IO82,52.5,-3.0,345.2,179.5,-16,0.28,0,0.25,33,1.9953,1,-19
2026-08-29 05:22:00+00:00,80m,3.5701835,G7WCI,IO91,51.5,-1.0,475.8,162.7,-25,0.54,0,0.14,23,0.1995,1,-18
2026-08-29 05:22:00+00:00,80m,3.570054,M0JGH,IO91,51.5,-1.0,475.8,162.7,-10,0.75,0,0.64,23,0.1995,1,-3
2026-08-29 05:22:00+00:00,80m,3.5700324,DD3MS,JN59,49.5,11.0,1163.6,119.8,-26,0.11,0,0.15,20,0.1,1,-16
2026-08-29 05:22:00+00:00,80m,3.57011,<CT1ETL/1>,IM58OB,38.0625,-8.791667,1997.3,194.8,-13,0.75,0,0.25,33,1.9953,3,-16
2026-08-29 05:24:00+00:00,80m,3.5701419,GM0PXV,IO85,55.5,-3.0,11.9,167.2,-8,0.11,0,0.46,23,0.1995,1,-1
2026-08-29 05:24:00+00:00,80m,3.5701565,G4HSB,IO94,54.5,-1.0,178.8,132.5,10,0.11,0,0.55,23,0.1995,1,17
2026-08-29 05:24:00+00:00,80m,3.5701082,EI0CF,IO65,55.5,-7.0,249.2,269.0,-19,0.28,0,0.24,23,0.1995,1,-12
2026-08-29 05:24:00+00:00,80m,3.5701605,G4HSB,IO94,54.5,-1.0,178.8,132.5,-15,0.02,0,0.2,23,0.1995,1,-8
2026-08-29 05:26:00+00:00,40m,7.0400504,<OK1BF>,JO70UB,50.0625,15.708333,1396.3,108.4,-14,0.02,0,0.49,23,0.1995,3,-7
2026-08-29 05:26:00+00:00,40m,7.0401595,<W1/AJ8S>,FN44MF,44.229167,-70.958333,4814.9,284.5,-17,0.88,0,0.19,33,1.9953,3,-20
2026-08-29 05:26:00+00:00,40m,7.0401644,W1EZ,FN42,42.5,-71.0,4943.5,282.6,-17,0.37,0,0.22,40,10.0,1,-27
2026-08-29 05:26:00+00:00,40m,7.0401314,<CT1ETL/1>,IM58OB,38.0625,-8.791667,1997.3,194.8,-17,0.41,0,0.37,37,5.0119,3,-24
2026-08-29 05:26:00+00:00,40m,7.0400316,EA5RKP,IM99,39.5,-1.0,1797.0,174.3,-25,0.11,0,0.2,23,0.1995,1,-18
2026-08-29 05:26:00+00:00,40m,7.0400685,WL7BHJ,EM66,36.5,-87.0,6383.8,288.4,-18,0.11,0,0.32,23,0.1995,1,-11
2026-08-29 05:26:00+00:00,40m,7.040053,K1IRK,FN54,44.5,-69.0,4676.2,283.5,-22,0.71,-1,0.18,30,1.0,1,-22
2026-08-29 05:26:00+00:00,40m,7.0400885,CT1ETM,IM58,38.5,-9.0,1953.0,195.6,-12,0.37,0,0.55,37,5.0119,1,-19
2026-08-29 05:28:00+00:00,30m,10.1401152,TI4JWC,EK70,10.5,-85.0,8541.6,269.4,-27,0.92,0,0.2,30,1.0,1,-27
2026-08-29 05:42:00+00:00,80m,3.5701595,G3JKF,JO00,50.5,1.0,628.3,152.9,-5,0.07,0,0.56,33,1.9953,1,-8
2026-08-29 05:42:00+00:00,80m,3.5701538,F4WFT,IN98,48.5,-1.0,802.1,169.2,-15,0.28,0,0.24,23,0.1995,1,-8
2026-08-29 05:42:00+00:00,80m,3.570141,G7WCI,IO91,51.5,-1.0,475.8,162.7,-17,0.45,0,0.44,23,0.1995,1,-10
2026-08-29 05:42:00+00:00,80m,3.5701002,G6UZT,IO82,52.5,-3.0,345.2,179.5,-20,0.24,0,0.32,33,1.9953,1,-23
2026-08-29 05:42:00+00:00,80m,3.5700601,EI7HZB,IO65,55.5,-7.0,249.2,269.0,-18,0.45,0,0.46,23,0.1995,1,-11
2026-08-29 05:42:00+00:00,80m,3.5700409,KK1D,FN31,41.5,-73.0,5140.6,283.0,-21,0.32,0,0.27,30,1.0,1,-21
2026-08-29 05:42:00+00:00,80m,3.5700033,2E0FDM,IO81,51.5,-3.0,456.4,179.6,-24,0.54,0,0.35,23,0.1995,1,-17
2026-08-29 05:42:00+00:00,80m,3.5700946,LA1ITS,JO59,59.5,11.0,940.6,56.8,-23,0.75,0,0.2,37,5.0119,1,-30
2026-08-29 05:44:00+00:00,40m,7.0400887,<CT1ETM>,IM58KR,38.729167,-9.125,1930.1,196.1,-11,0.41,0,0.61,37,5.0119,3,-18
2026-08-29 05:44:00+00:00,40m,7.0401157,SA7RST,JO78,58.5,15.0,1133.7,66.1,-23,0.28,0,0.19,23,0.1995,1,-16
2026-08-29 05:44:00+00:00,40m,7.0401592,W1/AJ8S,,,,,,-13,0.83,0,0.32,33,1.9953,2,-16
2026-08-29 05:46:00+00:00,40m,7.040147,EA6URP,JM19,39.5,3.0,1845.5,163.5,-16,0.54,0,0.43,23,0.1995,1,-9
2026-08-29 05:46:00+00:00,40m,7.0401554,F1JSC,JN03,43.5,1.0,1376.5,166.2,-13,0.28,0,0.53,33,1.9953,1,-16
2026-08-29 05:46:00+00:00,40m,7.0401248,EA5RKP,IM99,39.5,-1.0,1797.0,174.3,-25,0.11,0,0.2,23,0.1995,1,-18
2026-08-29 05:46:00+00:00,40m,7.0400162,TI4JWC,EK70,10.5,-85.0,8541.6,269.4,-27,0.79,0,0.14,30,1.0,1,-27
2026-08-29 05:46:00+00:00,40m,7.0400729,K3FZ,FN30,40.5,-73.0,5216.5,282.0,-24,0.54,0,0.17,40,10.0,1,-34
2026-08-29 05:46:00+00:00,40m,7.0400305,VE9IT,FN66,46.5,-67.0,4415.8,284.5,-25,1.09,0,0.26,27,0.5012,1,-22
2026-08-29 05:46:00+00:00,40m,7.0401118,KD3ANN,FM29,39.5,-75.0,5416.4,282.5,-21,0.41,0,0.24,37,5.0119,1,-28
2026-08-29 05:48:00+00:00,30m,10.1402008,HA6QL,JN97,47.5,19.0,1759.2,111.6,-27,0.11,0,0.14,33,1.9953,1,-30
2026-08-29 05:56:00+00:00,80m,3.5700569,PC2A,JO21,51.5,5.0,699.6,127.4,-19,0.19,0,0.4,17,0.0501,1,-6
2026-08-29 05:56:00+00:00,80m,3.570156,PI4CC,JO21,51.5,5.0,699.6,127.4,-17,0.24,0,0.53,17,0.0501,1,-4
2026-08-29 05:56:00+00:00,80m,3.5701804,LA4PGA,JP50,60.5,11.0,986.3,50.8,-32,0.11,0,0.17,23,0.1995,1,-25
2026-08-29 06:02:00+00:00,80m,3.5701593,G3JKF,JO00,50.5,1.0,628.3,152.9,-9,0.07,0,0.34,33,1.9953,1,-12
2026-08-29 06:02:00+00:00,80m,3.5701916,GM8HHC,IO85,55.5,-3.0,11.9,167.2,-24,0.11,0,0.19,23,0.1995,1,-17
2026-08-29 06:02:00+00:00,80m,3.5701787,EI7II,IO51,51.5,-9.0,602.2,223.2,-11,0.54,0,0.61,23,0.1995,1,-4
2026-08-29 06:02:00+00:00,80m,3.5701646,W1EZ,FN42,42.5,-71.0,4943.5,282.6,-11,0.45,0,0.32,40,10.0,1,-21
2026-08-29 06:02:00+00:00,80m,3.5701559,PI4CC,JO21,51.5,5.0,699.6,127.4,-9,0.28,0,0.45,17,0.0501,1,4
2026-08-29 06:02:00+00:00,80m,3.5700501,2E0FDM,IO81,51.5,-3.0,456.4,179.6,-22,0.49,0,0.31,23,0.1995,1,-15
2026-08-29 06:02:00+00:00,80m,3.5701327,GM4DTH,IO85,55.5,-3.0,11.9,167.2,-25,0.11,0,0.13,23,0.1995,1,-18
2026-08-29 06:02:00+00:00,80m,3.5700978,G7UJY,IO93,53.5,-1.0,268.4,149.8,-14,1.26,0,0.45,23,0.1995,1,-7
2026-08-29 06:02:00+00:00,80m,3.5700569,PC2A,JO21,51.5,5.0,699.6,127.4,-12,0.24,0,0.62,17,0.0501,1,1
2026-08-29 06:02:00+00:00,80m,3.5701437,G7WCI,IO91,51.5,-1.0,475.8,162.7,-16,0.45,0,0.47,23,0.1995,1,-9
2026-08-29 06:06:00+00:00,40m,7.0400057,HB9T,JN36,46.5,7.0,1229.2,141.2,-24,0.45,-1,0.26,23,0.1995,1,-17
2026-08-29 06:06:00+00:00,40m,7.0400158,TI4JWC,EK70,10.5,-85.0,8541.6,269.4,-26,1.01,0,0.13,30,1.0,1,-26
2026-08-29 06:06:00+00:00,40m,7.0400534,K1IRK,FN54,44.5,-69.0,4676.2,283.5,-24,0.58,-1,0.24,30,1.0,1,-24
2026-08-29 06:06:00+00:00,40m,7.040114,SA7RST,JO78,58.5,15.0,1133.7,66.1,-24,0.28,0,0.26,23,0.1995,1,-17
2026-08-29 06:08:00+00:00,30m,10.1401803,IK6ZEW,JN72,42.5,15.0,1950.9,130.8,-24,-0.06,0,0.25,20,0.1,1,-14
2026-08-29 06:08:00+00:00,30m,10.1402171,F4ASK,IN96,46.5,-1.0,1022.2,171.2,-18,3.22,0,0.48,37,5.0119,1,-25
2026-08-29 06:14:00+00:00,80m,3.5701906,EI4GXB,IO52,52.5,-9.0,519.7,230.9,-21,0.11,0,0.37,23,0.1995,1,-14
2026-08-29 06:14:00+00:00,80m,3.570156,PI4CC,JO21,51.5,5.0,699.6,127.4,-14,0.24,0,0.51,17,0.0501,1,-1
2026-08-29 06:14:00+00:00,80m,3.570057,PC2A,JO21,51.5,5.0,699.6,127.4,-15,0.24,0,0.51,17,0.0501,1,-2
2026-08-29 06:14:00+00:00,80m,3.5700674,M0GUC,IO82,52.5,-3.0,345.2,179.5,-22,0.54,1,0.27,37,5.0119,1,-29
2026-08-29 06:22:00+00:00,80m,3.5701768,<GM0PXV>,IO85IW,55.9375,-3.291667,40.2,337.2,-7,0.02,0,0.28,23,0.1995,3,0
2026-08-29 06:22:00+00:00,80m,3.570098,G7UJY,IO93,53.5,-1.0,268.4,149.8,-9,1.22,0,0.32,23,0.1995,1,-2
2026-08-29 06:22:00+00:00,80m,3.5701347,G7WCI,IO91,51.5,-1.0,475.8,162.7,-18,0.54,0,0.2,23,0.1995,1,-11
2026-08-29 06:22:00+00:00,80m,3.570148,2E0FDM,IO81,51.5,-3.0,456.4,179.6,-6,0.49,0,0.45,23,0.1995,1,1
2026-08-29 06:22:00+00:00,80m,3.5701593,G3JKF,JO00,50.5,1.0,628.3,152.9,-9,0.19,0,0.28,33,1.9953,1,-12
2026-08-29 06:22:00+00:00,80m,3.5701647,G4HSB,IO94,54.5,-1.0,178.8,132.5,12,0.02,1,0.52,23,0.1995,1,19
2026-08-29 06:22:00+00:00,80m,3.5701966,M0XDC,JO01,51.5,1.0,528.5,148.0,-7,0.32,0,0.57,37,5.0119,1,-14
2026-08-29 06:26:00+00:00,40m,7.0401315,<CT1ETL/1>,IM58OB,38.0625,-8.791667,1997.3,194.8,-17,0.32,0,0.42,37,5.0119,3,-24
2026-08-29 06:26:00+00:00,40m,7.0401593,W1/AJ8S,,,,,,-21,0.79,0,0.25,33,1.9953,2,-24
2026-08-29 06:26:00+00:00,40m,7.0401224,WL7BHJ,EM66,36.5,-87.0,6383.8,288.4,-15,0.11,0,0.47,23,0.1995,1,-8
2026-08-29 06:26:00+00:00,40m,7.0400886,<CT1ETM>,IM58KR,38.729167,-9.125,1930.1,196.1,-15,0.41,0,0.5,37,5.0119,3,-22
2026-08-29 06:26:00+00:00,40m,7.04004,KK1D,FN31,41.5,-73.0,5140.6,283.0,-23,0.32,0,0.21,30,1.0,1,-23
2026-08-29 06:26:00+00:00,40m,7.0400331,SG7SUN/B,,,,,,-25,0.66,0,0.22,27,0.5012,2,-22
2026-08-29 06:26:00+00:00,40m,7.0400157,TI4JWC,EK70,10.5,-85.0,8541.6,269.4,-22,1.09,0,0.25,30,1.0,1,-22
2026-08-29 06:28:00+00:00,30m,10.1401162,TI4JWC,EK70,10.5,-85.0,8541.6,269.4,-25,1.26,0,0.2,30,1.0,1,-25
2026-08-29 06:28:00+00:00,30m,10.1402171,F4ASK,IN96,46.5,-1.0,1022.2,171.2,-20,3.27,0,0.4,37,5.0119,1,-27
2026-08-29 06:30:00+00:00,20m,14.0971229,VK3QN,QF22,-37.5,145.0,16896.5,63.3,-22,0.45,0,0.22,37,5.0119,1,-29
2026-08-29 06:36:00+00:00,80m,3.5700132,EI0CF,IO65,55.5,-7.0,249.2,269.0,-18,0.32,0,0.5,23,0.1995,1,-11
2026-08-29 06:36:00+00:00,80m,3.5700237,DC7TU,JN49,49.5,9.0,1057.4,124.9,-34,4.55,0,0.14,33,1.9953,1,-37
2026-08-29 06:36:00+00:00,80m,3.5701498,G3OU,IO92,52.5,-1.0,370.0,158.1,-1,0.15,0,0.72,43,19.9526,1,-14
2026-08-29 06:36:00+00:00,80m,3.5701708,G7UJY,IO93,53.5,-1.0,268.4,149.8,-15,1.3,0,0.49,23,0.1995,1,-8
2026-08-29 06:42:00+00:00,80m,3.5701966,M0XDC,JO01,51.5,1.0,528.5,148.0,-14,0.28,0,0.56,37,5.0119,1,-21
2026-08-29 06:42:00+00:00,80m,3.5701499,G4HSB,IO94,54.5,-1.0,178.8,132.5,0,0.07,0,0.54,23,0.1995,1,7
2026-08-29 06:42:00+00:00,80m,3.5701598,G3JKF,JO00,50.5,1.0,628.3,152.9,-18,0.19,0,0.29,33,1.9953,1,-21
2026-08-29 06:42:00+00:00,80m,3.5700161,GX2PLX,JO02,52.5,1.0,434.3,141.0,3,-0.62,0,0.52,43,19.9526,1,-10
2026-08-29 06:42:00+00:00,80m,3.570007,2E0FDM,IO81,51.5,-3.0,456.4,179.6,-19,0.45,0,0.17,23,0.1995,1,-12
2026-08-29 06:42:00+00:00,80m,3.5701417,G7WCI,IO91,51.5,-1.0,475.8,162.7,-22,0.71,0,0.19,23,0.1995,1,-15
2026-08-29 06:44:00+00:00,40m,7.0400036,DB1IAT,JN48,48.5,9.0,1138.1,128.9,-28,0.88,0,0.18,30,1.0,1,-28
2026-08-29 06:44:00+00:00,40m,7.0400171,EA5UV,IM99,39.5,-1.0,1797.0,174.3,-21,0.11,0,0.15,23,0.1995,1,-14
2026-08-29 06:44:00+00:00,40m,7.0400215,OK1BF,JO70,50.5,15.0,1327.6,107.8,-20,0.11,0,0.27,23,0.1995,1,-13
2026-08-29 06:44:00+00:00,40m,7.0401648,W1EZ,FN42,42.5,-71.0,4943.5,282.6,-24,0.41,0,0.19,40,10.0,1,-34
2026-08-29 06:44:00+00:00,40m,7.0401869,<PA7D>,JO23VF,53.229167,5.791667,629.0,111.2,-26,0.24,0,0.3,23,0.1995,3,-19
2026-08-29 06:46:00+00:00,40m,7.040189,HB9IIU,JN36,46.5,7.0,1229.2,141.2,-16,0.11,0,0.42,23,0.1995,1,-9
2026-08-29 06:46:00+00:00,40m,7.0401815,F4HHR,JN07,47.5,1.0,943.1,161.2,-27,-0.7,0,0.13,10,0.01,1,-7
2026-08-29 06:46:00+00:00,40m,7.0401531,F4WFT,IN98,48.5,-1.0,802.1,169.2,-26,0.19,0,0.23,23,0.1995,1,-19
2026-08-29 06:46:00+00:00,40m,7.0400216,<OK1BF>,JO70UB,50.0625,15.708333,1396.3,108.4,-19,0.02,0,0.38,23,0.1995,3,-12
2026-08-29 06:46:00+00:00,40m,7.0401183,OZ8PZ,JO47,57.5,9.0,766.4,69.1,-21,0.28,0,0.36,23,0.1995,1,-14
2026-08-29 06:46:00+00:00,40m,7.0400855,DL4XJ,JO42,52.5,9.0,857.0,108.7,-25,0.28,0,0.28,30,1.0,1,-25
2026-08-29 06:46:00+00:00,40m,7.0401958,EA6URP,JM19,39.5,3.0,1845.5,163.5,-25,0.45,0,0.15,23,0.1995,1,-18
2026-08-29 06:46:00+00:00,40m,7.0401334,CT1ETL/1,,,,,,-19,0.41,0,0.27,37,5.0119,2,-26
2026-08-29 06:48:00+00:00,30m,10.1402175,F4ASK,IN96,46.5,-1.0,1022.2,171.2,-20,3.22,0,0.42,37,5.0119,1,-27
2026-08-29 06:48:00+00:00,30m,10.1401167,TI4JWC,EK70,10.5,-85.0,8541.6,269.4,-28,0.75,0,0.12,30,1.0,1,-28
2026-08-29 06:50:00+00:00,20m,14.0971254,VK3QN,QF22,-37.5,145.0,16896.5,63.3,-16,0.32,0,0.37,37,5.0119,1,-23
2026-08-29 06:56:00+00:00,80m,3.5700569,PC2A,JO21,51.5,5.0,699.6,127.4,-17,0.19,0,0.47,17,0.0501,1,-4
2026-08-29 06:56:00+00:00,80m,3.5700599,OZ7IT,JO65,55.5,13.0,1006.8,84.0,-20,0.19,0,0.39,37,5.0119,1,-27
2026-08-29 06:56:00+00:00,80m,3.570156,PI4CC,JO21,51.5,5.0,699.6,127.4,-16,0.24,0,0.54,17,0.0501,1,-3
2026-08-29 07:02:00+00:00,80m,3.5700146,G7WCI,IO91,51.5,-1.0,475.8,162.7,-26,0.41,0,0.13,23,0.1995,1,-19
2026-08-29 07:02:00+00:00,80m,3.5700569,PC2A,JO21,51.5,5.0,699.6,127.4,-20,0.19,0,0.14,17,0.0501,1,-7
2026-08-29 07:02:00+00:00,80m,3.5700989,G4HSB,IO94,54.5,-1.0,178.8,132.5,18,0.07,0,0.91,23,0.1995,1,25
2026-08-29 07:02:00+00:00,80m,3.5701498,G3OU,IO92,52.5,-1.0,370.0,158.1,-3,0.15,0,0.62,43,19.9526,1,-16
2026-08-29 07:02:00+00:00,80m,3.570156,PI4CC,JO21,51.5,5.0,699.6,127.4,-17,0.07,0,0.2,17,0.0501,1,-4
2026-08-29 07:02:00+00:00,80m,3.5701595,G3JKF,JO00,50.5,1.0,628.3,152.9,-19,0.07,0,0.26,33,1.9953,1,-22
2026-08-29 07:02:00+00:00,80m,3.5701966,M0XDC,JO01,51.5,1.0,528.5,148.0,-17,0.24,0,0.35,37,5.0119,1,-24
2026-08-29 07:06:00+00:00,40m,7.0401594,G3JKF,JO00,50.5,1.0,628.3,152.9,-17,0.11,0,0.49,33,1.9953,1,-20
2026-08-29 07:06:00+00:00,40m,7.0400855,DL4XJ,JO42,52.5,9.0,857.0,108.7,-15,0.24,0,0.55,30,1.0,1,-15
2026-08-29 07:06:00+00:00,40m,7.0400128,PA7D,JO23,53.5,5.0,568.5,111.0,-21,0.28,0,0.3,23,0.1995,1,-14
2026-08-29 07:06:00+00:00,40m,7.0400737,SA7CND,JO76,56.5,15.0,1121.5,77.5,-22,-0.02,0,0.23,20,0.1,1,-12
2026-08-29 07:08:00+00:00,30m,10.1401616,DL6NL,JO50,50.5,11.0,1093.8,115.4,-27,1.35,0,0.22,20,0.1,1,-17
2026-08-29 07:08:00+00:00,30m,10.1402381,<CT1ETL/1>,IM58OB,38.0625,-8.791667,1997.3,194.8,-13,0.32,0,0.47,37,5.0119,3,-20
2026-08-29 07:08:00+00:00,30m,10.1402663,EA5RKP,IM99,39.5,-1.0,1797.0,174.3,-17,0.11,0,0.37,23,0.1995,1,-10
2026-08-29 07:08:00+00:00,30m,10.1402693,SA7CND,JO76,56.5,15.0,1121.5,77.5,-20,0.07,0,0.32,20,0.1,1,-10
2026-08-29 07:10:00+00:00,20m,14.0971238,VK3QN,QF22,-37.5,145.0,16896.5,63.3,-16,0.28,0,0.16,37,5.0119,1,-23
2026-08-29 07:14:00+00:00,80m,3.5700517,G7UJY,IO93,53.5,-1.0,268.4,149.8,-10,1.22,0,0.65,23,0.1995,1,-3
2026-08-29 07:14:00+00:00,80m,3.5700568,PC2A,JO21,51.5,5.0,699.6,127.4,-23,0.11,0,0.19,17,0.0501,1,-10
2026-08-29 07:14:00+00:00,80m,3.570101,GX2PLX,JO02,52.5,1.0,434.3,141.0,4,-0.66,0,0.85,43,19.9526,1,-9
2026-08-29 07:14:00+00:00,80m,3.5701104,GM4DTH,IO85,55.5,-3.0,11.9,167.2,-23,0.11,0,0.2,23,0.1995,1,-16
2026-08-29 07:14:00+00:00,80m,3.5701559,PI4CC,JO21,51.5,5.0,699.6,127.4,-23,0.15,0,0.27,17,0.0501,1,-10
2026-08-29 07:22:00+00:00,80m,3.5701497,G3OU,IO92,52.5,-1.0,370.0,158.1,-5,0.11,0,0.74,43,19.9526,1,-18
2026-08-29 07:22:00+00:00,80m,3.5701593,G3JKF,JO00,50.5,1.0,628.3,152.9,-23,0.02,0,0.24,33,1.9953,1,-26
2026-08-29 07:22:00+00:00,80m,3.5701158,EI7II,IO51,51.5,-9.0,602.2,223.2,-28,0.54,0,0.16,23,0.1995,1,-21
2026-08-29 07:22:00+00:00,80m,3.5701323,G4LEN,IO81,51.5,-3.0,456.4,179.6,-10,-2.02,0,0.63,37,5.0119,1,-17
2026-08-29 07:22:00+00:00,80m,3.5700502,2E0FDM,IO81,51.5,-3.0,456.4,179.6,-21,0.41,0,0.14,23,0.1995,1,-14
2026-08-29 07:22:00+00:00,80m,3.5700425,GM8HHC,IO85,55.5,-3.0,11.9,167.2,-14,0.07,0,0.23,23,0.1995,1,-7
2026-08-29 07:22:00+00:00,80m,3.570039,G4HSB,IO94,54.5,-1.0,178.8,132.5,6,0.02,0,0.78,23,0.1995,1,13
2026-08-29 07:26:00+00:00,40m,7.0400744,F6KPL,IN99,49.5,-1.0,692.6,167.7,-8,4.08,0,0.7,30,1.0,1,-8
2026-08-29 07:26:00+00:00,40m,7.0400887,<CT1ETM>,IM58KR,38.729167,-9.125,1930.1,196.1,-10,0.28,0,0.57,37,5.0119,3,-17
2026-08-29 07:26:00+00:00,40m,7.0400931,DC1UI,JN49,49.5,9.0,1057.4,124.9,-21,0.54,0,0.22,37,5.0119,1,-28
2026-08-29 07:26:00+00:00,40m,7.0401008,OZ2JBR,JO65,55.5,13.0,1006.8,84.0,-19,0.19,0,0.3,37,5.0119,1,-26
2026-08-29 07:26:00+00:00,40m,7.0401594,G3JKF,JO00,50.5,1.0,628.3,152.9,-13,-0.06,0,0.6,33,1.9953,1,-16
2026-08-29 07:28:00+00:00,30m,10.1401618,OZ9ACF,JO65,55.5,13.0,1006.8,84.0,-16,0.28,-1,0.43,37,5.0119,1,-23
2026-08-29 07:28:00+00:00,30m,10.1401797,EA5RKP,IM99,39.5,-1.0,1797.0,174.3,-18,0.11,0,0.39,23,0.1995,1,-11
2026-08-29 07:28:00+00:00,30m,10.1402172,F4ASK,IN96,46.5,-1.0,1022.2,171.2,-14,3.27,0,0.52,37,5.0119,1,-21
2026-08-29 07:30:00+00:00,20m,14.0971246,VK3QN,QF22,-37.5,145.0,16896.5,63.3,-12,0.28,0,0.17,37,5.0119,1,-19
2026-08-29 07:36:00+00:00,80m,3.5701497,G3OU,IO92,52.5,-1.0,370.0,158.1,-4,0.11,0,0.66,43,19.9526,1,-17
2026-08-29 07:36:00+00:00,80m,3.5701507,EI0CF,IO65,55.5,-7.0,249.2,269.0,-18,0.24,0,0.31,23,0.1995,1,-11
2026-08-29 07:36:00+00:00,80m,3.570007,G4UJS,IO82,52.5,-3.0,345.2,179.5,-16,0.49,0,0.55,23,0.1995,1,-9
2026-08-29 08:32:00+00:00,30m,10.1401172,EA5RKP,IM99,39.5,-1.0,1797.0,174.3,-23,0.02,0,0.33,23,0.1995,1,-16
2026-08-29 08:32:00+00:00,30m,10.1401757,F4GMT,IN93,43.5,-1.0,1353.8,173.0,-19,0.19,0,0.35,23,0.1995,1,-12
2026-08-29 08:32:00+00:00,30m,10.1402007,HA6QL,JN97,47.5,19.0,1759.2,111.6,-20,0.19,0,0.29,33,1.9953,1,-23
2026-08-29 08:32:00+00:00,30m,10.1402451,<OZ1DEO>,JO55VS,55.770833,11.791667,928.2,82.7,-14,-1.77,-1,0.55,30,1.0,3,-14
2026-08-29 08:32:00+00:00,30m,10.140276,<...>,JO59DN,59.5625,10.291667,906.2,55.5,-3,0.24,0,0.7,30,1.0,3,-3
2026-08-29 08:38:00+00:00,80m,3.5700513,G3LRS,IO92,52.5,-1.0,370.0,158.1,-9,0.11,0,0.47,27,0.5012,1,-6
2026-08-29 08:38:00+00:00,80m,3.5700527,G4BOO,IO91,51.5,-1.0,475.8,162.7,-17,0.92,0,0.43,37,5.0119,1,-24
2026-08-29 08:38:00+00:00,80m,3.5701101,PA2W,JO22,52.5,5.0,627.7,120.0,-24,0.62,0,0.28,37,5.0119,1,-31
2026-08-29 08:38:00+00:00,80m,3.5701499,G3OU,IO92,52.5,-1.0,370.0,158.1,-3,0.15,0,0.79,43,19.9526,1,-16
2026-08-29 08:38:00+00:00,80m,3.5701559,PI4CC,JO21,51.5,5.0,699.6,127.4,-22,0.19,0,0.18,17,0.0501,1,-9
2026-08-29 08:42:00+00:00,80m,3.5701737,<GM0PXV>,IO85IW,55.9375,-3.291667,40.2,337.2,-10,0.07,0,0.61,23,0.1995,3,-3
2026-08-29 08:42:00+00:00,80m,3.570062,G7UJY,IO93,53.5,-1.0,268.4,149.8,-18,1.22,1,0.53,23,0.1995,1,-11
2026-08-29 08:42:00+00:00,80m,3.570162,G4HSB,IO94,54.5,-1.0,178.8,132.5,8,0.07,0,0.82,23,0.1995,1,15
2026-08-29 08:44:00+00:00,40m,7.0401671,<PA7D>,JO23VF,53.229167,5.791667,629.0,111.2,-7,0.28,0,0.72,23,0.1995,3,0
2026-08-29 08:44:00+00:00,40m,7.0400849,<...>,IO90DR,50.729167,-1.708333,549.3,170.2,-10,0.32,0,0.62,27,0.5012,3,-7
2026-08-29 08:44:00+00:00,40m,7.0401091,2E0PAB,JO01,51.5,1.0,528.5,148.0,-18,-0.4,0,0.36,33,1.9953,1,-21
2026-08-29 08:46:00+00:00,40m,7.0400019,DB1IAT,JN48,48.5,9.0,1138.1,128.9,-28,0.83,0,0.16,30,1.0,1,-28
2026-08-29 08:46:00+00:00,40m,7.0400528,OZ7IT,JO65,55.5,13.0,1006.8,84.0,-11,0.32,0,0.6,37,5.0119,1,-18
2026-08-29 08:46:00+00:00,40m,7.0400665,OZ9ACF,JO65,55.5,13.0,1006.8,84.0,-20,0.37,0,0.38,37,5.0119,1,-27
2026-08-29 08:46:00+00:00,40m,7.0400749,G7GGK,IO80,50.5,-3.0,567.6,179.7,-20,0.11,0,0.16,23,0.1995,1,-13
2026-08-29 08:46:00+00:00,40m,7.0400791,2E0PAB,JO01,51.5,1.0,528.5,148.0,-19,-0.49,0,0.31,33,1.9953,1,-22
2026-08-29 08:46:00+00:00,40m,7.0400888,CT1ETM,IM58,38.5,-9.0,1953.0,195.6,-21,0.37,0,0.19,37,5.0119,1,-28
2026-08-29 08:46:00+00:00,40m,7.0400933,DC1UI,JN49,49.5,9.0,1057.4,124.9,-23,0.71,0,0.23,37,5.0119,1,-30
2026-08-29 08:46:00+00:00,40m,7.0401186,OZ8PZ,JO47,57.5,9.0,766.4,69.1,-17,0.19,0,0.45,23,0.1995,1,-10
2026-08-29 08:46:00+00:00,40m,7.0401597,G3JKF,JO00,50.5,1.0,628.3,152.9,-11,0.02,0,0.65,33,1.9953,1,-14
2026-08-29 08:48:00+00:00,30m,10.1401812,F4GMT,IN93,43.5,-1.0,1353.8,173.0,-20,0.28,0,0.26,23,0.1995,1,-13
2026-08-29 08:48:00+00:00,30m,10.1402392,<CT1ETL/1>,IM58OB,38.0625,-8.791667,1997.3,194.8,-14,0.32,0,0.44,37,5.0119,3,-21
2026-08-29 08:48:00+00:00,30m,10.1402175,F4ASK,IN96,46.5,-1.0,1022.2,171.2,-11,3.31,0,0.67,37,5.0119,1,-18
2026-08-29 08:48:00+00:00,30m,10.1402003,HA6QL,JN97,47.5,19.0,1759.2,111.6,-20,0.19,0,0.32,33,1.9953,1,-23
2026-08-29 08:48:00+00:00,30m,10.1401581,EA5RKP,IM99,39.5,-1.0,1797.0,174.3,-26,0.11,0,0.22,23,0.1995,1,-19
2026-08-29 08:48:00+00:00,30m,10.1401564,OZ7IT,JO65,55.5,13.0,1006.8,84.0,-16,0.24,0,0.41,37,5.0119,1,-23
2026-08-29 08:48:00+00:00,30m,10.1401535,F4WFT,IN98,48.5,-1.0,802.1,169.2,-19,0.19,0,0.38,23,0.1995,1,-12
2026-08-29 08:52:00+00:00,30m,10.1400897,F4GMT,IN93,43.5,-1.0,1353.8,173.0,-21,0.32,0,0.14,23,0.1995,1,-14
2026-08-29 08:52:00+00:00,30m,10.1400913,EA5RKP,IM99,39.5,-1.0,1797.0,174.3,-27,0.28,0,0.16,23,0.1995,1,-20
2026-08-29 08:54:00+00:00,80m,3.5701068,PA2W,JO22,52.5,5.0,627.7,120.0,-20,0.66,0,0.38,37,5.0119,1,-27
2026-08-29 08:56:00+00:00,40m,7.040004,<PA7D>,JO23VF,53.229167,5.791667,629.0,111.2,-10,0.19,0,0.68,23,0.1995,3,-3
2026-08-29 08:56:00+00:00,40m,7.0400527,OZ7IT,JO65,55.5,13.0,1006.8,84.0,-10,0.37,0,0.67,37,5.0119,1,-17
2026-08-29 08:56:00+00:00,40m,7.0401691,2E0PAB,JO01,51.5,1.0,528.5,148.0,-22,-0.49,0,0.34,33,1.9953,1,-25
2026-08-29 09:02:00+00:00,80m,3.5700246,GM7FIE,IO85,55.5,-3.0,11.9,167.2,-23,0.11,0,0.38,23,0.1995,1,-16
2026-08-29 09:02:00+00:00,80m,3.5701731,G4HSB,IO94,54.5,-1.0,178.8,132.5,9,0.07,0,0.78,23,0.1995,1,16
2026-08-29 09:06:00+00:00,40m,7.0401501,G4TNU,IO91,51.5,-1.0,475.8,162.7,-23,0.45,0,0.24,23,0.1995,1,-16
2026-08-29 09:06:00+00:00,40m,7.0401414,PA2PGU,JO32,52.5,7.0,739.9,113.6,-19,-0.06,0,0.34,23,0.1995,1,-12
2026-08-29 09:06:00+00:00,40m,7.0401596,G3JKF,JO00,50.5,1.0,628.3,152.9,-16,0.24,0,0.54,33,1.9953,1,-19
2026-08-29 09:06:00+00:00,40m,7.0400459,G7WCI,IO91,51.5,-1.0,475.8,162.7,-23,0.45,0,0.23,23,0.1995,1,-16
2026-08-29 09:06:00+00:00,40m,7.0400106,EI7II,IO51,51.5,-9.0,602.2,223.2,-13,0.54,0,0.62,23,0.1995,1,-6
2026-08-29 09:06:00+00:00,40m,7.040085,PA7D,JO23,53.5,5.0,568.5,111.0,-7,0.15,0,0.65,23,0.1995,1,0
2026-08-29 09:08:00+00:00,30m,10.1402444,<OZ1DEO>,JO55VS,55.770833,11.791667,928.2,82.7,-18,-1.77,-1,0.34,30,1.0,3,-18
2026-08-29 09:08:00+00:00,30m,10.1401622,OZ9ACF,JO65,55.5,13.0,1006.8,84.0,-23,0.28,0,0.29,37,5.0119,1,-30
2026-08-29 09:08:00+00:00,30m,10.140244,EA5RKP,IM99,39.5,-1.0,1797.0,174.3,-25,0.02,0,0.26,23,0.1995,1,-18
2026-08-29 09:10:00+00:00,20m,14.0970314,<IU0JJD>,JN61TP,41.645833,13.625,1966.6,135.1,-19,-0.02,0,0.36,23,0.1995,3,-12
2026-08-29 09:10:00+00:00,20m,14.0971369,F6EGX,JN35,45.5,7.0,1325.8,143.7,-29,0.28,-1,0.12,37,5.0119,1,-36
2026-08-29 09:12:00+00:00,80m,3.5700525,G4BOO,IO91,51.5,-1.0,475.8,162.7,-10,0.58,0,0.45,37,5.0119,1,-17
2026-08-29 09:12:00+00:00,80m,3.570058,G4HSB,IO94,54.5,-1.0,178.8,132.5,8,0.07,0,0.82,23,0.1995,1,15
2026-08-29 09:12:00+00:00,80m,3.5701027,EI0CF,IO65,55.5,-7.0,249.2,269.0,-17,0.45,1,0.43,23,0.1995,1,-10
2026-08-29 09:12:00+00:00,80m,3.570145,G4UJS,IO82,52.5,-3.0,345.2,179.5,-15,0.45,0,0.59,23,0.1995,1,-8
2026-08-29 09:16:00+00:00,40m,7.0399959,M0JRZ,IO91,51.5,-1.0,475.8,162.7,-11,0.28,0,0.59,37,5.0119,1,-18
2026-08-29 09:16:00+00:00,40m,7.0400797,DL7AG,JO62,52.5,13.0,1099.6,101.6,-20,0.41,0,0.35,23,0.1995,1,-13
2026-08-29 09:16:00+00:00,40m,7.040093,DC1UI,JN49,49.5,9.0,1057.4,124.9,-25,0.45,0,0.16,37,5.0119,1,-32
2026-08-29 09:16:00+00:00,40m,7.0401184,OZ8PZ,JO47,57.5,9.0,766.4,69.1,-21,0.24,0,0.35,23,0.1995,1,-14
2026-08-29 09:18:00+00:00,30m,10.1401598,DL5UY,JN48,48.5,9.0,1138.1,128.9,-24,0.41,0,0.29,40,10.0,1,-34
2026-08-29 09:18:00+00:00,30m,10.1402001,HA6QL,JN97,47.5,19.0,1759.2,111.6,-23,0.15,0,0.28,33,1.9953,1,-26
2026-08-29 09:18:00+00:00,30m,10.140237,OH3FZQ,KP11,61.5,23.0,1632.6,55.7,-24,0.41,0,0.27,33,1.9953,1,-27
2026-08-29 09:22:00+00:00,80m,3.570182,GX2PLX,JO02,52.5,1.0,434.3,141.0,3,-0.7,0,0.85,43,19.9526,1,-10
2026-08-29 09:22:00+00:00,80m,3.5701592,G3JKF,JO00,50.5,1.0,628.3,152.9,-21,0.19,0,0.14,33,1.9953,1,-24
2026-08-29 09:22:00+00:00,80m,3.5700379,G7UJY,IO93,53.5,-1.0,268.4,149.8,-14,1.18,0,0.67,23,0.1995,1,-7
2026-08-29 09:22:00+00:00,80m,3.5700524,G4BOO,IO91,51.5,-1.0,475.8,162.7,-17,0.79,0,0.58,37,5.0119,1,-24
2026-08-29 09:22:00+00:00,80m,3.5701074,PA2W,JO22,52.5,5.0,627.7,120.0,-20,0.62,0,0.37,37,5.0119,1,-27
2026-08-29 09:26:00+00:00,40m,7.0400527,OZ7IT,JO65,55.5,13.0,1006.8,84.0,-11,0.24,0,0.59,37,5.0119,1,-18
2026-08-29 09:26:00+00:00,40m,7.0400659,G7WCI,IO91,51.5,-1.0,475.8,162.7,-22,0.37,0,0.23,23,0.1995,1,-15
2026-08-29 09:26:00+00:00,40m,7.0400695,F6KPL,IN99,49.5,-1.0,692.6,167.7,-12,4.12,0,0.56,30,1.0,1,-12
2026-08-29 09:26:00+00:00,40m,7.0400854,<...>,IO90HX,50.979167,-1.375,526.0,167.2,-19,0.24,0,0.37,23,0.1995,3,-12
2026-08-29 09:26:00+00:00,40m,7.0401594,G3JKF,JO00,50.5,1.0,628.3,152.9,-18,0.15,0,0.46,33,1.9953,1,-21
2026-08-29 09:26:00+00:00,40m,7.0401801,G4TNU,IO91,51.5,-1.0,475.8,162.7,-26,0.28,0,0.22,23,0.1995,1,-19
2026-08-29 09:28:00+00:00,30m,10.140278,EA5RKP,IM99,39.5,-1.0,1797.0,174.3,-24,-0.02,0,0.29,23,0.1995,1,-17
2026-08-29 09:28:00+00:00,30m,10.1401562,OZ7IT,JO65,55.5,13.0,1006.8,84.0,-22,0.19,0,0.31,37,5.0119,1,-29
2026-08-29 09:28:00+00:00,30m,10.1402596,G3JKF,JO00,50.5,1.0,628.3,152.9,-24,0.11,0,0.27,33,1.9953,1,-27
2026-08-29 09:30:00+00:00,20m,14.0971367,F6EGX,JN35,45.5,7.0,1325.8,143.7,-28,0.28,0,0.18,37,5.0119,1,-35
2026-08-29 09:32:00+00:00,80m,3.5701561,PI4CC,JO21,51.5,5.0,699.6,127.4,-28,0.07,0,0.12,17,0.0501,1,-15
2026-08-29 09:32:00+00:00,80m,3.5701076,PA2W,JO22,52.5,5.0,627.7,120.0,-22,0.58,0,0.34,37,5.0119,1,-29
2026-08-29 09:34:00+00:00,20m,14.0970998,HA6QL,JN97,47.5,19.0,1759.2,111.6,-18,0.11,0,0.43,33,1.9953,1,-21
2026-08-29 09:42:00+00:00,80m,3.5700951,MW6RXZ,IO81,51.5,-3.0,456.4,179.6,-14,0.79,0,0.57,43,19.9526,1,-27
2026-08-29 09:42:00+00:00,80m,3.5701082,PA2W,JO22,52.5,5.0,627.7,120.0,-20,0.49,0,0.34,37,5.0119,1,-27
2026-08-29 09:42:00+00:00,80m,3.5701593,G3JKF,JO00,50.5,1.0,628.3,152.9,-27,0.02,0,0.16,33,1.9953,1,-30
2026-08-29 09:44:00+00:00,30m,10.1402443,<OZ1DEO>,JO55VS,55.770833,11.791667,928.2,82.7,-22,-1.81,-1,0.26,30,1.0,3,-22
2026-08-29 09:44:00+00:00,30m,10.1402761,SK7BQ,JO76,56.5,15.0,1121.5,77.5,-26,0.28,0,0.21,23,0.1995,1,-19
2026-08-29 09:46:00+00:00,40m,7.0401532,F4WFT,IN98,48.5,-1.0,802.1,169.2,-24,0.02,0,0.21,23,0.1995,1,-17
2026-08-29 09:46:00+00:00,40m,7.0401933,M0XDC,JO01,51.5,1.0,528.5,148.0,-14,0.15,-1,0.5,37,5.0119,1,-21
2026-08-29 09:46:00+00:00,40m,7.0401918,G7WCI,IO91,51.5,-1.0,475.8,162.7,-27,0.37,0,0.1,23,0.1995,1,-20
2026-08-29 09:46:00+00:00,40m,7.0401594,G3JKF,JO00,50.5,1.0,628.3,152.9,-13,0.07,0,0.58,33,1.9953,1,-16
2026-08-29 09:46:00+00:00,40m,7.0401323,<G4LEN>,IO81UT,51.8125,-2.291667,424.5,173.0,2,0.32,0,0.75,37,5.0119,3,-5
2026-08-29 09:46:00+00:00,40m,7.0401181,OZ8PZ,JO47,57.5,9.0,766.4,69.1,-21,0.19,0,0.21,23,0.1995,1,-14
2026-08-29 09:46:00+00:00,40m,7.0400856,DL4XJ,JO42,52.5,9.0,857.0,108.7,-21,0.24,0,0.33,30,1.0,1,-21
2026-08-29 09:46:00+00:00,40m,7.0400768,<PA7D>,JO23VF,53.229167,5.791667,629.0,111.2,-13,0.19,0,0.64,23,0.1995,3,-6
2026-08-29 09:46:00+00:00,40m,7.0400682,<EI4GXB>,IO52QQ,52.6875,-8.625,487.0,230.6,-25,-0.06,0,0.23,23,0.1995,3,-18
2026-08-29 09:46:00+00:00,40m,7.040048,G4TNU,IO91,51.5,-1.0,475.8,162.7,-27,0.41,0,0.19,23,0.1995,1,-20
2026-08-29 09:48:00+00:00,30m,10.1401531,F4WFT,IN98,48.5,-1.0,802.1,169.2,-23,0.11,0,0.33,23,0.1995,1,-16
2026-08-29 09:48:00+00:00,30m,10.1401795,OZ2JBR,JO65,55.5,13.0,1006.8,84.0,-21,0.24,0,0.37,37,5.0119,1,-28
2026-08-29 09:48:00+00:00,30m,10.1402535,F1JSC,JN03,43.5,1.0,1376.5,166.2,-7,0.24,0,0.59,33,1.9953,1,-10
2026-08-29 09:48:00+00:00,30m,10.1402754,<...>,JO59DN,59.5625,10.291667,906.2,55.5,-2,0.24,0,0.69,30,1.0,3,-2
2026-08-29 09:50:00+00:00,20m,14.0970998,HA6QL,JN97,47.5,19.0,1759.2,111.6,-21,0.15,0,0.35,33,1.9953,1,-24
2026-08-29 09:52:00+00:00,40m,7.0401266,G7SYO,IO90,50.5,-1.0,583.7,165.7,-15,0.28,0,0.56,27,0.5012,1,-12
2026-08-29 09:52:00+00:00,40m,7.0401209,ON4WS,JO20,50.5,5.0,780.7,133.3,-24,0.24,0,0.18,30,1.0,1,-24
2026-08-29 09:52:00+00:00,40m,7.0401577,G7GGK,IO80,50.5,-3.0,567.6,179.7,-26,-0.02,0,0.18,23,0.1995,1,-19
2026-08-29 09:52:00+00:00,40m,7.0400448,SK7BQ,JO76,56.5,15.0,1121.5,77.5,-28,0.32,0,0.13,23,0.1995,1,-21
2026-08-29 09:52:00+00:00,40m,7.0400996,G1FQD,IO82,52.5,-3.0,345.2,179.5,-23,1.47,0,0.29,37,5.0119,1,-30
2026-08-29 09:52:00+00:00,40m,7.0401828,F4HHR,JN07,47.5,1.0,943.1,161.2,-25,-0.83,0,0.23,10,0.01,1,-5
2026-08-29 09:54:00+00:00,30m,10.1401561,OZ7IT,JO65,55.5,13.0,1006.8,84.0,-18,0.19,0,0.44,37,5.0119,1,-25
2026-08-29 09:54:00+00:00,30m,10.140175,GJ7DNI,IN89,49.5,-3.0,678.8,179.7,-21,5.4,0,0.3,23,0.1995,1,-14
2026-08-29 09:54:00+00:00,30m,10.1402368,OH3FZQ,KP11,61.5,23.0,1632.6,55.7,-23,0.37,0,0.24,33,1.9953,1,-26
2026-08-29 10:02:00+00:00,80m,3.5701591,G3JKF,JO00,50.5,1.0,628.3,152.9,-26,0.11,0,0.21,33,1.9953,1,-29
2026-08-29 10:02:00+00:00,80m,3.5700524,G4BOO,IO91,51.5,-1.0,475.8,162.7,-9,0.79,0,0.71,37,5.0119,1,-16
2026-08-29 10:04:00+00:00,30m,10.1401167,EA5RKP,IM99,39.5,-1.0,1797.0,174.3,-28,-0.02,0,0.16,23,0.1995,1,-21
2026-08-29 10:04:00+00:00,30m,10.1401531,F4WFT,IN98,48.5,-1.0,802.1,169.2,-22,0.19,0,0.33,23,0.1995,1,-15
2026-08-29 10:04:00+00:00,30m,10.140173,GJ7DNI,IN89,49.5,-3.0,678.8,179.7,-22,5.91,0,0.28,23,0.1995,1,-15
2026-08-29 10:06:00+00:00,40m,7.0400517,G7WCI,IO91,51.5,-1.0,475.8,162.7,-21,0.37,0,0.41,23,0.1995,1,-14
2026-08-29 10:06:00+00:00,40m,7.0401377,G4VNM,IO90,50.5,-1.0,583.7,165.7,-26,-0.57,0,0.15,23,0.1995,1,-19
2026-08-29 10:06:00+00:00,40m,7.0401594,G3JKF,JO00,50.5,1.0,628.3,152.9,-19,0.02,0,0.45,33,1.9953,1,-22
2026-08-29 10:06:00+00:00,40m,7.0401653,PA2PGU,JO32,52.5,7.0,739.9,113.6,-26,-0.06,0,0.21,23,0.1995,1,-19
2026-08-29 10:06:00+00:00,40m,7.0401749,SA7CND,JO76,56.5,15.0,1121.5,77.5,-26,0.02,0,0.17,20,0.1,1,-16
2026-08-29 10:08:00+00:00,30m,10.140217,F4ASK,IN96,46.5,-1.0,1022.2,171.2,-25,3.31,0,0.23,37,5.0119,1,-32
2026-08-29 10:08:00+00:00,30m,10.1401729,GJ7DNI,IN89,49.5,-3.0,678.8,179.7,-21,5.53,0,0.25,23,0.1995,1,-14
2026-08-29 10:08:00+00:00,30m,10.1401788,LA1ITS,JO59,59.5,11.0,940.6,56.8,-16,0.71,0,0.52,37,5.0119,1,-23
2026-08-29 10:08:00+00:00,30m,10.1401039,EA5RKP,IM99,39.5,-1.0,1797.0,174.3,-28,-0.06,0,0.17,23,0.1995,1,-21
2026-08-29 10:08:00+00:00,30m,10.1401367,SA7CND,JO76,56.5,15.0,1121.5,77.5,-28,0.07,0,0.14,20,0.1,1,-18
2026-08-29 10:10:00+00:00,20m,14.0970713,DL4XJ,JO42,52.5,9.0,857.0,108.7,-27,0.19,-1,0.21,30,1.0,1,-27
2026-08-29 10:12:00+00:00,80m,3.5700686,EI0CF,IO65,55.5,-7.0,249.2,269.0,-22,0.32,0,0.38,23,0.1995,1,-15
2026-08-29 10:18:00+00:00,30m,10.1401339,GJ7DNI,IN89,49.5,-3.0,678.8,179.7,-22,5.19,0,0.24,23,0.1995,1,-15
2026-08-29 10:18:00+00:00,30m,10.1401596,DL5UY,JN48,48.5,9.0,1138.1,128.9,-8,0.32,0,0.69,40,10.0,1,-18
2026-08-29 10:18:00+00:00,30m,10.1402368,OH3FZQ,KP11,61.5,23.0,1632.6,55.7,-24,0.41,0,0.21,33,1.9953,1,-27
2026-08-29 10:18:00+00:00,30m,10.1402449,OZ1DEO,JO55,55.5,11.0,881.8,84.9,-21,-1.77,-1,0.38,30,1.0,1,-21
2026-08-29 10:22:00+00:00,80m,3.5700087,GM7FIE,IO85,55.5,-3.0,11.9,167.2,-12,0.07,0,0.6,23,0.1995,1,-5
2026-08-29 10:22:00+00:00,80m,3.5700524,G4BOO,IO91,51.5,-1.0,475.8,162.7,-18,1.05,0,0.46,37,5.0119,1,-25
2026-08-29 10:22:00+00:00,80m,3.5701591,G3JKF,JO00,50.5,1.0,628.3,152.9,-27,0.07,0,0.25,33,1.9953,1,-30
2026-08-29 10:24:00+00:00,40m,7.0401679,SA7CND,JO76,56.5,15.0,1121.5,77.5,-17,0.02,0,0.49,20,0.1,1,-7
2026-08-29 10:24:00+00:00,40m,7.0401844,PA2PGU,JO32,52.5,7.0,739.9,113.6,-20,-0.15,0,0.29,23,0.1995,1,-13
2026-08-29 10:24:00+00:00,40m,7.0401027,PF7F,JO22,52.5,5.0,627.7,120.0,-21,0.15,0,0.2,37,5.0119,1,-28
2026-08-29 10:24:00+00:00,40m,7.040061,<EI4GXB>,IO52QQ,52.6875,-8.625,487.0,230.6,-24,-0.15,0,0.21,23,0.1995,3,-17
2026-08-29 10:24:00+00:00,40m,7.0400496,<G7SYO>,IO90DR,50.729167,-1.708333,549.3,170.2,-18,0.28,0,0.35,27,0.5012,3,-15
2026-08-29 10:24:00+00:00,40m,7.0400456,LA4PGA,JP50,60.5,11.0,986.3,50.8,-20,-0.06,0,0.21,23,0.1995,1,-13
2026-08-29 10:24:00+00:00,40m,7.0400361,U1WDR,JO99,59.5,19.0,1377.0,62.6,-14,2.29,0,0.42,23,0.1995,1,-7
2026-08-29 10:26:00+00:00,40m,7.0400652,EI7II,IO51,51.5,-9.0,602.2,223.2,-14,0.58,0,0.51,23,0.1995,1,-7
2026-08-29 10:26:00+00:00,40m,7.0400752,U1WDR,JO99,59.5,19.0,1377.0,62.6,-17,3.35,0,0.34,23,0.1995,1,-10
2026-08-29 10:26:00+00:00,40m,7.0400866,F6KPL,IN99,49.5,-1.0,692.6,167.7,-4,4.16,0,0.44,30,1.0,1,-4
2026-08-29 10:26:00+00:00,40m,7.0401206,G7WCI,IO91,51.5,-1.0,475.8,162.7,-22,0.45,0,0.22,23,0.1995,1,-15
2026-08-29 10:26:00+00:00,40m,7.0401377,G4VNM,IO90,50.5,-1.0,583.7,165.7,-23,-0.62,0,0.21,23,0.1995,1,-16
2026-08-29 10:26:00+00:00,40m,7.0401594,G3JKF,JO00,50.5,1.0,628.3,152.9,-12,-0.02,0,0.65,33,1.9953,1,-15
2026-08-29 10:26:00+00:00,40m,7.0401834,F4HHR,JN07,47.5,1.0,943.1,161.2,-26,-0.66,0,0.16,10,0.01,1,-6
2026-08-29 10:28:00+00:00,30m,10.1400929,GJ7DNI,IN89,49.5,-3.0,678.8,179.7,-21,5.53,0,0.35,23,0.1995,1,-14
2026-08-29 10:28:00+00:00,30m,10.140196,SA5JBN,JO89,59.5,17.0,1265.8,61.8,-29,0.32,0,0.14,20,0.1,1,-19
2026-08-29 10:28:00+00:00,30m,10.1402536,F1JSC,JN03,43.5,1.0,1376.5,166.2,-30,0.24,0,0.13,33,1.9953,1,-33
2026-08-29 10:30:00+00:00,20m,14.0970993,9H2RA,JM75,35.5,15.0,2622.7,140.9,-29,0.19,0,0.19,23,0.1995,1,-22
2026-08-29 10:34:00+00:00,30m,10.140174,GJ7DNI,IN89,49.5,-3.0,678.8,179.7,-25,5.23,0,0.15,23,0.1995,1,-18
2026-08-29 10:34:00+00:00,30m,10.1402524,DL2NED,JN59,49.5,11.0,1163.6,119.8,-22,0.37,0,0.26,23,0.1995,1,-15
2026-08-29 10:34:00+00:00,30m,10.1402553,SK7BQ,JO76,56.5,15.0,1121.5,77.5,-22,0.32,0,0.27,23,0.1995,1,-15
2026-08-29 10:36:00+00:00,40m,7.0400192,U1WDR,JO99,59.5,19.0,1377.0,62.6,-16,4.76,0,0.4,23,0.1995,1,-9
2026-08-29 10:36:00+00:00,40m,7.040093,DC1UI,JN49,49.5,9.0,1057.4,124.9,-27,0.49,0,0.16,37,5.0119,1,-34
2026-08-29 10:36:00+00:00,40m,7.0401236,G6CKK,JO01,51.5,1.0,528.5,148.0,-23,0.02,0,0.27,23,0.1995,1,-16
2026-08-29 10:36:00+00:00,40m,7.0401316,G7GGK,IO80,50.5,-3.0,567.6,179.7,-26,-0.02,0,0.23,23,0.1995,1,-19
2026-08-29 10:36:00+00:00,40m,7.0401377,G4VNM,IO90,50.5,-1.0,583.7,165.7,-27,-0.74,0,0.19,23,0.1995,1,-20
2026-08-29 10:36:00+00:00,40m,7.0401404,PA2PGU,JO32,52.5,7.0,739.9,113.6,-21,-0.06,0,0.33,23,0.1995,1,-14
2026-08-29 10:36:00+00:00,40m,7.0401832,F4HHR,JN07,47.5,1.0,943.1,161.2,-29,-0.79,0,0.15,10,0.01,1,-9
2026-08-29 10:42:00+00:00,80m,3.5700524,G4BOO,IO91,51.5,-1.0,475.8,162.7,-19,0.88,0,0.38,37,5.0119,1,-26
2026-08-29 10:42:00+00:00,80m,3.5700709,GX2PLX,JO02,52.5,1.0,434.3,141.0,-7,-0.7,0,0.74,43,19.9526,1,-20
2026-08-29 10:42:00+00:00,80m,3.5700881,2E0FDM,IO81,51.5,-3.0,456.4,179.6,-23,0.45,0,0.17,23,0.1995,1,-16
2026-08-29 10:44:00+00:00,40m,7.0400957,<G7SYO>,IO90DR,50.729167,-1.708333,549.3,170.2,-16,0.28,0,0.5,27,0.5012,3,-13
2026-08-29 10:44:00+00:00,40m,7.0400546,GX2PLX,JO02,52.5,1.0,434.3,141.0,-7,-0.7,0,0.68,43,19.9526,1,-20
2026-08-29 10:44:00+00:00,40m,7.0401377,G4VNM,IO90,50.5,-1.0,583.7,165.7,-22,-0.66,0,0.29,23,0.1995,1,-15
2026-08-29 10:44:00+00:00,40m,7.0400428,PA7D,JO23,53.5,5.0,568.5,111.0,-5,0.19,0,0.66,23,0.1995,1,2
2026-08-29 10:44:00+00:00,40m,7.0400497,G6CKK,JO01,51.5,1.0,528.5,148.0,-20,0.02,0,0.3,23,0.1995,1,-13
2026-08-29 10:46:00+00:00,40m,7.0401834,F4HHR,JN07,47.5,1.0,943.1,161.2,-26,-0.74,0,0.14,10,0.01,1,-6
2026-08-29 10:46:00+00:00,40m,7.0401532,F4WFT,IN98,48.5,-1.0,802.1,169.2,-23,0.24,0,0.15,23,0.1995,1,-16
2026-08-29 10:46:00+00:00,40m,7.0401768,G7WCI,IO91,51.5,-1.0,475.8,162.7,-24,0.54,0,0.15,23,0.1995,1,-17
2026-08-29 10:46:00+00:00,40m,7.0401593,G3JKF,JO00,50.5,1.0,628.3,152.9,-17,0.11,0,0.38,33,1.9953,1,-20
2026-08-29 10:46:00+00:00,40m,7.0401376,G4VNM,IO90,50.5,-1.0,583.7,165.7,-19,-0.66,0,0.2,23,0.1995,1,-12
2026-08-29 10:46:00+00:00,40m,7.0400427,<PA7D>,JO23VF,53.229167,5.791667,629.0,111.2,-8,0.19,0,0.68,23,0.1995,3,-1
2026-08-29 10:46:00+00:00,40m,7.040118,OZ8PZ,JO47,57.5,9.0,766.4,69.1,-16,0.19,0,0.32,23,0.1995,1,-9
2026-08-29 10:46:00+00:00,40m,7.0401019,LA9RKA,JP65,65.5,13.0,1398.6,31.8,-14,0.37,0,0.43,37,5.0119,1,-21
2026-08-29 10:46:00+00:00,40m,7.0400859,LA1ITS,JO59,59.5,11.0,940.6,56.8,-12,0.75,0,0.6,37,5.0119,1,-19
2026-08-29 10:46:00+00:00,40m,7.0400532,PA1RMC,JO32,52.5,7.0,739.9,113.6,-25,-0.06,0,0.19,23,0.1995,1,-18
2026-08-29 10:46:00+00:00,40m,7.0401321,G4LEN,IO81,51.5,-3.0,456.4,179.6,6,0.28,0,0.84,37,5.0119,1,-1
2026-08-29 10:48:00+00:00,30m,10.140126,GJ7DNI,IN89,49.5,-3.0,678.8,179.7,-25,5.57,0,0.23,23,0.1995,1,-18
2026-08-29 10:48:00+00:00,30m,10.140153,F4WFT,IN98,48.5,-1.0,802.1,169.2,-20,0.24,0,0.41,23,0.1995,1,-13
2026-08-29 10:48:00+00:00,30m,10.1402057,DD3MS,JN59,49.5,11.0,1163.6,119.8,-28,-0.02,0,0.16,20,0.1,1,-18
2026-08-29 10:48:00+00:00,30m,10.140228,EA5RKP,IM99,39.5,-1.0,1797.0,174.3,-25,0.07,0,0.23,23,0.1995,1,-18
2026-08-29 10:48:00+00:00,30m,10.1402538,F1JSC,JN03,43.5,1.0,1376.5,166.2,-20,0.24,0,0.41,33,1.9953,1,-23
2026-08-29 10:50:00+00:00,20m,14.0970995,HA6QL,JN97,47.5,19.0,1759.2,111.6,-17,0.15,0,0.45,33,1.9953,1,-20
2026-08-29 10:54:00+00:00,80m,3.5700655,GM7FIE,IO85,55.5,-3.0,11.9,167.2,-18,0.07,0,0.44,23,0.1995,1,-11
2026-08-29 10:56:00+00:00,160m,1.8381801,G4HSB,IO94,54.5,-1.0,178.8,132.5,-22,0.54,0,0.32,23,0.1995,1,-15
2026-08-29 10:58:00+00:00,80m,3.5700219,GX2PLX,JO02,52.5,1.0,434.3,141.0,-1,-0.66,0,0.82,43,19.9526,1,-14
2026-08-29 10:58:00+00:00,80m,3.5700524,G4BOO,IO91,51.5,-1.0,475.8,162.7,-12,0.92,0,0.53,37,5.0119,1,-19
2026-08-29 10:58:00+00:00,80m,3.5701132,PA2W,JO22,52.5,5.0,627.7,120.0,-22,0.62,0,0.25,37,5.0119,1,-29
2026-08-29 11:02:00+00:00,80m,3.5700202,<GM0PXV>,IO85IW,55.9375,-3.291667,40.2,337.2,-15,-0.06,0,0.5,23,0.1995,3,-8
2026-08-29 11:02:00+00:00,80m,3.5700552,PC2A,JO21,51.5,5.0,699.6,127.4,-26,0.19,0,0.15,17,0.0501,1,-13
2026-08-29 11:02:00+00:00,80m,3.570114,G7UJY,IO93,53.5,-1.0,268.4,149.8,-18,1.3,1,0.4,23,0.1995,1,-11
2026-08-29 11:02:00+00:00,80m,3.5701559,PI4CC,JO21,51.5,5.0,699.6,127.4,-26,0.19,0,0.22,17,0.0501,1,-13
2026-08-29 11:04:00+00:00,30m,10.1401204,OK1BF,JO70,50.5,15.0,1327.6,107.8,-28,0.02,0,0.1,23,0.1995,1,-21
2026-08-29 11:04:00+00:00,30m,10.1401538,F4WFT,IN98,48.5,-1.0,802.1,169.2,-18,0.15,0,0.35,23,0.1995,1,-11
2026-08-29 11:04:00+00:00,30m,10.1402457,GJ7DNI,IN89,49.5,-3.0,678.8,179.7,-26,5.74,0,0.2,23,0.1995,1,-19
2026-08-29 11:06:00+00:00,40m,7.0401969,PA2PGU,JO32,52.5,7.0,739.9,113.6,-27,-0.06,0,0.26,23,0.1995,1,-20
2026-08-29 11:06:00+00:00,40m,7.04016,G3JKF,JO00,50.5,1.0,628.3,152.9,-16,0.11,0,0.48,33,1.9953,1,-19
2026-08-29 11:06:00+00:00,40m,7.0401657,G4TNU,IO91,51.5,-1.0,475.8,162.7,-30,0.45,0,0.13,23,0.1995,1,-23
2026-08-29 11:06:00+00:00,40m,7.0400163,G7WCI,IO91,51.5,-1.0,475.8,162.7,-25,0.37,0,0.2,23,0.1995,1,-18
2026-08-29 11:06:00+00:00,40m,7.0400091,LA4PGA,JP50,60.5,11.0,986.3,50.8,-14,0.02,0,0.59,23,0.1995,1,-7
2026-08-29 11:06:00+00:00,40m,7.040086,DL4XJ,JO42,52.5,9.0,857.0,108.7,-15,0.15,0,0.54,30,1.0,1,-15
2026-08-29 11:08:00+00:00,30m,10.1401631,OZ9ACF,JO65,55.5,13.0,1006.8,84.0,-24,0.28,-1,0.28,37,5.0119,1,-31
2026-08-29 11:08:00+00:00,30m,10.1402389,<...>,JO31AW,51.9375,6.041667,722.0,120.6,-23,0.24,0,0.3,27,0.5012,3,-20
2026-08-29 11:08:00+00:00,30m,10.1402598,EA5RKP,IM99,39.5,-1.0,1797.0,174.3,-28,0.07,0,0.17,23,0.1995,1,-21
2026-08-29 11:10:00+00:00,20m,14.0970598,OZ7IT,JO65,55.5,13.0,1006.8,84.0,-23,0.28,0,0.32,37,5.0119,1,-30
2026-08-29 11:12:00+00:00,80m,3.5701657,EI0CF,IO65,55.5,-7.0,249.2,269.0,-23,0.37,1,0.29,23,0.1995,1,-16
2026-08-29 11:14:00+00:00,20m,14.0970425,EA1RJ,IN71,41.5,-5.0,1574.8,186.0,-22,-0.53,-1,0.29,23,0.1995,1,-15
2026-08-29 11:16:00+00:00,30m,10.1401116,F4GMT,IN93,43.5,-1.0,1353.8,173.0,-25,0.15,0,0.2,23,0.1995,1,-18
2026-08-29 11:16:00+00:00,30m,10.1401598,DL5UY,JN48,48.5,9.0,1138.1,128.9,-15,0.28,0,0.53,40,10.0,1,-25
2026-08-29 11:16:00+00:00,30m,10.1402501,GJ7DNI,IN89,49.5,-3.0,678.8,179.7,-25,5.19,0,0.17,23,0.1995,1,-18
2026-08-29 11:24:00+00:00,40m,7.040183,F4HHR,JN07,47.5,1.0,943.1,161.2,-29,-0.7,0,0.17,10,0.01,1,-9
2026-08-29 11:24:00+00:00,40m,7.0401457,<G7SYO>,IO90DR,50.729167,-1.708333,549.3,170.2,-19,0.37,0,0.47,27,0.5012,3,-16
2026-08-29 11:24:00+00:00,40m,7.0401148,SH6OMP,JO66,56.5,13.0,998.8,77.7,-20,0.02,0,0.37,23,0.1995,1,-13
2026-08-29 11:24:00+00:00,40m,7.0399958,G6CKK,JO01,51.5,1.0,528.5,148.0,-26,0.07,0,0.27,23,0.1995,1,-19
2026-08-29 11:24:00+00:00,40m,7.0400314,PA2PGU,JO32,52.5,7.0,739.9,113.6,-28,-0.06,0,0.19,23,0.1995,1,-21
2026-08-29 11:26:00+00:00,40m,7.0400914,F6KPL,IN99,49.5,-1.0,692.6,167.7,-8,4.12,0,0.55,30,1.0,1,-8
2026-08-29 11:26:00+00:00,40m,7.0400997,G1FQD,IO82,52.5,-3.0,345.2,179.5,0,0.45,0,0.8,37,5.0119,1,-7
2026-08-29 11:26:00+00:00,40m,7.0401085,G7WCI,IO91,51.5,-1.0,475.8,162.7,-21,0.41,0,0.15,23,0.1995,1,-14
2026-08-29 11:26:00+00:00,40m,7.0401377,G4VNM,IO90,50.5,-1.0,583.7,165.7,-21,-0.57,0,0.23,23,0.1995,1,-14
2026-08-29 11:26:00+00:00,40m,7.0401491,OZ1DEO,JO55,55.5,11.0,881.8,84.9,-16,-1.77,0,0.46,30,1.0,1,-16
2026-08-29 11:26:00+00:00,40m,7.0401581,SM6YPE,JO67,57.5,13.0,1003.0,71.3,-18,0.49,0,0.34,23,0.1995,1,-11
2026-08-29 11:26:00+00:00,40m,7.0401594,G3JKF,JO00,50.5,1.0,628.3,152.9,-13,0.02,0,0.38,33,1.9953,1,-16
2026-08-29 11:26:00+00:00,40m,7.040183,F4HHR,JN07,47.5,1.0,943.1,161.2,-24,-0.83,0,0.23,10,0.01,1,-4
2026-08-29 11:28:00+00:00,30m,10.1402387,DK5BK,JO32,52.5,7.0,739.9,113.6,-20,1.09,0,0.22,33,1.9953,1,-23
2026-08-29 11:28:00+00:00,30m,10.1401585,OZ9ACF,JO65,55.5,13.0,1006.8,84.0,-25,0.19,0,0.22,37,5.0119,1,-32
2026-08-29 11:28:00+00:00,30m,10.1402034,EA5RKP,IM99,39.5,-1.0,1797.0,174.3,-23,0.02,0,0.19,23,0.1995,1,-16
2026-08-29 11:28:00+00:00,30m,10.140221,GJ7DNI,IN89,49.5,-3.0,678.8,179.7,-15,5.44,0,0.4,23,0.1995,1,-8
2026-08-29 11:28:00+00:00,30m,10.1402753,<...>,JO59DN,59.5625,10.291667,906.2,55.5,-3,0.24,0,0.68,30,1.0,3,-3
2026-08-29 11:30:00+00:00,20m,14.0971751,<IU0JJD>,JN61TP,41.645833,13.625,1966.6,135.1,-26,-0.06,0,0.14,23,0.1995,3,-19
2026-08-29 11:34:00+00:00,30m,10.140101,GJ7DNI,IN89,49.5,-3.0,678.8,179.7,-19,5.23,0,0.38,23,0.1995,1,-12
2026-08-29 11:34:00+00:00,30m,10.1401151,F4GMT,IN93,43.5,-1.0,1353.8,173.0,-15,0.41,0,0.43,23,0.1995,1,-8
2026-08-29 11:34:00+00:00,30m,10.1401596,DL5UY,JN48,48.5,9.0,1138.1,128.9,-19,0.32,0,0.43,40,10.0,1,-29
2026-08-29 11:36:00+00:00,40m,7.0400017,PA2PGU,JO32,52.5,7.0,739.9,113.6,-20,-0.02,0,0.38,23,0.1995,1,-13
2026-08-29 11:36:00+00:00,40m,7.0400233,EI4GXB,IO52,52.5,-9.0,519.7,230.9,-27,0.07,0,0.21,23,0.1995,1,-20
2026-08-29 11:36:00+00:00,40m,7.0400702,SA7CND,JO76,56.5,15.0,1121.5,77.5,-23,0.11,0,0.29,20,0.1,1,-13
2026-08-29 11:36:00+00:00,40m,7.040092,SA7RST,JO78,58.5,15.0,1133.7,66.1,-20,0.28,0,0.33,23,0.1995,1,-13
2026-08-29 11:36:00+00:00,40m,7.0401518,G3LRS,IO92,52.5,-1.0,370.0,158.1,-18,0.15,0,0.47,27,0.5012,1,-15
2026-08-29 11:38:00+00:00,20m,14.0970539,EA1RJ,IN71,41.5,-5.0,1574.8,186.0,-23,5.78,0,0.2,23,0.1995,1,-16
2026-08-29 11:42:00+00:00,80m,3.5701321,<G4LEN>,IO81UT,51.8125,-2.291667,424.5,173.0,-26,0.37,0,0.17,37,5.0119,3,-33
2026-08-29 11:42:00+00:00,80m,3.5701656,GM7FIE,IO85,55.5,-3.0,11.9,167.2,-26,0.02,0,0.19,23,0.1995,1,-19
2026-08-29 11:46:00+00:00,40m,7.0401932,M0XDC,JO01,51.5,1.0,528.5,148.0,-19,0.28,0,0.46,37,5.0119,1,-26
2026-08-29 11:46:00+00:00,40m,7.0401593,G3JKF,JO00,50.5,1.0,628.3,152.9,-13,0.07,0,0.61,33,1.9953,1,-16
2026-08-29 11:46:00+00:00,40m,7.0401533,F4WFT,IN98,48.5,-1.0,802.1,169.2,-23,0.19,0,0.15,23,0.1995,1,-16
2026-08-29 11:46:00+00:00,40m,7.0401191,OZ8PZ,JO47,57.5,9.0,766.4,69.1,-19,0.28,0,0.35,23,0.1995,1,-12
2026-08-29 11:46:00+00:00,40m,7.0400967,<PA7D>,JO23VF,53.229167,5.791667,629.0,111.2,-8,0.37,0,0.44,23,0.1995,3,-1
2026-08-29 11:46:00+00:00,40m,7.0400856,DL4XJ,JO42,52.5,9.0,857.0,108.7,-9,0.28,0,0.65,30,1.0,1,-9
2026-08-29 11:46:00+00:00,40m,7.040035,EI7II,IO51,51.5,-9.0,602.2,223.2,-15,0.71,0,0.59,23,0.1995,1,-8
2026-08-29 11:46:00+00:00,40m,7.0400196,G7WCI,IO91,51.5,-1.0,475.8,162.7,-27,0.37,0,0.16,23,0.1995,1,-20
2026-08-29 11:46:00+00:00,40m,7.0400997,G1FQD,IO82,52.5,-3.0,345.2,179.5,-7,0.45,0,0.57,37,5.0119,1,-14
2026-08-29 11:48:00+00:00,30m,10.1400979,GJ7DNI,IN89,49.5,-3.0,678.8,179.7,-20,5.53,0,0.4,23,0.1995,1,-13
2026-08-29 11:48:00+00:00,30m,10.1401287,DD3MS,JN59,49.5,11.0,1163.6,119.8,-26,0.02,0,0.19,20,0.1,1,-16
2026-08-29 11:48:00+00:00,30m,10.140153,F4WFT,IN98,48.5,-1.0,802.1,169.2,-19,0.28,0,0.43,23,0.1995,1,-12
2026-08-29 11:48:00+00:00,30m,10.1401794,OZ2JBR,JO65,55.5,13.0,1006.8,84.0,-22,0.28,0,0.33,37,5.0119,1,-29
2026-08-29 11:48:00+00:00,30m,10.1402763,DL2TT,JO31,51.5,7.0,804.0,120.4,-29,0.02,0,0.12,23,0.1995,1,-22
2026-08-29 11:50:00+00:00,20m,14.0971611,EA1RJ,IN71,41.5,-5.0,1574.8,186.0,-24,6.0,0,0.18,23,0.1995,1,-17
2026-08-29 11:50:00+00:00,20m,14.0970381,SM4GTV,JP70,60.5,15.0,1187.7,55.4,-25,0.28,1,0.22,30,1.0,1,-25
2026-08-29 11:50:00+00:00,20m,14.0970995,HA6QL,JN97,47.5,19.0,1759.2,111.6,-12,0.24,0,0.62,33,1.9953,1,-15
2026-08-29 11:54:00+00:00,80m,3.5700668,M8HYX,IO84,54.5,-3.0,122.8,178.7,-28,0.15,0,0.14,23,0.1995,1,-21
2026-08-29 11:54:00+00:00,80m,3.5700604,G7UJY,IO93,53.5,-1.0,268.4,149.8,-20,1.3,2,0.43,23,0.1995,1,-13
2026-08-29 11:56:00+00:00,40m,7.0400858,G6CKK,JO01,51.5,1.0,528.5,148.0,-20,0.07,0,0.31,23,0.1995,1,-13
2026-08-29 11:56:00+00:00,40m,7.0401018,M7PNT,IO92,52.5,-1.0,370.0,158.1,-2,0.32,0,0.76,30,1.0,1,-2
2026-08-29 11:56:00+00:00,40m,7.0401055,PA2W,JO22,52.5,5.0,627.7,120.0,-21,0.62,-1,0.17,37,5.0119,1,-28
2026-08-29 11:56:00+00:00,40m,7.0401594,G3JKF,JO00,50.5,1.0,628.3,152.9,-15,0.07,0,0.55,33,1.9953,1,-18
2026-08-29 11:58:00+00:00,20m,14.0970063,IU0JJD,JN61,41.5,13.0,1953.0,136.7,-28,0.02,0,0.17,23,0.1995,1,-21
2026-08-29 12:02:00+00:00,80m,3.5700944,G7UJY,IO93,53.5,-1.0,268.4,149.8,-15,1.26,1,0.53,23,0.1995,1,-8
2026-08-29 12:02:00+00:00,80m,3.5701209,GX2PLX,JO02,52.5,1.0,434.3,141.0,-6,-0.62,0,0.77,43,19.9526,1,-19
2026-08-29 12:04:00+00:00,30m,10.1401285,EA5RKP,IM99,39.5,-1.0,1797.0,174.3,-23,0.11,0,0.28,23,0.1995,1,-16
2026-08-29 12:04:00+00:00,30m,10.1401531,F4WFT,IN98,48.5,-1.0,802.1,169.2,-21,0.24,0,0.41,23,0.1995,1,-14
2026-08-29 12:04:00+00:00,30m,10.1402449,GJ7DNI,IN89,49.5,-3.0,678.8,179.7,-22,5.66,0,0.28,23,0.1995,1,-15
2026-08-29 12:04:00+00:00,30m,10.1402546,SA0YRL,JO89,59.5,17.0,1265.8,61.8,-20,5.66,0,0.32,23,0.1995,1,-13
2026-08-29 12:06:00+00:00,40m,7.0401595,G3JKF,JO00,50.5,1.0,628.3,152.9,-8,0.28,0,0.51,33,1.9953,1,-11
2026-08-29 12:06:00+00:00,40m,7.0401517,G3LRS,IO92,52.5,-1.0,370.0,158.1,-1,0.15,0,0.76,27,0.5012,1,2
2026-08-29 12:06:00+00:00,40m,7.0400838,M1JRH,IO92,52.5,-1.0,370.0,158.1,-24,-1.21,0,0.2,23,0.1995,1,-17
2026-08-29 12:06:00+00:00,40m,7.0400855,DL4XJ,JO42,52.5,9.0,857.0,108.7,-12,0.28,0,0.5,30,1.0,1,-12
2026-08-29 12:08:00+00:00,30m,10.1401627,F4GMT,IN93,43.5,-1.0,1353.8,173.0,-23,0.45,0,0.17,23,0.1995,1,-16
2026-08-29 12:08:00+00:00,30m,10.1401748,GJ7DNI,IN89,49.5,-3.0,678.8,179.7,-20,5.44,0,0.21,23,0.1995,1,-13
2026-08-29 12:08:00+00:00,30m,10.1401788,LA1ITS,JO59,59.5,11.0,940.6,56.8,-19,0.75,0,0.4,37,5.0119,1,-26
2026-08-29 12:08:00+00:00,30m,10.1402385,DK5BK,JO32,52.5,7.0,739.9,113.6,-28,1.22,0,0.13,33,1.9953,1,-31
2026-08-29 12:10:00+00:00,20m,14.0970641,YU1DGH,KN03,43.5,21.0,2176.3,118.1,-26,0.41,0,0.18,23,0.1995,1,-19
2026-08-29 12:10:00+00:00,20m,14.0971193,<IU0JJD>,JN61TP,41.645833,13.625,1966.6,135.1,-16,0.02,0,0.49,23,0.1995,3,-9
2026-08-29 12:14:00+00:00,80m,3.5701254,GM7FIE,IO85,55.5,-3.0,11.9,167.2,-26,0.11,0,0.19,23,0.1995,1,-19
2026-08-29 12:22:00+00:00,80m,3.5701965,M0XDC,JO01,51.5,1.0,528.5,148.0,-25,0.28,0,0.26,37,5.0119,1,-32
2026-08-29 12:24:00+00:00,40m,7.0401449,<G7SYO>,IO90DR,50.729167,-1.708333,549.3,170.2,-17,0.41,0,0.52,27,0.5012,3,-14
2026-08-29 12:24:00+00:00,40m,7.0400683,PA1RMC,JO32,52.5,7.0,739.9,113.6,-22,0.19,0,0.21,23,0.1995,1,-15
2026-08-29 12:24:00+00:00,40m,7.0400741,<PA7D>,JO23VF,53.229167,5.791667,629.0,111.2,-11,0.24,0,0.59,23,0.1995,3,-4
2026-08-29 12:24:00+00:00,40m,7.0401793,PA2PGU,JO32,52.5,7.0,739.9,113.6,-24,0.02,1,0.21,23,0.1995,1,-17
2026-08-29 12:26:00+00:00,40m,7.0402012,G4UJS,IO82,52.5,-3.0,345.2,179.5,-24,0.58,0,0.34,23,0.1995,1,-17
2026-08-29 12:26:00+00:00,40m,7.040117,F6KPL,IN99,49.5,-1.0,692.6,167.7,-10,4.21,0,0.66,30,1.0,1,-10
2026-08-29 12:26:00+00:00,40m,7.0401602,G3JKF,JO00,50.5,1.0,628.3,152.9,-8,0.24,0,0.72,33,1.9953,1,-11
2026-08-29 12:26:00+00:00,40m,7.0400865,LA1ITS,JO59,59.5,11.0,940.6,56.8,-4,0.79,0,0.76,37,5.0119,1,-11
2026-08-29 12:26:00+00:00,40m,7.0400185,G7GGK,IO80,50.5,-3.0,567.6,179.7,-28,0.02,0,0.16,23,0.1995,1,-21
2026-08-29 12:28:00+00:00,30m,10.1401567,OZ7IT,JO65,55.5,13.0,1006.8,84.0,-20,0.32,0,0.43,37,5.0119,1,-27
2026-08-29 12:28:00+00:00,30m,10.1401756,GJ7DNI,IN89,49.5,-3.0,678.8,179.7,-24,5.49,0,0.22,23,0.1995,1,-17
2026-08-29 12:28:00+00:00,30m,10.1402393,DK5BK,JO32,52.5,7.0,739.9,113.6,-21,1.26,-1,0.12,33,1.9953,1,-24
2026-08-29 12:28:00+00:00,30m,10.1402414,IZ2FER,JN45,45.5,9.0,1405.1,138.1,-20,0.28,0,0.27,20,0.1,1,-10
2026-08-29 12:28:00+00:00,30m,10.1402602,G3JKF,JO00,50.5,1.0,628.3,152.9,-18,0.15,0,0.34,33,1.9953,1,-21
2026-08-29 12:28:00+00:00,30m,10.1402759,LA3JJ/2,,,,,,-5,0.32,0,0.7,30,1.0,2,-5
2026-08-29 12:30:00+00:00,20m,14.0970328,<IU0JJD>,JN61TP,41.645833,13.625,1966.6,135.1,-19,0.07,0,0.4,23,0.1995,3,-12
2026-08-29 12:32:00+00:00,80m,3.5701561,PI4CC,JO21,51.5,5.0,699.6,127.4,-29,0.15,0,0.13,17,0.0501,1,-16
2026-08-29 12:34:00+00:00,40m,7.0401099,M7VKF,IO81,51.5,-3.0,456.4,179.6,-14,-0.02,0,0.57,23,0.1995,1,-7
2026-08-29 12:34:00+00:00,40m,7.0401428,<G7SYO>,IO90DR,50.729167,-1.708333,549.3,170.2,-15,0.41,0,0.52,27,0.5012,3,-12
2026-08-29 12:34:00+00:00,40m,7.0400589,PA7D,JO23,53.5,5.0,568.5,111.0,-13,0.24,0,0.57,23,0.1995,1,-6
2026-08-29 12:34:00+00:00,40m,7.040071,EI7II,IO51,51.5,-9.0,602.2,223.2,-18,0.66,0,0.42,23,0.1995,1,-11
2026-08-29 12:38:00+00:00,30m,10.1401731,GJ7DNI,IN89,49.5,-3.0,678.8,179.7,-24,5.87,0,0.24,23,0.1995,1,-17
2026-08-29 12:38:00+00:00,30m,10.1402754,<LA3JJ/2>,JO59DN,59.5625,10.291667,906.2,55.5,-10,0.32,0,0.6,30,1.0,3,-10
2026-08-29 12:42:00+00:00,80m,3.5701321,G4LEN,IO81,51.5,-3.0,456.4,179.6,-25,0.37,0,0.24,37,5.0119,1,-32
2026-08-29 12:44:00+00:00,160m,1.8381371,G4HSB,IO94,54.5,-1.0,178.8,132.5,-25,0.45,0,0.24,23,0.1995,1,-18
2026-08-29 12:46:00+00:00,40m,7.0400198,M1JRH,IO92,52.5,-1.0,370.0,158.1,-28,-1.17,0,0.23,23,0.1995,1,-21
2026-08-29 12:46:00+00:00,40m,7.040036,G7WCI,IO91,51.5,-1.0,475.8,162.7,-28,0.41,0,0.23,23,0.1995,1,-21
2026-08-29 12:46:00+00:00,40m,7.0400665,EI4GXB,IO52,52.5,-9.0,519.7,230.9,-23,0.11,0,0.28,23,0.1995,1,-16
2026-08-29 12:46:00+00:00,40m,7.0401019,PA7D,JO23,53.5,5.0,568.5,111.0,-14,0.28,0,0.56,23,0.1995,1,-7
2026-08-29 12:46:00+00:00,40m,7.0401048,SM6YPE,JO67,57.5,13.0,1003.0,71.3,-18,0.32,0,0.46,23,0.1995,1,-11
2026-08-29 12:46:00+00:00,40m,7.0401185,OZ8PZ,JO47,57.5,9.0,766.4,69.1,-25,0.28,0,0.22,23,0.1995,1,-18
2026-08-29 12:46:00+00:00,40m,7.0401247,SM3HZA,JP80,60.5,17.0,1292.0,56.9,-23,0.58,0,0.23,23,0.1995,1,-16
2026-08-29 12:46:00+00:00,40m,7.0401596,G3JKF,JO00,50.5,1.0,628.3,152.9,-7,0.19,0,0.74,33,1.9953,1,-10
2026-08-29 12:48:00+00:00,30m,10.1402537,F1JSC,JN03,43.5,1.0,1376.5,166.2,-12,0.32,0,0.55,33,1.9953,1,-15
2026-08-29 12:48:00+00:00,30m,10.1401813,GJ7DNI,IN89,49.5,-3.0,678.8,179.7,-24,5.36,0,0.18,23,0.1995,1,-17
2026-08-29 12:48:00+00:00,30m,10.1402389,<...>,JO31AW,51.9375,6.041667,722.0,120.6,-24,0.28,0,0.21,27,0.5012,3,-21
2026-08-29 12:48:00+00:00,30m,10.1401533,F4WFT,IN98,48.5,-1.0,802.1,169.2,-20,0.28,0,0.39,23,0.1995,1,-13
2026-08-29 12:48:00+00:00,30m,10.1401258,DD3MS,JN59,49.5,11.0,1163.6,119.8,-26,0.11,0,0.23,20,0.1,1,-16
2026-08-29 12:48:00+00:00,30m,10.1401789,LA1ITS,JO59,59.5,11.0,940.6,56.8,-11,0.79,0,0.61,37,5.0119,1,-18
2026-08-29 12:50:00+00:00,20m,14.0970999,HA6QL,JN97,47.5,19.0,1759.2,111.6,-17,0.24,0,0.47,33,1.9953,1,-20
2026-08-29 12:50:00+00:00,20m,14.0971078,EA1RJ,IN71,41.5,-5.0,1574.8,186.0,-23,5.74,-1,0.26,23,0.1995,1,-16
2026-08-29 12:52:00+00:00,80m,3.5700864,GM0PXV,IO85,55.5,-3.0,11.9,167.2,-5,0.11,0,0.68,23,0.1995,1,2
2026-08-29 12:54:00+00:00,30m,10.1401597,DL5UY,JN48,48.5,9.0,1138.1,128.9,-12,0.41,0,0.62,40,10.0,1,-22
2026-08-29 12:54:00+00:00,30m,10.1402532,GJ7DNI,IN89,49.5,-3.0,678.8,179.7,-20,5.14,0,0.38,23,0.1995,1,-13
2026-08-29 12:58:00+00:00,80m,3.5701679,G4HSB,IO94,54.5,-1.0,178.8,132.5,15,0.07,0,0.89,23,0.1995,1,22
2026-08-29 12:58:00+00:00,80m,3.570071,G7UJY,IO93,53.5,-1.0,268.4,149.8,-17,1.22,1,0.35,23,0.1995,1,-10
2026-08-29 12:58:00+00:00,80m,3.5700783,GM4HAM,IO85,55.5,-3.0,11.9,167.2,-7,0.11,0,0.67,23,0.1995,1,0
2026-08-29 13:02:00+00:00,80m,3.5700978,M8HYX,IO84,54.5,-3.0,122.8,178.7,-20,0.02,0,0.36,23,0.1995,1,-13
2026-08-29 13:02:00+00:00,80m,3.5701117,<GD3MAN>,IO74QE,54.1875,-4.625,187.2,213.4,-22,0.02,0,0.29,23,0.1995,3,-15
2026-08-29 13:02:00+00:00,80m,3.5701294,GM7FIE,IO85,55.5,-3.0,11.9,167.2,-17,0.19,0,0.41,23,0.1995,1,-10
2026-08-29 13:02:00+00:00,80m,3.5701323,G4LEN,IO81,51.5,-3.0,456.4,179.6,-18,0.24,0,0.38,37,5.0119,1,-25
2026-08-29 13:04:00+00:00,40m,7.0401142,SM3HZA,JP80,60.5,17.0,1292.0,56.9,-22,-0.02,0,0.17,23,0.1995,1,-15
2026-08-29 13:04:00+00:00,40m,7.0401069,SA7RST,JO78,58.5,15.0,1133.7,66.1,-17,0.28,0,0.33,23,0.1995,1,-10
2026-08-29 13:04:00+00:00,40m,7.0400015,DL0PBS,JO33,53.5,7.0,687.8,105.7,-27,0.28,0,0.23,23,0.1995,1,-20
2026-08-29 13:04:00+00:00,40m,7.0400327,<G7SYO>,IO90DR,50.729167,-1.708333,549.3,170.2,-16,0.37,0,0.52,27,0.5012,3,-13
2026-08-29 13:04:00+00:00,40m,7.0400997,G1FQD,IO82,52.5,-3.0,345.2,179.5,-6,0.75,0,0.7,37,5.0119,1,-13
2026-08-29 13:06:00+00:00,40m,7.04004,SA7CND,JO76,56.5,15.0,1121.5,77.5,-21,0.02,0,0.25,20,0.1,1,-11
2026-08-29 13:06:00+00:00,40m,7.0400537,EI7II,IO51,51.5,-9.0,602.2,223.2,-8,0.66,0,0.71,23,0.1995,1,-1
2026-08-29 13:06:00+00:00,40m,7.0400744,PA2PGU,JO32,52.5,7.0,739.9,113.6,-20,-0.1,0,0.36,23,0.1995,1,-13
2026-08-29 13:06:00+00:00,40m,7.0401015,G1FXB,IO91,51.5,-1.0,475.8,162.7,-25,-3.65,0,0.18,20,0.1,1,-15
2026-08-29 13:06:00+00:00,40m,7.0401228,G7WCI,IO91,51.5,-1.0,475.8,162.7,-20,0.41,0,0.34,23,0.1995,1,-13
2026-08-29 13:06:00+00:00,40m,7.0401419,G4TNU,IO91,51.5,-1.0,475.8,162.7,-24,0.45,0,0.18,23,0.1995,1,-17
2026-08-29 13:06:00+00:00,40m,7.0401518,G3LRS,IO92,52.5,-1.0,370.0,158.1,-4,0.19,0,0.79,27,0.5012,1,-1
2026-08-29 13:06:00+00:00,40m,7.0401593,G3JKF,JO00,50.5,1.0,628.3,152.9,-17,0.15,0,0.36,33,1.9953,1,-20
2026-08-29 13:06:00+00:00,40m,7.040171,SG7SUN/B,,,,,,-24,0.66,0,0.13,27,0.5012,2,-21
2026-08-29 13:06:00+00:00,40m,7.0401932,M0XDC,JO01,51.5,1.0,528.5,148.0,-14,0.28,0,0.5,37,5.0119,1,-21
2026-08-29 13:08:00+00:00,30m,10.1402753,LA3JJ/2,,,,,,-10,0.28,0,0.64,30,1.0,2,-10
2026-08-29 13:08:00+00:00,30m,10.1402582,SA7CND,JO76,56.5,15.0,1121.5,77.5,-25,0.11,0,0.16,20,0.1,1,-15
2026-08-29 13:08:00+00:00,30m,10.1401772,EA5RKP,IM99,39.5,-1.0,1797.0,174.3,-28,0.15,0,0.19,23,0.1995,1,-21
2026-08-29 13:08:00+00:00,30m,10.1402534,F1JSC,JN03,43.5,1.0,1376.5,166.2,-20,0.28,0,0.27,33,1.9953,1,-23
2026-08-29 13:08:00+00:00,30m,10.1401216,EI7II,IO51,51.5,-9.0,602.2,223.2,-13,0.66,0,0.63,23,0.1995,1,-6
2026-08-29 13:10:00+00:00,20m,14.0970774,<IU0JJD>,JN61TP,41.645833,13.625,1966.6,135.1,-21,0.02,0,0.31,23,0.1995,3,-14
2026-08-29 13:10:00+00:00,20m,14.0971467,<CT1ETL/1>,IM58OB,38.0625,-8.791667,1997.3,194.8,-24,0.32,0,0.24,37,5.0119,3,-31
2026-08-29 13:10:00+00:00,20m,14.0972006,CT7AMG,IM58,38.5,-9.0,1953.0,195.6,-26,0.07,0,0.21,23,0.1995,1,-19
2026-08-29 13:12:00+00:00,80m,3.5700299,G4UJS,IO82,52.5,-3.0,345.2,179.5,-22,0.49,0,0.39,23,0.1995,1,-15
2026-08-29 13:12:00+00:00,80m,3.5701544,GM8HHC,IO85,55.5,-3.0,11.9,167.2,-28,0.15,0,0.17,23,0.1995,1,-21
2026-08-29 13:12:00+00:00,80m,3.5701838,EI0CF,IO65,55.5,-7.0,249.2,269.0,-21,0.41,1,0.37,23,0.1995,1,-14
2026-08-29 13:16:00+00:00,30m,10.1401,GJ7DNI,IN89,49.5,-3.0,678.8,179.7,-16,5.83,0,0.48,23,0.1995,1,-9
2026-08-29 13:18:00+00:00,40m,7.040038,SM6YPE,JO67,57.5,13.0,1003.0,71.3,-15,0.41,0,0.35,23,0.1995,1,-8
2026-08-29 13:18:00+00:00,40m,7.0401492,PA2PGU,JO32,52.5,7.0,739.9,113.6,-20,-0.02,0,0.34,23,0.1995,1,-13
2026-08-29 13:22:00+00:00,80m,3.5701309,GX2PLX,JO02,52.5,1.0,434.3,141.0,-6,-0.66,0,0.73,43,19.9526,1,-19
2026-08-29 13:22:00+00:00,80m,3.5701923,<GM0PXV>,IO85IW,55.9375,-3.291667,40.2,337.2,-6,0.02,0,0.69,23,0.1995,3,1
2026-08-29 13:22:00+00:00,80m,3.5701965,M0XDC,JO01,51.5,1.0,528.5,148.0,-23,0.19,-1,0.19,37,5.0119,1,-30
2026-08-29 13:24:00+00:00,40m,7.0402017,<PA7D>,JO23VF,53.229167,5.791667,629.0,111.2,-12,0.24,0,0.62,23,0.1995,3,-5
2026-08-29 13:24:00+00:00,40m,7.0401665,G6CKK,JO01,51.5,1.0,528.5,148.0,-19,0.02,0,0.36,23,0.1995,1,-12
2026-08-29 13:24:00+00:00,40m,7.0401581,PA2PGU,JO32,52.5,7.0,739.9,113.6,-20,0.02,0,0.29,23,0.1995,1,-13
2026-08-29 13:24:00+00:00,40m,7.0401347,GX2PLX,JO02,52.5,1.0,434.3,141.0,-1,-0.66,0,0.81,43,19.9526,1,-14
2026-08-29 13:24:00+00:00,40m,7.0400215,SA7CND,JO76,56.5,15.0,1121.5,77.5,-31,-0.02,0,0.19,20,0.1,1,-21
2026-08-29 13:24:00+00:00,40m,7.0400687,<G7SYO>,IO90DR,50.729167,-1.708333,549.3,170.2,-18,0.32,0,0.44,27,0.5012,3,-15
2026-08-29 13:24:00+00:00,40m,7.0400365,PD8GB,JO32,52.5,7.0,739.9,113.6,-20,0.02,0,0.25,13,0.02,1,-3
2026-08-29 13:24:00+00:00,40m,7.0400997,G1FQD,IO82,52.5,-3.0,345.2,179.5,-9,0.71,0,0.68,37,5.0119,1,-16
2026-08-29 13:26:00+00:00,40m,7.0400254,LA4PGA,JP50,60.5,11.0,986.3,50.8,-20,0.07,0,0.38,23,0.1995,1,-13
2026-08-29 13:26:00+00:00,40m,7.040078,G4TNU,IO91,51.5,-1.0,475.8,162.7,-25,0.41,0,0.21,23,0.1995,1,-18
2026-08-29 13:26:00+00:00,40m,7.0400863,F6KPL,IN99,49.5,-1.0,692.6,167.7,-15,4.16,0,0.56,30,1.0,1,-15
2026-08-29 13:26:00+00:00,40m,7.0401587,G7WCI,IO91,51.5,-1.0,475.8,162.7,-22,0.54,0,0.25,23,0.1995,1,-15
2026-08-29 13:26:00+00:00,40m,7.0401596,G3JKF,JO00,50.5,1.0,628.3,152.9,-12,0.02,0,0.44,33,1.9953,1,-15
2026-08-29 13:28:00+00:00,30m,10.140165,GJ7DNI,IN89,49.5,-3.0,678.8,179.7,-20,5.1,0,0.38,23,0.1995,1,-13
2026-08-29 13:30:00+00:00,20m,14.0971044,<IU0JJD>,JN61TP,41.645833,13.625,1966.6,135.1,-14,0.02,0,0.56,23,0.1995,3,-7
2026-08-29 13:32:00+00:00,80m,3.5700791,GM4DTH,IO85,55.5,-3.0,11.9,167.2,-25,0.11,0,0.25,23,0.1995,1,-18
2026-08-29 13:32:00+00:00,80m,3.5700196,GD3MAN,IO74,54.5,-5.0,175.0,226.3,-22,0.02,0,0.35,23,0.1995,1,-15
2026-08-29 13:36:00+00:00,20m,14.0970383,<SM4GTV>,JP70LD,60.145833,14.958333,1173.1,57.2,-14,0.28,0,0.57,30,1.0,3,-14
2026-08-29 13:38:00+00:00,40m,7.0400256,EI7II,IO51,51.5,-9.0,602.2,223.2,-16,0.58,0,0.53,23,0.1995,1,-9
2026-08-29 13:38:00+00:00,40m,7.0401103,F6KPL,IN99,49.5,-1.0,692.6,167.7,-10,4.16,0,0.67,30,1.0,1,-10
2026-08-29 13:44:00+00:00,30m,10.1402017,SA0YRL,JO89,59.5,17.0,1265.8,61.8,-19,4.85,0,0.16,23,0.1995,1,-12
2026-08-29 13:44:00+00:00,30m,10.1402224,DL2NED,JN59,49.5,11.0,1163.6,119.8,-23,0.28,0,0.27,23,0.1995,1,-16
2026-08-29 13:44:00+00:00,30m,10.1402385,DK5BK,JO32,52.5,7.0,739.9,113.6,-26,1.3,0,0.15,33,1.9953,1,-29
2026-08-29 13:44:00+00:00,30m,10.140245,GJ7DNI,IN89,49.5,-3.0,678.8,179.7,-18,5.36,0,0.37,23,0.1995,1,-11
2026-08-29 13:44:00+00:00,30m,10.1402787,SA7CND,JO76,56.5,15.0,1121.5,77.5,-20,0.02,0,0.39,20,0.1,1,-10
2026-08-29 13:44:00+00:00,30m,10.1402971,SK7BQ,JO76,56.5,15.0,1121.5,77.5,-26,0.37,0,0.27,23,0.1995,1,-19
2026-08-29 13:46:00+00:00,40m,7.0401594,G3JKF,JO00,50.5,1.0,628.3,152.9,-20,0.19,0,0.38,33,1.9953,1,-23
2026-08-29 13:46:00+00:00,40m,7.0401183,OZ8PZ,JO47,57.5,9.0,766.4,69.1,-24,0.28,0,0.18,23,0.1995,1,-17
2026-08-29 13:46:00+00:00,40m,7.0401019,LA9RKA,JP65,65.5,13.0,1398.6,31.8,-18,0.62,0,0.29,37,5.0119,1,-25
2026-08-29 13:46:00+00:00,40m,7.0400997,PA7D,JO23,53.5,5.0,568.5,111.0,-8,0.19,0,0.56,23,0.1995,1,-1
2026-08-29 13:46:00+00:00,40m,7.0400918,G4USI/W,,,,,,-22,0.37,0,0.17,23,0.1995,2,-15
2026-08-29 13:46:00+00:00,40m,7.0400859,LA1ITS,JO59,59.5,11.0,940.6,56.8,-10,0.79,0,0.53,37,5.0119,1,-17
2026-08-29 13:46:00+00:00,40m,7.0400855,DL4XJ,JO42,52.5,9.0,857.0,108.7,-20,0.28,0,0.26,30,1.0,1,-20
2026-08-29 13:46:00+00:00,40m,7.0400277,G7WCI,IO91,51.5,-1.0,475.8,162.7,-23,0.41,0,0.28,23,0.1995,1,-16
2026-08-29 13:48:00+00:00,30m,10.1401214,<...>,JO61DH,51.3125,12.291667,1118.6,108.9,-27,0.07,0,0.19,23,0.1995,3,-20
2026-08-29 13:48:00+00:00,30m,10.140153,F4WFT,IN98,48.5,-1.0,802.1,169.2,-15,0.24,0,0.42,23,0.1995,1,-8
2026-08-29 13:48:00+00:00,30m,10.1401558,HB9YC,JN46,46.5,9.0,1312.8,135.4,-23,-1.85,2,0.25,30,1.0,1,-23
2026-08-29 13:48:00+00:00,30m,10.140156,OZ7IT,JO65,55.5,13.0,1006.8,84.0,-13,0.15,0,0.46,37,5.0119,1,-20
2026-08-29 13:48:00+00:00,30m,10.1401794,OZ2JBR,JO65,55.5,13.0,1006.8,84.0,-19,0.28,0,0.35,37,5.0119,1,-26
2026-08-29 13:48:00+00:00,30m,10.1402007,DD3MS,JN59,49.5,11.0,1163.6,119.8,-20,0.02,0,0.33,20,0.1,1,-10
2026-08-29 13:50:00+00:00,20m,14.0970995,HA6QL,JN97,47.5,19.0,1759.2,111.6,-21,0.15,0,0.29,33,1.9953,1,-24
2026-08-29 13:50:00+00:00,20m,14.0971154,<IU0JJD>,JN61TP,41.645833,13.625,1966.6,135.1,-22,-0.06,0,0.27,23,0.1995,3,-15
2026-08-29 13:50:00+00:00,20m,14.0971375,EA1RJ,IN71,41.5,-5.0,1574.8,186.0,-15,5.23,-1,0.4,23,0.1995,1,-8
2026-08-29 13:52:00+00:00,40m,7.0401477,<OZ1DEO>,JO55VS,55.770833,11.791667,928.2,82.7,-21,-1.85,0,0.35,30,1.0,3,-21
2026-08-29 13:52:00+00:00,40m,7.0401646,G7SYO,IO90,50.5,-1.0,583.7,165.7,-8,0.28,0,0.7,27,0.5012,1,-5
2026-08-29 13:52:00+00:00,40m,7.0401219,ON4WS,JO20,50.5,5.0,780.7,133.3,-20,0.37,0,0.32,30,1.0,1,-20
2026-08-29 13:52:00+00:00,40m,7.0400139,SK7BQ,JO76,56.5,15.0,1121.5,77.5,-30,0.37,0,0.22,23,0.1995,1,-23
2026-08-29 13:52:00+00:00,40m,7.0400491,M0OLS,IO81,51.5,-3.0,456.4,179.6,-19,0.37,0,0.46,23,0.1995,1,-12
2026-08-29 13:52:00+00:00,40m,7.0400997,G1FQD,IO82,52.5,-3.0,345.2,179.5,-8,0.79,0,0.66,37,5.0119,1,-15
2026-08-29 13:52:00+00:00,40m,7.0400014,DL0PBS,JO33,53.5,7.0,687.8,105.7,-25,0.19,0,0.36,23,0.1995,1,-18
2026-08-29 13:54:00+00:00,80m,3.5700399,G7UJY,IO93,53.5,-1.0,268.4,149.8,-21,1.22,2,0.45,23,0.1995,1,-14
2026-08-29 13:54:00+00:00,80m,3.5701819,GX2PLX,JO02,52.5,1.0,434.3,141.0,-12,-0.66,0,0.67,43,19.9526,1,-25
2026-08-29 13:56:00+00:00,20m,14.0971061,EA1RJ,IN71,41.5,-5.0,1574.8,186.0,-19,5.36,-1,0.4,23,0.1995,1,-12
2026-08-29 14:02:00+00:00,80m,3.5700399,M0GUC,IO82,52.5,-3.0,345.2,179.5,-25,0.45,0,0.24,37,5.0119,1,-32
2026-08-29 14:04:00+00:00,30m,10.1401427,SA0YRL,JO89,59.5,17.0,1265.8,61.8,-16,4.97,0,0.4,23,0.1995,1,-9
2026-08-29 14:04:00+00:00,30m,10.1401532,F4WFT,IN98,48.5,-1.0,802.1,169.2,-21,0.19,0,0.34,23,0.1995,1,-14
2026-08-29 14:04:00+00:00,30m,10.1401851,GJ7DNI,IN89,49.5,-3.0,678.8,179.7,-17,1.26,0,0.42,23,0.1995,1,-10
2026-08-29 14:04:00+00:00,30m,10.1402863,DL2NED,JN59,49.5,11.0,1163.6,119.8,-27,0.28,0,0.25,23,0.1995,1,-20
2026-08-29 14:06:00+00:00,40m,7.040183,F4HHR,JN07,47.5,1.0,943.1,161.2,-22,-0.66,0,0.24,10,0.01,1,-2
2026-08-29 14:06:00+00:00,40m,7.0401598,G3JKF,JO00,50.5,1.0,628.3,152.9,-9,0.15,0,0.64,33,1.9953,1,-12
2026-08-29 14:06:00+00:00,40m,7.0401381,G4VNM,IO90,50.5,-1.0,583.7,165.7,-21,-0.66,0,0.2,23,0.1995,1,-14
2026-08-29 14:06:00+00:00,40m,7.0401355,<...>,IO90HX,50.979167,-1.375,526.0,167.2,-22,0.15,0,0.19,23,0.1995,3,-15
2026-08-29 14:06:00+00:00,40m,7.0400275,PA2PGU,JO32,52.5,7.0,739.9,113.6,-20,-0.06,0,0.41,23,0.1995,1,-13
2026-08-29 14:08:00+00:00,30m,10.1401175,HB9T,JN36,46.5,7.0,1229.2,141.2,-28,0.49,0,0.17,23,0.1995,1,-21
2026-08-29 14:08:00+00:00,30m,10.140162,DL6NL,JO50,50.5,11.0,1093.8,115.4,-20,1.99,0,0.38,20,0.1,1,-10
2026-08-29 14:08:00+00:00,30m,10.1401818,GJ7DNI,IN89,49.5,-3.0,678.8,179.7,-26,4.97,0,0.19,23,0.1995,1,-19
2026-08-29 14:08:00+00:00,30m,10.1402396,DK5BK,JO32,52.5,7.0,739.9,113.6,-25,0.37,0,0.21,33,1.9953,1,-28
2026-08-29 14:10:00+00:00,20m,14.0970388,<SM4GTV>,JP70LD,60.145833,14.958333,1173.1,57.2,-25,0.28,0,0.21,30,1.0,3,-25
2026-08-29 14:10:00+00:00,20m,14.0971581,<IU0JJD>,JN61TP,41.645833,13.625,1966.6,135.1,-14,-0.02,0,0.51,23,0.1995,3,-7
2026-08-29 14:12:00+00:00,80m,3.5700526,G4BOO,IO91,51.5,-1.0,475.8,162.7,-21,0.88,0,0.35,37,5.0119,1,-28
2026-08-29 14:12:00+00:00,80m,3.5700628,EI0CF,IO65,55.5,-7.0,249.2,269.0,-22,0.28,1,0.31,23,0.1995,1,-15
2026-08-29 14:12:00+00:00,80m,3.570093,G7UJY,IO93,53.5,-1.0,268.4,149.8,-13,1.18,2,0.62,23,0.1995,1,-6
2026-08-29 14:14:00+00:00,20m,14.0970318,EA1RJ,IN71,41.5,-5.0,1574.8,186.0,-19,5.36,0,0.32,23,0.1995,1,-12
2026-08-29 14:18:00+00:00,40m,7.0401378,G4VNM,IO90,50.5,-1.0,583.7,165.7,-23,-0.57,0,0.36,23,0.1995,1,-16
2026-08-29 14:18:00+00:00,40m,7.0400009,<...>,JN05LU,45.854167,0.958333,1119.6,163.9,-23,-0.27,0,0.29,30,1.0,3,-23
2026-08-29 14:18:00+00:00,40m,7.040063,PA2PGU,JO32,52.5,7.0,739.9,113.6,-18,-0.15,0,0.46,23,0.1995,1,-11
2026-08-29 14:22:00+00:00,80m,3.5700216,GM7FIE,IO85,55.5,-3.0,11.9,167.2,-23,-0.02,0,0.39,23,0.1995,1,-16
2026-08-29 14:24:00+00:00,30m,10.1401333,DL2NED,JN59,49.5,11.0,1163.6,119.8,-22,0.19,0,0.35,23,0.1995,1,-15
2026-08-29 14:24:00+00:00,30m,10.1401514,HB9YC,JN46,46.5,9.0,1312.8,135.4,-18,0.11,1,0.44,30,1.0,1,-18
2026-08-29 14:24:00+00:00,30m,10.1401795,OZ2JBR,JO65,55.5,13.0,1006.8,84.0,-22,0.19,0,0.35,37,5.0119,1,-29
2026-08-29 14:24:00+00:00,30m,10.1402201,GJ7DNI,IN89,49.5,-3.0,678.8,179.7,-18,5.19,0,0.4,23,0.1995,1,-11
2026-08-29 14:24:00+00:00,30m,10.1403018,SA0YRL,JO89,59.5,17.0,1265.8,61.8,-17,4.76,0,0.37,23,0.1995,1,-10
2026-08-29 14:26:00+00:00,40m,7.0401831,F4HHR,JN07,47.5,1.0,943.1,161.2,-21,-0.7,1,0.25,10,0.01,1,-1
2026-08-29 14:26:00+00:00,40m,7.0401478,OZ1DEO,JO55,55.5,11.0,881.8,84.9,-12,-1.81,0,0.57,30,1.0,1,-12
2026-08-29 14:26:00+00:00,40m,7.0401596,G3JKF,JO00,50.5,1.0,628.3,152.9,-8,0.07,0,0.57,33,1.9953,1,-11
2026-08-29 14:26:00+00:00,40m,7.0400995,DK9ES,JO31,51.5,7.0,804.0,120.4,-23,0.19,0,0.2,23,0.1995,1,-16
2026-08-29 14:26:00+00:00,40m,7.0400244,EI7II,IO51,51.5,-9.0,602.2,223.2,-21,0.49,0,0.45,23,0.1995,1,-14
2026-08-29 14:26:00+00:00,40m,7.0401133,F6KPL,IN99,49.5,-1.0,692.6,167.7,-3,4.12,0,0.77,30,1.0,1,-3
2026-08-29 14:28:00+00:00,30m,10.140115,GJ7DNI,IN89,49.5,-3.0,678.8,179.7,-16,1.86,0,0.45,23,0.1995,1,-9
2026-08-29 14:28:00+00:00,30m,10.1401416,DG8GAD,JN48,48.5,9.0,1138.1,128.9,-24,-0.36,0,0.16,30,1.0,1,-24
2026-08-29 14:28:00+00:00,30m,10.1401465,F4GMT,IN93,43.5,-1.0,1353.8,173.0,-13,-0.23,0,0.39,23,0.1995,1,-6
2026-08-29 14:28:00+00:00,30m,10.140148,EA5RKP,IM99,39.5,-1.0,1797.0,174.3,-23,-0.02,0,0.14,23,0.1995,1,-16
2026-08-29 14:28:00+00:00,30m,10.1402536,F1JSC,JN03,43.5,1.0,1376.5,166.2,-21,0.24,0,0.4,33,1.9953,1,-24
2026-08-29 14:30:00+00:00,20m,14.0971011,UA3ARC,KO85,55.5,37.0,2483.3,73.5,-8,0.75,0,0.67,30,1.0,1,-8
2026-08-29 14:30:00+00:00,20m,14.0971485,<IU0JJD>,JN61TP,41.645833,13.625,1966.6,135.1,-12,-0.06,0,0.58,23,0.1995,3,-5
2026-08-29 14:36:00+00:00,30m,10.1401511,HB9YC,JN46,46.5,9.0,1312.8,135.4,0,0.15,1,0.78,30,1.0,1,0
2026-08-29 14:36:00+00:00,30m,10.1400999,GJ7DNI,IN89,49.5,-3.0,678.8,179.7,-26,0.45,0,0.17,23,0.1995,1,-19
2026-08-29 14:36:00+00:00,30m,10.1402001,EA5RKP,IM99,39.5,-1.0,1797.0,174.3,-26,0.07,0,0.15,23,0.1995,1,-19
2026-08-29 14:38:00+00:00,40m,7.0401309,M0NIF,IO90,50.5,-1.0,583.7,165.7,-22,0.24,0,0.34,23,0.1995,1,-15
2026-08-29 14:38:00+00:00,40m,7.0401376,G4VNM,IO90,50.5,-1.0,583.7,165.7,-25,-0.57,0,0.21,23,0.1995,1,-18
2026-08-29 14:38:00+00:00,40m,7.0400997,OZ4JJ,JO56,56.5,11.0,876.0,77.7,-24,0.07,0,0.22,13,0.02,1,-7
2026-08-29 14:38:00+00:00,40m,7.0401996,SM6YPE,JO67,57.5,13.0,1003.0,71.3,-21,0.37,0,0.4,23,0.1995,1,-14
2026-08-29 14:38:00+00:00,40m,7.0400963,DL7VXX,JO62,52.5,13.0,1099.6,101.6,-16,-0.4,0,0.21,37,5.0119,1,-23
2026-08-29 14:38:00+00:00,40m,7.0400009,<...>,JN05LU,45.854167,0.958333,1119.6,163.9,-26,-0.32,0,0.24,30,1.0,3,-26
2026-08-29 14:38:00+00:00,40m,7.0400996,G1FQD,IO82,52.5,-3.0,345.2,179.5,-15,0.83,0,0.34,37,5.0119,1,-22
2026-08-29 14:38:00+00:00,40m,7.0400874,F6KPL,IN99,49.5,-1.0,692.6,167.7,-10,4.12,0,0.68,30,1.0,1,-10
2026-08-29 14:42:00+00:00,80m,3.5700524,G4BOO,IO91,51.5,-1.0,475.8,162.7,-23,0.92,0,0.17,37,5.0119,1,-30
2026-08-29 14:42:00+00:00,80m,3.5700619,GX2PLX,JO02,52.5,1.0,434.3,141.0,-6,-0.7,0,0.77,43,19.9526,1,-19
2026-08-29 14:42:00+00:00,80m,3.5701466,<GD3MAN>,IO74QE,54.1875,-4.625,187.2,213.4,-27,0.07,0,0.17,23,0.1995,3,-20
2026-08-29 14:42:00+00:00,80m,3.5701965,M0XDC,JO01,51.5,1.0,528.5,148.0,-27,0.28,0,0.3,37,5.0119,1,-34
2026-08-29 14:44:00+00:00,40m,7.0399997,<G7SYO>,IO90DR,50.729167,-1.708333,549.3,170.2,-17,0.19,0,0.52,27,0.5012,3,-14
2026-08-29 14:44:00+00:00,40m,7.0400732,PE1KWH,JO22,52.5,5.0,627.7,120.0,-21,-0.19,0,0.19,20,0.1,1,-11
2026-08-29 14:44:00+00:00,40m,7.0400805,G6CKK,JO01,51.5,1.0,528.5,148.0,-16,-0.02,0,0.27,23,0.1995,1,-9
2026-08-29 14:44:00+00:00,40m,7.0400907,GX2PLX,JO02,52.5,1.0,434.3,141.0,6,-0.66,0,0.88,43,19.9526,1,-7
2026-08-29 14:46:00+00:00,40m,7.0401185,OZ8PZ,JO47,57.5,9.0,766.4,69.1,-17,0.19,0,0.37,23,0.1995,1,-10
2026-08-29 14:46:00+00:00,40m,7.0401594,G3JKF,JO00,50.5,1.0,628.3,152.9,-5,0.02,0,0.73,33,1.9953,1,-8
2026-08-29 14:46:00+00:00,40m,7.040153,F4WFT,IN98,48.5,-1.0,802.1,169.2,-16,0.15,0,0.25,23,0.1995,1,-9
2026-08-29 14:46:00+00:00,40m,7.0401376,G4VNM,IO90,50.5,-1.0,583.7,165.7,-20,-0.62,0,0.35,23,0.1995,1,-13
2026-08-29 14:46:00+00:00,40m,7.0400963,DL7VXX,JO62,52.5,13.0,1099.6,101.6,-16,-0.49,0,0.29,37,5.0119,1,-23
2026-08-29 14:46:00+00:00,40m,7.0400873,M0OLS,IO81,51.5,-3.0,456.4,179.6,-15,0.37,0,0.32,23,0.1995,1,-8
2026-08-29 14:46:00+00:00,40m,7.0400846,DL4XJ,JO42,52.5,9.0,857.0,108.7,-17,0.19,0,0.15,30,1.0,1,-17
2026-08-29 14:46:00+00:00,40m,7.0400008,<...>,JN05LU,45.854167,0.958333,1119.6,163.9,-28,-0.27,0,0.24,30,1.0,3,-28
2026-08-29 14:46:00+00:00,40m,7.0401037,PA7D,JO23,53.5,5.0,568.5,111.0,-11,0.15,0,0.62,23,0.1995,1,-4
2026-08-29 14:48:00+00:00,30m,10.1401515,HB9YC,JN46,46.5,9.0,1312.8,135.4,-5,0.19,2,0.57,30,1.0,1,-5
2026-08-29 14:48:00+00:00,30m,10.1401533,F4WFT,IN98,48.5,-1.0,802.1,169.2,-19,0.19,0,0.23,23,0.1995,1,-12
2026-08-29 14:48:00+00:00,30m,10.1401616,DL6NL,JO50,50.5,11.0,1093.8,115.4,-23,1.99,0,0.15,20,0.1,1,-13
2026-08-29 14:48:00+00:00,30m,10.140165,GJ7DNI,IN89,49.5,-3.0,678.8,179.7,-21,0.79,0,0.21,23,0.1995,1,-14
2026-08-29 14:48:00+00:00,30m,10.1401995,HA6QL,JN97,47.5,19.0,1759.2,111.6,-26,0.19,0,0.22,33,1.9953,1,-29
2026-08-29 14:48:00+00:00,30m,10.1402707,DD3MS,JN59,49.5,11.0,1163.6,119.8,-19,-0.02,0,0.43,20,0.1,1,-9
2026-08-29 14:48:00+00:00,30m,10.1402753,<LA3JJ/2>,JO59DN,59.5625,10.291667,906.2,55.5,-8,0.24,0,0.63,30,1.0,3,-8
2026-08-29 14:50:00+00:00,20m,14.0971534,<IU0JJD>,JN61TP,41.645833,13.625,1966.6,135.1,-13,-0.02,0,0.57,23,0.1995,3,-6
2026-08-29 14:52:00+00:00,80m,3.5700524,G4BOO,IO91,51.5,-1.0,475.8,162.7,-13,0.92,0,0.63,37,5.0119,1,-20
2026-08-29 14:54:00+00:00,160m,1.838105,G4HSB,IO94,54.5,-1.0,178.8,132.5,-29,0.37,0,0.15,23,0.1995,1,-22
2026-08-29 14:56:00+00:00,80m,3.5701559,PI4CC,JO21,51.5,5.0,699.6,127.4,-30,0.15,0,0.18,17,0.0501,1,-17
2026-08-29 14:56:00+00:00,80m,3.5700084,G7UJY,IO93,53.5,-1.0,268.4,149.8,-9,1.22,1,0.66,23,0.1995,1,-2
2026-08-29 14:58:00+00:00,20m,14.0969935,IU0JJD,JN61,41.5,13.0,1953.0,136.7,-7,0.02,0,0.69,23,0.1995,1,0
2026-08-29 15:02:00+00:00,80m,3.5700553,PC2A,JO21,51.5,5.0,699.6,127.4,-27,0.11,0,0.15,17,0.0501,1,-14
2026-08-29 15:02:00+00:00,80m,3.5701559,PI4CC,JO21,51.5,5.0,699.6,127.4,-26,0.19,0,0.24,17,0.0501,1,-13
2026-08-29 15:02:00+00:00,80m,3.5701861,GM4DTH,IO85,55.5,-3.0,11.9,167.2,-23,0.07,0,0.31,23,0.1995,1,-16
2026-08-29 15:02:00+00:00,80m,3.5701964,M0XDC,JO01,51.5,1.0,528.5,148.0,-23,0.19,0,0.32,37,5.0119,1,-30
2026-08-29 15:04:00+00:00,30m,10.140095,GJ7DNI,IN89,49.5,-3.0,678.8,179.7,-24,5.02,0,0.19,23,0.1995,1,-17
2026-08-29 15:04:00+00:00,30m,10.140122,EA5RKP,IM99,39.5,-1.0,1797.0,174.3,-27,0.07,0,0.15,23,0.1995,1,-20
2026-08-29 15:04:00+00:00,30m,10.1401293,F4GMT,IN93,43.5,-1.0,1353.8,173.0,-18,-0.06,-1,0.33,23,0.1995,1,-11
2026-08-29 15:04:00+00:00,30m,10.1401532,F4WFT,IN98,48.5,-1.0,802.1,169.2,-16,0.24,0,0.54,23,0.1995,1,-9
2026-08-29 15:04:00+00:00,30m,10.1401833,OK1BF,JO70,50.5,15.0,1327.6,107.8,-26,0.02,0,0.16,23,0.1995,1,-19
2026-08-29 15:04:00+00:00,30m,10.1402777,SA0YRL,JO89,59.5,17.0,1265.8,61.8,-29,4.59,0,0.13,23,0.1995,1,-22
2026-08-29 15:06:00+00:00,40m,7.0402019,G4TNU,IO91,51.5,-1.0,475.8,162.7,-27,0.41,0,0.22,23,0.1995,1,-20
2026-08-29 15:06:00+00:00,40m,7.0401594,G3JKF,JO00,50.5,1.0,628.3,152.9,-16,-0.02,0,0.47,33,1.9953,1,-19
2026-08-29 15:06:00+00:00,40m,7.0401507,PA2PGU,JO32,52.5,7.0,739.9,113.6,-17,-0.06,0,0.41,23,0.1995,1,-10
2026-08-29 15:06:00+00:00,40m,7.0401377,G4VNM,IO90,50.5,-1.0,583.7,165.7,-18,-0.62,0,0.43,23,0.1995,1,-11
2026-08-29 15:06:00+00:00,40m,7.0400857,LA1ITS,JO59,59.5,11.0,940.6,56.8,-3,0.79,0,0.4,37,5.0119,1,-10
2026-08-29 15:06:00+00:00,40m,7.0400856,DL4XJ,JO42,52.5,9.0,857.0,108.7,-4,0.15,0,0.28,30,1.0,1,-4
2026-08-29 15:06:00+00:00,40m,7.0400796,G7WCI,IO91,51.5,-1.0,475.8,162.7,-19,0.45,0,0.15,23,0.1995,1,-12
2026-08-29 15:06:00+00:00,40m,7.0400007,<...>,JN05LU,45.854167,0.958333,1119.6,163.9,-26,-0.45,0,0.19,30,1.0,3,-26
2026-08-29 15:08:00+00:00,30m,10.140123,GJ7DNI,IN89,49.5,-3.0,678.8,179.7,-24,4.8,0,0.3,23,0.1995,1,-17
2026-08-29 15:08:00+00:00,30m,10.1401722,F4GMT,IN93,43.5,-1.0,1353.8,173.0,-15,0.58,0,0.46,23,0.1995,1,-8
2026-08-29 15:08:00+00:00,30m,10.1402429,<OZ1DEO>,JO55VS,55.770833,11.791667,928.2,82.7,-20,-1.81,-1,0.42,30,1.0,3,-20
2026-08-29 15:08:00+00:00,30m,10.1402534,F1JSC,JN03,43.5,1.0,1376.5,166.2,-13,0.24,0,0.52,33,1.9953,1,-16
2026-08-29 15:08:00+00:00,30m,10.1402719,EA5RKP,IM99,39.5,-1.0,1797.0,174.3,-23,-0.02,0,0.26,23,0.1995,1,-16
2026-08-29 15:10:00+00:00,20m,14.0970206,R2BIY,KO85,55.5,37.0,2483.3,73.5,-15,0.28,0,0.54,37,5.0119,1,-22
2026-08-29 15:10:00+00:00,20m,14.0970638,YU1DGH,KN03,43.5,21.0,2176.3,118.1,-23,0.28,0,0.26,23,0.1995,1,-16
2026-08-29 15:10:00+00:00,20m,14.0971498,<CT1ETL/1>,IM58OB,38.0625,-8.791667,1997.3,194.8,-22,0.28,0,0.33,37,5.0119,3,-29
2026-08-29 15:12:00+00:00,160m,1.8381349,G4HSB,IO94,54.5,-1.0,178.8,132.5,-26,0.28,0,0.19,23,0.1995,1,-19
2026-08-29 15:14:00+00:00,30m,10.1402389,PA0MLC,JO31,51.5,7.0,804.0,120.4,-23,0.19,0,0.33,27,0.5012,1,-20
2026-08-29 15:14:00+00:00,30m,10.1402204,SA7CND,JO76,56.5,15.0,1121.5,77.5,-24,0.07,0,0.24,20,0.1,1,-14
2026-08-29 15:14:00+00:00,30m,10.1401512,GJ7DNI,IN89,49.5,-3.0,678.8,179.7,-19,5.4,0,0.37,23,0.1995,1,-12
2026-08-29 15:14:00+00:00,30m,10.1400973,F4GMT,IN93,43.5,-1.0,1353.8,173.0,-17,0.24,0,0.42,23,0.1995,1,-10
2026-08-29 15:14:00+00:00,30m,10.1401618,DL6NL,JO50,50.5,11.0,1093.8,115.4,-25,1.86,0,0.2,20,0.1,1,-15
2026-08-29 15:16:00+00:00,40m,7.0401824,F4HHR,JN07,47.5,1.0,943.1,161.2,-21,-0.79,0,0.3,10,0.01,1,-1
2026-08-29 15:16:00+00:00,40m,7.0401659,SA7RST,JO78,58.5,15.0,1133.7,66.1,-22,0.11,0,0.21,23,0.1995,1,-15
2026-08-29 15:16:00+00:00,40m,7.0401399,DB0SFA,JO42,52.5,9.0,857.0,108.7,-18,0.02,0,0.26,23,0.1995,1,-11
2026-08-29 15:16:00+00:00,40m,7.0401377,G4VNM,IO90,50.5,-1.0,583.7,165.7,-19,-0.66,0,0.2,23,0.1995,1,-12
2026-08-29 15:16:00+00:00,40m,7.0400671,OK1BF,JO70,50.5,15.0,1327.6,107.8,-27,-0.02,0,0.12,23,0.1995,1,-20
2026-08-29 15:16:00+00:00,40m,7.0401186,OZ8PZ,JO47,57.5,9.0,766.4,69.1,-17,0.15,0,0.19,23,0.1995,1,-10
2026-08-29 15:16:00+00:00,40m,7.0400099,G6CKK,JO01,51.5,1.0,528.5,148.0,-21,-0.02,0,0.44,23,0.1995,1,-14
2026-08-29 15:16:00+00:00,40m,7.0400009,<...>,JN05LU,45.854167,0.958333,1119.6,163.9,-21,-0.45,0,0.18,30,1.0,3,-21
2026-08-29 15:16:00+00:00,40m,7.0401248,GX2PLX,JO02,52.5,1.0,434.3,141.0,-2,-0.7,0,0.78,43,19.9526,1,-15
2026-08-29 15:18:00+00:00,80m,3.5700371,G4HSB,IO94,54.5,-1.0,178.8,132.5,20,0.02,0,0.84,23,0.1995,1,27
2026-08-29 15:18:00+00:00,80m,3.5700535,M0JGH,IO91,51.5,-1.0,475.8,162.7,-17,0.71,0,0.24,23,0.1995,1,-10
2026-08-29 15:22:00+00:00,80m,3.5700734,<...>,IO82WL,52.479167,-2.125,352.6,169.9,-20,0.96,0,0.37,37,5.0119,3,-27
2026-08-29 15:22:00+00:00,80m,3.5701053,GM8HHC,IO85,55.5,-3.0,11.9,167.2,-24,0.02,0,0.22,23,0.1995,1,-17
2026-08-29 15:22:00+00:00,80m,3.5701593,G3JKF,JO00,50.5,1.0,628.3,152.9,-28,0.37,0,0.12,33,1.9953,1,-31
2026-08-29 15:26:00+00:00,40m,7.0401859,G7WCI,IO91,51.5,-1.0,475.8,162.7,-22,0.41,0,0.32,23,0.1995,1,-15
2026-08-29 15:26:00+00:00,40m,7.0401826,F4HHR,JN07,47.5,1.0,943.1,161.2,-28,-0.87,0,0.18,10,0.01,1,-8
2026-08-29 15:26:00+00:00,40m,7.0401595,G3JKF,JO00,50.5,1.0,628.3,152.9,-18,0.41,0,0.48,33,1.9953,1,-21
2026-08-29 15:26:00+00:00,40m,7.0401253,SM6YPE,JO67,57.5,13.0,1003.0,71.3,-25,0.45,0,0.14,23,0.1995,1,-18
2026-08-29 15:26:00+00:00,40m,7.0400995,DK9ES,JO31,51.5,7.0,804.0,120.4,-21,0.24,0,0.29,23,0.1995,1,-14
2026-08-29 15:26:00+00:00,40m,7.0400795,F6KPL,IN99,49.5,-1.0,692.6,167.7,-3,4.12,0,0.7,30,1.0,1,-3
2026-08-29 15:26:00+00:00,40m,7.0400102,<PA1RMC>,JO32IG,52.270833,6.708333,737.1,116.1,-18,-0.06,0,0.43,23,0.1995,3,-11
2026-08-29 15:28:00+00:00,30m,10.1401113,EA5RKP,IM99,39.5,-1.0,1797.0,174.3,-27,0.02,0,0.24,23,0.1995,1,-20
2026-08-29 15:28:00+00:00,30m,10.1401165,F4GMT,IN93,43.5,-1.0,1353.8,173.0,-20,0.49,0,0.39,23,0.1995,1,-13
2026-08-29 15:28:00+00:00,30m,10.1402442,GJ7DNI,IN89,49.5,-3.0,678.8,179.7,-22,0.45,0,0.2,23,0.1995,1,-15
2026-08-29 15:28:00+00:00,30m,10.1402755,<LA3JJ/2>,JO59DN,59.5625,10.291667,906.2,55.5,-2,0.24,0,0.69,30,1.0,3,-2
2026-08-29 15:30:00+00:00,20m,14.0970638,YU1DGH,KN03,43.5,21.0,2176.3,118.1,-24,0.28,0,0.21,23,0.1995,1,-17
2026-08-29 15:30:00+00:00,20m,14.097079,<IU0JJD>,JN61TP,41.645833,13.625,1966.6,135.1,-11,-0.06,0,0.6,23,0.1995,3,-4
2026-08-29 15:30:00+00:00,20m,14.0971473,<CT1ETL/1>,IM58OB,38.0625,-8.791667,1997.3,194.8,-22,0.32,1,0.29,37,5.0119,3,-29
2026-08-29 15:32:00+00:00,160m,1.838078,G4HSB,IO94,54.5,-1.0,178.8,132.5,-23,0.28,0,0.35,23,0.1995,1,-16
2026-08-29 15:34:00+00:00,80m,3.5701673,PA0RDT,JO11,51.5,3.0,605.8,136.4,-20,0.24,0,0.4,37,5.0119,1,-27
2026-08-29 15:36:00+00:00,30m,10.1402653,EA5RKP,IM99,39.5,-1.0,1797.0,174.3,-25,0.02,0,0.3,23,0.1995,1,-18
2026-08-29 15:36:00+00:00,30m,10.1402574,GJ7DNI,IN89,49.5,-3.0,678.8,179.7,-21,5.27,0,0.33,23,0.1995,1,-14
2026-08-29 15:36:00+00:00,30m,10.1401506,HB9YC,JN46,46.5,9.0,1312.8,135.4,-6,0.15,1,0.65,30,1.0,1,-6
2026-08-29 15:36:00+00:00,30m,10.1401676,OK1BF,JO70,50.5,15.0,1327.6,107.8,-23,0.02,0,0.2,23,0.1995,1,-16
2026-08-29 15:38:00+00:00,20m,14.0970481,IU0JJD,JN61,41.5,13.0,1953.0,136.7,-17,0.02,0,0.46,23,0.1995,1,-10
2026-08-29 15:38:00+00:00,20m,14.0970641,YU1DGH,KN03,43.5,21.0,2176.3,118.1,-20,0.28,0,0.37,23,0.1995,1,-13
2026-08-29 15:42:00+00:00,80m,3.5701158,2E0FDM,IO81,51.5,-3.0,456.4,179.6,-25,0.45,0,0.13,23,0.1995,1,-18
2026-08-29 15:42:00+00:00,80m,3.5700224,<GM0PXV>,IO85IW,55.9375,-3.291667,40.2,337.2,-1,0.07,0,0.8,23,0.1995,3,6
2026-08-29 15:42:00+00:00,80m,3.5700297,GD3MAN,IO74,54.5,-5.0,175.0,226.3,-19,0.07,0,0.22,23,0.1995,1,-12
2026-08-29 15:42:00+00:00,80m,3.5700525,G4BOO,IO91,51.5,-1.0,475.8,162.7,-11,0.75,0,0.61,37,5.0119,1,-18
2026-08-29 15:42:00+00:00,80m,3.5700635,GM7FIE,IO85,55.5,-3.0,11.9,167.2,-11,0.11,0,0.6,23,0.1995,1,-4
2026-08-29 15:42:00+00:00,80m,3.5701593,G3JKF,JO00,50.5,1.0,628.3,152.9,-28,0.15,0,0.25,33,1.9953,1,-31
2026-08-29 15:44:00+00:00,40m,7.040015,<G7SYO>,IO90DR,50.729167,-1.708333,549.3,170.2,0,0.24,0,0.78,27,0.5012,3,3
2026-08-29 15:44:00+00:00,40m,7.040166,G7GGK,IO80,50.5,-3.0,567.6,179.7,-23,0.02,0,0.37,23,0.1995,1,-16
2026-08-29 15:46:00+00:00,40m,7.0401516,LA4PGA,JP50,60.5,11.0,986.3,50.8,-17,-0.06,0,0.21,23,0.1995,1,-10
2026-08-29 15:46:00+00:00,40m,7.0400345,CT1BAT,IN50,40.5,-9.0,1735.3,197.1,-30,0.24,0,0.17,0,0.001,1,0
2026-08-29 15:46:00+00:00,40m,7.0401544,EI7II,IO51,51.5,-9.0,602.2,223.2,-6,0.54,0,0.44,23,0.1995,1,1
2026-08-29 15:46:00+00:00,40m,7.040138,G4VNM,IO90,50.5,-1.0,583.7,165.7,-12,-0.62,0,0.65,23,0.1995,1,-5
2026-08-29 15:46:00+00:00,40m,7.0401533,F4WFT,IN98,48.5,-1.0,802.1,169.2,-22,0.15,0,0.19,23,0.1995,1,-15
2026-08-29 15:46:00+00:00,40m,7.0401198,OZ8PZ,JO47,57.5,9.0,766.4,69.1,-11,0.24,0,0.65,23,0.1995,1,-4
2026-08-29 15:46:00+00:00,40m,7.040001,F4EKH,JN05,45.5,1.0,1158.7,164.1,-20,-0.45,0,0.33,30,1.0,1,-20
2026-08-29 15:46:00+00:00,40m,7.0400882,HB9BAX,JN36,46.5,7.0,1229.2,141.2,-27,0.19,0,0.14,23,0.1995,1,-20
2026-08-29 15:46:00+00:00,40m,7.0400719,DL6NL,JO50,50.5,11.0,1093.8,115.4,-28,0.54,0,0.12,27,0.5012,1,-25
2026-08-29 15:46:00+00:00,40m,7.0400674,OH6CR,KP12,62.5,23.0,1659.1,51.9,-27,0.11,0,0.2,23,0.1995,1,-20
2026-08-29 15:46:00+00:00,40m,7.0400039,PA7D,JO23,53.5,5.0,568.5,111.0,-6,0.11,0,0.7,23,0.1995,1,1
2026-08-29 15:46:00+00:00,40m,7.0401596,G3JKF,JO00,50.5,1.0,628.3,152.9,-5,0.15,0,0.62,33,1.9953,1,-8
2026-08-29 15:46:00+00:00,40m,7.0400966,DL7VXX,JO62,52.5,13.0,1099.6,101.6,-23,-0.57,0,0.23,33,1.9953,1,-26
2026-08-29 15:46:00+00:00,40m,7.0401826,F4HHR,JN07,47.5,1.0,943.1,161.2,-27,-0.79,0,0.17,10,0.01,1,-7
2026-08-29 15:48:00+00:00,30m,10.1402473,GJ7DNI,IN89,49.5,-3.0,678.8,179.7,-15,5.61,0,0.33,23,0.1995,1,-8
2026-08-29 15:48:00+00:00,30m,10.1402625,EA5RKP,IM99,39.5,-1.0,1797.0,174.3,-23,0.07,0,0.32,23,0.1995,1,-16
2026-08-29 15:48:00+00:00,30m,10.1402441,OE9PTI,JN47,47.5,9.0,1223.5,132.4,-15,0.02,0,0.3,23,0.1995,1,-8
2026-08-29 15:48:00+00:00,30m,10.1401536,F4WFT,IN98,48.5,-1.0,802.1,169.2,-6,0.15,1,0.57,23,0.1995,1,1
2026-08-29 15:48:00+00:00,30m,10.1401507,HB9YC,JN46,46.5,9.0,1312.8,135.4,-4,0.15,1,0.65,30,1.0,1,-4
2026-08-29 15:48:00+00:00,30m,10.1401458,DG8GAD,JN48,48.5,9.0,1138.1,128.9,-22,-0.06,0,0.18,30,1.0,1,-22
2026-08-29 15:48:00+00:00,30m,10.1401332,F4GMT,IN93,43.5,-1.0,1353.8,173.0,-14,0.41,0,0.36,23,0.1995,1,-7
2026-08-29 15:50:00+00:00,20m,14.0971002,HA6QL,JN97,47.5,19.0,1759.2,111.6,-17,0.15,1,0.21,33,1.9953,1,-20
2026-08-29 15:50:00+00:00,20m,14.0971015,EA6ALL,JM19,39.5,3.0,1845.5,163.5,-22,0.11,0,0.3,23,0.1995,1,-15
2026-08-29 15:50:00+00:00,20m,14.0971752,<IU0JJD>,JN61TP,41.645833,13.625,1966.6,135.1,-16,0.02,0,0.46,23,0.1995,3,-9
2026-08-29 15:52:00+00:00,30m,10.1401393,F4GMT,IN93,43.5,-1.0,1353.8,173.0,-15,0.28,0,0.42,23,0.1995,1,-8
2026-08-29 15:52:00+00:00,30m,10.1401773,GJ7DNI,IN89,49.5,-3.0,678.8,179.7,-14,5.27,0,0.48,23,0.1995,1,-7
2026-08-29 15:52:00+00:00,30m,10.1401943,EA5RKP,IM99,39.5,-1.0,1797.0,174.3,-23,0.02,0,0.24,23,0.1995,1,-16
2026-08-29 15:52:00+00:00,30m,10.1402015,OK1BF,JO70,50.5,15.0,1327.6,107.8,-17,0.07,0,0.13,23,0.1995,1,-10
2026-08-29 15:52:00+00:00,30m,10.1402388,DK5BK,JO32,52.5,7.0,739.9,113.6,-23,0.37,0,0.12,33,1.9953,1,-26
2026-08-29 15:54:00+00:00,40m,7.0401869,<G7SYO>,IO90DR,50.729167,-1.708333,549.3,170.2,-4,0.24,0,0.76,27,0.5012,3,-1
2026-08-29 15:54:00+00:00,40m,7.0401823,F4HHR,JN07,47.5,1.0,943.1,161.2,-20,-0.7,0,0.3,10,0.01,1,0
2026-08-29 15:54:00+00:00,40m,7.0401586,PA2PGU,JO32,52.5,7.0,739.9,113.6,-21,-0.06,0,0.34,23,0.1995,1,-14
2026-08-29 15:54:00+00:00,40m,7.0401169,PE1AHJ,JO32,52.5,7.0,739.9,113.6,-28,0.19,0,0.15,10,0.01,1,-8
2026-08-29 15:54:00+00:00,40m,7.0400526,OZ7IT,JO65,55.5,13.0,1006.8,84.0,-9,0.24,0,0.59,37,5.0119,1,-16
2026-08-29 15:54:00+00:00,40m,7.0400734,PE1KWH,JO22,52.5,5.0,627.7,120.0,-26,-0.27,0,0.13,20,0.1,1,-16
2026-08-29 15:54:00+00:00,40m,7.0400498,<PA1RMC>,JO32IG,52.270833,6.708333,737.1,116.1,-13,0.19,0,0.46,23,0.1995,3,-6
2026-08-29 15:54:00+00:00,40m,7.0401018,G0FOZ,IO90,50.5,-1.0,583.7,165.7,-5,0.19,0,0.7,23,0.1995,1,2
2026-08-29 15:56:00+00:00,80m,3.5700526,G4BOO,IO91,51.5,-1.0,475.8,162.7,-10,0.92,0,0.68,37,5.0119,1,-17
2026-08-29 15:56:00+00:00,80m,3.5701221,G8LIK,IO93,53.5,-1.0,268.4,149.8,-26,0.24,0,0.15,23,0.1995,1,-19
2026-08-29 15:56:00+00:00,80m,3.570156,PI4CC,JO21,51.5,5.0,699.6,127.4,-30,0.15,0,0.14,17,0.0501,1,-17
2026-08-29 15:58:00+00:00,20m,14.0970671,IU0JJD,JN61,41.5,13.0,1953.0,136.7,-15,0.11,0,0.52,23,0.1995,1,-8
2026-08-29 16:02:00+00:00,80m,3.570156,PI4CC,JO21,51.5,5.0,699.6,127.4,-14,0.19,0,0.51,17,0.0501,1,-1
2026-08-29 16:02:00+00:00,80m,3.5701869,2E0FDM,IO81,51.5,-3.0,456.4,179.6,-24,0.49,0,0.2,23,0.1995,1,-17
2026-08-29 16:02:00+00:00,80m,3.570107,GX2PLX,JO02,52.5,1.0,434.3,141.0,0,-0.66,0,0.82,43,19.9526,1,-13
2026-08-29 16:02:00+00:00,80m,3.570159,G3JKF,JO00,50.5,1.0,628.3,152.9,-15,0.19,0,0.46,33,1.9953,1,-18
2026-08-29 16:02:00+00:00,80m,3.5700554,PC2A,JO21,51.5,5.0,699.6,127.4,-16,0.19,0,0.34,17,0.0501,1,-3
2026-08-29 16:02:00+00:00,80m,3.5700537,M0JGH,IO91,51.5,-1.0,475.8,162.7,-17,0.71,0,0.23,23,0.1995,1,-10
2026-08-29 16:02:00+00:00,80m,3.5700801,G7UJY,IO93,53.5,-1.0,268.4,149.8,-9,1.22,1,0.66,23,0.1995,1,-2
2026-08-29 16:04:00+00:00,40m,7.0400015,DL0PBS,JO33,53.5,7.0,687.8,105.7,-14,0.24,0,0.6,23,0.1995,1,-7
2026-08-29 16:04:00+00:00,40m,7.0400159,G6CKK,JO01,51.5,1.0,528.5,148.0,-17,-0.02,0,0.53,23,0.1995,1,-10
2026-08-29 16:04:00+00:00,40m,7.0400568,<G7SYO>,IO90DR,50.729167,-1.708333,549.3,170.2,-4,0.24,0,0.72,27,0.5012,3,-1
2026-08-29 16:04:00+00:00,40m,7.0401519,GX2PLX,JO02,52.5,1.0,434.3,141.0,-27,-0.62,0,0.13,43,19.9526,1,-40
2026-08-29 16:04:00+00:00,40m,7.040159,OK1BF,JO70,50.5,15.0,1327.6,107.8,-17,-0.02,0,0.51,23,0.1995,1,-10
2026-08-29 16:04:00+00:00,40m,7.0401798,DB0SFA,JO42,52.5,9.0,857.0,108.7,-18,0.02,0,0.3,23,0.1995,1,-11
2026-08-29 16:04:00+00:00,40m,7.0401823,F4HHR,JN07,47.5,1.0,943.1,161.2,-19,-0.74,0,0.21,10,0.01,1,1
2026-08-29 16:04:00+00:00,40m,7.0401878,PA1JCK,JO21,51.5,5.0,699.6,127.4,-29,0.32,0,0.21,23,0.1995,1,-22
2026-08-29 16:06:00+00:00,40m,7.0401949,SA7CND,JO76,56.5,15.0,1121.5,77.5,-28,0.28,0,0.17,20,0.1,1,-18
2026-08-29 16:06:00+00:00,40m,7.0401821,F4HHR,JN07,47.5,1.0,943.1,161.2,-18,-0.79,0,0.45,10,0.01,1,2
2026-08-29 16:06:00+00:00,40m,7.0401657,G7GGK,IO80,50.5,-3.0,567.6,179.7,-15,-0.02,0,0.37,23,0.1995,1,-8
2026-08-29 16:06:00+00:00,40m,7.0401594,G3JKF,JO00,50.5,1.0,628.3,152.9,-4,0.15,0,0.68,33,1.9953,1,-7
2026-08-29 16:06:00+00:00,40m,7.0401378,G4VNM,IO90,50.5,-1.0,583.7,165.7,-22,-0.66,0,0.31,23,0.1995,1,-15
2026-08-29 16:06:00+00:00,40m,7.0400583,SM6YPE,JO67,57.5,13.0,1003.0,71.3,-23,0.07,0,0.21,23,0.1995,1,-16
2026-08-29 16:06:00+00:00,40m,7.0400734,PE1KWH,JO22,52.5,5.0,627.7,120.0,-24,-0.19,0,0.23,20,0.1,1,-14
2026-08-29 16:06:00+00:00,40m,7.0400567,PA2PGU,JO32,52.5,7.0,739.9,113.6,-12,-0.1,0,0.51,23,0.1995,1,-5
2026-08-29 16:06:00+00:00,40m,7.0400029,F5RAV,JN09,49.5,1.0,731.4,156.4,-12,0.28,0,0.46,33,1.9953,1,-15
2026-08-29 16:06:00+00:00,40m,7.0400009,<F4EKH>,JN05LU,45.854167,0.958333,1119.6,163.9,-19,-0.53,0,0.33,30,1.0,3,-19
2026-08-29 16:06:00+00:00,40m,7.0401035,HB9IIU,JN36,46.5,7.0,1229.2,141.2,-26,0.11,0,0.22,23,0.1995,1,-19
2026-08-29 16:08:00+00:00,30m,10.1402385,<CT1ETL/1>,IM58OB,38.0625,-8.791667,1997.3,194.8,-20,0.37,1,0.32,37,5.0119,3,-27
2026-08-29 16:08:00+00:00,30m,10.1400984,EA5RKP,IM99,39.5,-1.0,1797.0,174.3,-22,0.07,0,0.37,23,0.1995,1,-15
2026-08-29 16:08:00+00:00,30m,10.1401141,HB9IIU,JN36,46.5,7.0,1229.2,141.2,-30,0.07,0,0.15,23,0.1995,1,-23
2026-08-29 16:08:00+00:00,30m,10.1401236,OK1BF,JO70,50.5,15.0,1327.6,107.8,-19,-0.02,-1,0.4,23,0.1995,1,-12
2026-08-29 16:08:00+00:00,30m,10.1401617,IZ2FER,JN45,45.5,9.0,1405.1,138.1,-26,0.19,0,0.1,20,0.1,1,-16
2026-08-29 16:08:00+00:00,30m,10.1401921,SA7CND,JO76,56.5,15.0,1121.5,77.5,-22,0.11,0,0.32,20,0.1,1,-12
2026-08-29 16:08:00+00:00,30m,10.1402325,SM6YPE,JO67,57.5,13.0,1003.0,71.3,-23,0.28,0,0.24,23,0.1995,1,-16
2026-08-29 16:08:00+00:00,30m,10.1402534,F1JSC,JN03,43.5,1.0,1376.5,166.2,-14,0.24,0,0.54,33,1.9953,1,-17
2026-08-29 16:10:00+00:00,20m,14.0971005,EA6ALL,JM19,39.5,3.0,1845.5,163.5,-21,0.15,-1,0.32,23,0.1995,1,-14
2026-08-29 16:10:00+00:00,20m,14.0970277,<IU0JJD>,JN61TP,41.645833,13.625,1966.6,135.1,-18,0.07,0,0.44,23,0.1995,3,-11
2026-08-29 16:12:00+00:00,160m,1.838077,G4HSB,IO94,54.5,-1.0,178.8,132.5,-16,0.37,0,0.58,23,0.1995,1,-9
2026-08-29 16:14:00+00:00,80m,3.5700165,GM7FIE,IO85,55.5,-3.0,11.9,167.2,-11,0.02,0,0.65,23,0.1995,1,-4
2026-08-29 16:14:00+00:00,80m,3.5700554,PC2A,JO21,51.5,5.0,699.6,127.4,-21,0.15,0,0.36,17,0.0501,1,-8
2026-08-29 16:14:00+00:00,80m,3.5701496,GD3MAN,IO74,54.5,-5.0,175.0,226.3,-23,0.02,0,0.29,23,0.1995,1,-16
2026-08-29 16:14:00+00:00,80m,3.570156,PI4CC,JO21,51.5,5.0,699.6,127.4,-21,0.19,0,0.41,17,0.0501,1,-8
2026-08-29 16:16:00+00:00,30m,10.1401618,DL6NL,JO50,50.5,11.0,1093.8,115.4,-20,1.9,0,0.17,20,0.1,1,-10
2026-08-29 16:16:00+00:00,30m,10.140165,F4GMT,IN93,43.5,-1.0,1353.8,173.0,-18,-0.15,0,0.34,23,0.1995,1,-11
2026-08-29 16:16:00+00:00,30m,10.1401936,OK2SAM,JN99,49.5,19.0,1628.3,105.4,-25,1.13,0,0.18,30,1.0,1,-25
2026-08-29 16:16:00+00:00,30m,10.1402604,EA5RKP,IM99,39.5,-1.0,1797.0,174.3,-21,0.11,0,0.34,23,0.1995,1,-14
2026-08-29 16:22:00+00:00,80m,3.5701593,G3JKF,JO00,50.5,1.0,628.3,152.9,-26,0.24,0,0.19,33,1.9953,1,-29
2026-08-29 16:26:00+00:00,40m,7.0401822,F4HHR,JN07,47.5,1.0,943.1,161.2,-23,-0.66,0,0.29,10,0.01,1,-3
2026-08-29 16:26:00+00:00,40m,7.0401595,G3JKF,JO00,50.5,1.0,628.3,152.9,-6,0.24,0,0.77,33,1.9953,1,-9
2026-08-29 16:26:00+00:00,40m,7.0400652,OP8Y,JO20,50.5,5.0,780.7,133.3,-3,0.41,0,0.64,37,5.0119,1,-10
2026-08-29 16:26:00+00:00,40m,7.040001,F4EKH,JN05,45.5,1.0,1158.7,164.1,-19,-0.57,0,0.4,30,1.0,1,-19
2026-08-29 16:26:00+00:00,40m,7.0400745,F6KPL,IN99,49.5,-1.0,692.6,167.7,2,4.12,0,0.83,30,1.0,1,2
2026-08-29 16:28:00+00:00,30m,10.1401033,<...>,JN47FM,47.520833,8.458333,1196.9,133.9,-30,0.02,0,0.14,23,0.1995,3,-23
2026-08-29 16:28:00+00:00,30m,10.1402455,EA5RKP,IM99,39.5,-1.0,1797.0,174.3,-21,0.02,0,0.28,23,0.1995,1,-14
2026-08-29 16:28:00+00:00,30m,10.1402536,F1JSC,JN03,43.5,1.0,1376.5,166.2,-11,0.19,0,0.59,33,1.9953,1,-14
2026-08-29 16:30:00+00:00,20m,14.0970777,<IU0JJD>,JN61TP,41.645833,13.625,1966.6,135.1,-19,0.07,0,0.42,23,0.1995,3,-12
2026-08-29 16:30:00+00:00,20m,14.0971005,EA6ALL,JM19,39.5,3.0,1845.5,163.5,-23,0.19,-1,0.23,23,0.1995,1,-16
2026-08-29 16:30:00+00:00,20m,14.0971494,<CT1ETL/1>,IM58OB,38.0625,-8.791667,1997.3,194.8,-24,0.32,0,0.23,37,5.0119,3,-31
2026-08-29 16:32:00+00:00,160m,1.8381681,G4HSB,IO94,54.5,-1.0,178.8,132.5,-9,0.37,0,0.69,23,0.1995,1,-2
2026-08-29 16:34:00+00:00,40m,7.04015,IU0JJD,JN61,41.5,13.0,1953.0,136.7,-20,0.07,0,0.24,23,0.1995,1,-13
2026-08-29 16:34:00+00:00,40m,7.0401822,F4HHR,JN07,47.5,1.0,943.1,161.2,-17,-0.74,0,0.35,10,0.01,1,3
2026-08-29 16:34:00+00:00,40m,7.040136,EA6URP,JM19,39.5,3.0,1845.5,163.5,-23,0.54,0,0.2,23,0.1995,1,-16
2026-08-29 16:34:00+00:00,40m,7.0401697,PA7D,JO23,53.5,5.0,568.5,111.0,0,0.19,0,0.76,23,0.1995,1,7
2026-08-29 16:34:00+00:00,40m,7.0400965,DL7VXX,JO62,52.5,13.0,1099.6,101.6,-15,-0.49,0,0.44,33,1.9953,1,-18
2026-08-29 16:34:00+00:00,40m,7.0400498,<G7SYO>,IO90DR,50.729167,-1.708333,549.3,170.2,-19,0.32,0,0.45,27,0.5012,3,-16
2026-08-29 16:34:00+00:00,40m,7.0400044,HB9IIU,JN36,46.5,7.0,1229.2,141.2,-34,0.07,0,0.21,23,0.1995,1,-27
2026-08-29 16:34:00+00:00,40m,7.0401302,EI7II,IO51,51.5,-9.0,602.2,223.2,-14,0.49,0,0.52,23,0.1995,1,-7
2026-08-29 16:36:00+00:00,80m,3.570016,G4HSB,IO94,54.5,-1.0,178.8,132.5,17,0.11,0,0.92,23,0.1995,1,24
2026-08-29 16:36:00+00:00,80m,3.5700319,EI0CF,IO65,55.5,-7.0,249.2,269.0,-13,0.19,1,0.15,23,0.1995,1,-6
2026-08-29 16:36:00+00:00,80m,3.5701054,GM0PXV,IO85,55.5,-3.0,11.9,167.2,6,0.11,0,0.87,23,0.1995,1,13
2026-08-29 16:36:00+00:00,80m,3.5701223,G8LIK,IO93,53.5,-1.0,268.4,149.8,-25,0.24,0,0.26,23,0.1995,1,-18
2026-08-29 16:36:00+00:00,80m,3.5701588,DL9ZY,JO30,50.5,7.0,877.5,126.1,-22,0.28,0,0.27,37,5.0119,1,-29
2026-08-29 16:38:00+00:00,20m,14.0970917,IU0JJD,JN61,41.5,13.0,1953.0,136.7,-12,0.15,0,0.6,23,0.1995,1,-5
2026-08-29 16:42:00+00:00,80m,3.5701284,G7WCI,IO91,51.5,-1.0,475.8,162.7,-28,0.45,0,0.14,23,0.1995,1,-21
2026-08-29 16:42:00+00:00,80m,3.5701296,2E0FDM,IO81,51.5,-3.0,456.4,179.6,-18,0.45,-1,0.36,23,0.1995,1,-11
2026-08-29 16:42:00+00:00,80m,3.5701593,G3JKF,JO00,50.5,1.0,628.3,152.9,-20,0.24,0,0.33,33,1.9953,1,-23
2026-08-29 16:42:00+00:00,80m,3.5701965,M0XDC,JO01,51.5,1.0,528.5,148.0,-14,0.19,0,0.57,37,5.0119,1,-21
2026-08-29 16:44:00+00:00,30m,10.1402953,VK6XT,OF88,-31.5,117.0,14704.8,85.6,-28,0.41,0,0.21,37,5.0119,1,-35
2026-08-29 16:44:00+00:00,30m,10.14022,SA7CND,JO76,56.5,15.0,1121.5,77.5,-26,0.02,0,0.23,20,0.1,1,-16
2026-08-29 16:44:00+00:00,30m,10.1401359,DL2NED,JN59,49.5,11.0,1163.6,119.8,-10,0.37,0,0.59,23,0.1995,1,-3
2026-08-29 16:44:00+00:00,30m,10.1401329,EA5RKP,IM99,39.5,-1.0,1797.0,174.3,-18,0.32,0,0.37,23,0.1995,1,-11
2026-08-29 16:46:00+00:00,40m,7.040061,<IU0JJD>,JN61TP,41.645833,13.625,1966.6,135.1,-24,0.11,0,0.18,23,0.1995,3,-17
2026-08-29 16:46:00+00:00,40m,7.0400858,LA1ITS,JO59,59.5,11.0,940.6,56.8,1,0.79,0,0.8,37,5.0119,1,-6
2026-08-29 16:46:00+00:00,40m,7.0400998,DL9HB,JO53,53.5,11.0,933.5,98.7,-9,0.19,0,0.58,30,1.0,1,-9
2026-08-29 16:46:00+00:00,40m,7.0401179,OZ8PZ,JO47,57.5,9.0,766.4,69.1,-7,0.24,0,0.67,23,0.1995,1,0
2026-08-29 16:46:00+00:00,40m,7.0401425,DL7AG,JO62,52.5,13.0,1099.6,101.6,-24,0.54,0,0.2,23,0.1995,1,-17
2026-08-29 16:46:00+00:00,40m,7.0401532,F4WFT,IN98,48.5,-1.0,802.1,169.2,-19,0.15,0,0.35,23,0.1995,1,-12
2026-08-29 16:46:00+00:00,40m,7.0401595,G3JKF,JO00,50.5,1.0,628.3,152.9,-10,0.28,0,0.63,33,1.9953,1,-13
2026-08-29 16:46:00+00:00,40m,7.0401819,F4HHR,JN07,47.5,1.0,943.1,161.2,-23,-0.74,0,0.3,10,0.01,1,-3
2026-08-29 16:46:00+00:00,40m,7.0401959,EA6URP,JM19,39.5,3.0,1845.5,163.5,-26,0.37,0,0.21,23,0.1995,1,-19
2026-08-29 16:46:00+00:00,40m,7.0402006,PA7D,JO23,53.5,5.0,568.5,111.0,-12,0.24,0,0.59,23,0.1995,1,-5
2026-08-29 16:48:00+00:00,30m,10.1402392,CT1ETL/1,,,,,,-20,0.28,-2,0.35,37,5.0119,2,-27
2026-08-29 16:48:00+00:00,30m,10.1402952,VK6XT,OF88,-31.5,117.0,14704.8,85.6,-32,0.28,0,0.18,37,5.0119,1,-39
2026-08-29 16:48:00+00:00,30m,10.1402884,EA5RKP,IM99,39.5,-1.0,1797.0,174.3,-24,0.07,0,0.3,23,0.1995,1,-17
2026-08-29 16:48:00+00:00,30m,10.1401973,I0MRA,LO02,52.5,41.0,2846.5,78.4,-19,1.6,-1,0.23,37,5.0119,1,-26
2026-08-29 16:48:00+00:00,30m,10.1401496,HB9YC,JN46,46.5,9.0,1312.8,135.4,-11,0.19,1,0.59,30,1.0,1,-11
2026-08-29 16:48:00+00:00,30m,10.1401189,DD3MS,JN59,49.5,11.0,1163.6,119.8,-26,0.19,0,0.18,20,0.1,1,-16
2026-08-29 16:48:00+00:00,30m,10.1400957,F4GMT,IN93,43.5,-1.0,1353.8,173.0,-13,0.15,0,0.47,23,0.1995,1,-6
2026-08-29 16:48:00+00:00,30m,10.1401995,HA6QL,JN97,47.5,19.0,1759.2,111.6,-25,0.11,0,0.18,33,1.9953,1,-28
2026-08-29 16:50:00+00:00,20m,14.0971396,<IU0JJD>,JN61TP,41.645833,13.625,1966.6,135.1,-17,0.07,0,0.46,23,0.1995,3,-10
2026-08-29 16:52:00+00:00,80m,3.5700501,DL3YAV,JO42,52.5,9.0,857.0,108.7,-25,0.28,0,0.17,30,1.0,1,-25
2026-08-29 16:52:00+00:00,80m,3.5701222,G8LIK,IO93,53.5,-1.0,268.4,149.8,-26,0.19,0,0.21,23,0.1995,1,-19
2026-08-29 16:54:00+00:00,40m,7.0401819,F4HHR,JN07,47.5,1.0,943.1,161.2,-22,-0.74,0,0.29,10,0.01,1,-2
2026-08-29 16:54:00+00:00,40m,7.0401775,PA2PGU,JO32,52.5,7.0,739.9,113.6,-14,-0.06,0,0.5,23,0.1995,1,-7
2026-08-29 16:54:00+00:00,40m,7.0401595,UA1ZFG,KO46,56.5,29.0,1974.0,73.8,-22,-0.02,-3,0.19,30,1.0,1,-22
2026-08-29 16:54:00+00:00,40m,7.040139,SM6YPE,JO67,57.5,13.0,1003.0,71.3,-12,0.37,0,0.44,23,0.1995,1,-5
2026-08-29 16:54:00+00:00,40m,7.0401272,<OK1BF>,JO70UB,50.0625,15.708333,1396.3,108.4,-20,0.11,0,0.27,23,0.1995,3,-13
2026-08-29 16:54:00+00:00,40m,7.0400999,DL9HB,JO53,53.5,11.0,933.5,98.7,-1,0.15,0,0.72,30,1.0,1,-1
2026-08-29 16:54:00+00:00,40m,7.0400748,SM3HZA,JP80,60.5,17.0,1292.0,56.9,-16,0.07,0,0.34,23,0.1995,1,-9
2026-08-29 16:54:00+00:00,40m,7.0400617,SH6OMP,JO66,56.5,13.0,998.8,77.7,-12,0.11,0,0.58,23,0.1995,1,-5
2026-08-29 16:54:00+00:00,40m,7.0400284,PA1JCK,JO21,51.5,5.0,699.6,127.4,-22,0.45,0,0.32,23,0.1995,1,-15
2026-08-29 16:54:00+00:00,40m,7.0401038,<G7SYO>,IO90DR,50.729167,-1.708333,549.3,170.2,-20,0.28,0,0.22,27,0.5012,3,-17
2026-08-29 16:58:00+00:00,20m,14.0970946,IU0JJD,JN61,41.5,13.0,1953.0,136.7,-13,0.15,0,0.61,23,0.1995,1,-6
2026-08-29 16:58:00+00:00,20m,14.0971949,CT7AMG,IM58,38.5,-9.0,1953.0,195.6,-29,0.11,0,0.13,23,0.1995,1,-22
2026-08-29 17:02:00+00:00,80m,3.5701593,G3JKF,JO00,50.5,1.0,628.3,152.9,-15,0.28,0,0.46,33,1.9953,1,-18
2026-08-29 17:02:00+00:00,80m,3.5700115,G7WCI,IO91,51.5,-1.0,475.8,162.7,-29,0.49,0,0.26,23,0.1995,1,-22
2026-08-29 17:02:00+00:00,80m,3.5700552,PC2A,JO21,51.5,5.0,699.6,127.4,-11,0.19,0,0.61,17,0.0501,1,2
2026-08-29 17:02:00+00:00,80m,3.5701205,GM7FIE,IO85,55.5,-3.0,11.9,167.2,-6,0.07,0,0.72,23,0.1995,1,1
2026-08-29 17:02:00+00:00,80m,3.5701559,PI4CC,JO21,51.5,5.0,699.6,127.4,-11,0.24,0,0.49,17,0.0501,1,2
2026-08-29 17:02:00+00:00,80m,3.5701857,2E0FDM,IO81,51.5,-3.0,456.4,179.6,-16,0.49,0,0.53,23,0.1995,1,-9
2026-08-29 17:04:00+00:00,30m,10.1402385,EA5RKP,IM99,39.5,-1.0,1797.0,174.3,-19,0.11,0,0.43,23,0.1995,1,-12
2026-08-29 17:04:00+00:00,30m,10.1402297,F6CBA,IN93,43.5,-1.0,1353.8,173.0,-9,0.19,0,0.68,0,0.001,1,21
2026-08-29 17:06:00+00:00,40m,7.0401817,F4HHR,JN07,47.5,1.0,943.1,161.2,-19,-0.74,0,0.28,10,0.01,1,1
2026-08-29 17:06:00+00:00,40m,7.0401798,G7WCI,IO91,51.5,-1.0,475.8,162.7,-19,0.45,0,0.22,23,0.1995,1,-12
2026-08-29 17:06:00+00:00,40m,7.0401327,CT1ETL/1,,,,,,-24,0.41,0,0.17,37,5.0119,2,-31
2026-08-29 17:06:00+00:00,40m,7.0401594,G3JKF,JO00,50.5,1.0,628.3,152.9,-12,0.37,0,0.58,33,1.9953,1,-15
2026-08-29 17:06:00+00:00,40m,7.0401535,PA2PGU,JO32,52.5,7.0,739.9,113.6,-15,-0.06,0,0.43,23,0.1995,1,-8
2026-08-29 17:06:00+00:00,40m,7.0401118,SA7RST,JO78,58.5,15.0,1133.7,66.1,-15,0.41,0,0.2,23,0.1995,1,-8
2026-08-29 17:06:00+00:00,40m,7.0400004,<F4EKH>,JN05LU,45.854167,0.958333,1119.6,163.9,-14,-0.57,0,0.48,30,1.0,3,-14
2026-08-29 17:06:00+00:00,40m,7.0400779,EK1RR,LN20,40.5,45.0,3847.8,95.3,-22,0.66,0,0.17,30,1.0,1,-22
2026-08-29 17:06:00+00:00,40m,7.0400681,<...>,IO91TA,51.020833,-0.375,539.5,159.8,-18,1.35,0,0.39,30,1.0,3,-18
2026-08-29 17:06:00+00:00,40m,7.04002,SM3HZA,JP80,60.5,17.0,1292.0,56.9,-21,3.39,0,0.2,23,0.1995,1,-14
2026-08-29 17:06:00+00:00,40m,7.0399922,TF3D,HP93,63.5,-21.0,1331.5,318.5,-26,0.11,0,0.18,23,0.1995,1,-19
2026-08-29 17:06:00+00:00,40m,7.0400855,DL4XJ,JO42,52.5,9.0,857.0,108.7,-4,0.24,0,0.7,30,1.0,1,-4
2026-08-29 17:08:00+00:00,30m,10.140294,VK6XT,OF88,-31.5,117.0,14704.8,85.6,-28,0.41,0,0.12,37,5.0119,1,-35
2026-08-29 17:08:00+00:00,30m,10.1402323,EA5RKP,IM99,39.5,-1.0,1797.0,174.3,-21,0.07,0,0.4,23,0.1995,1,-14
2026-08-29 17:08:00+00:00,30m,10.1402773,LX0QRP,JN39,49.5,7.0,958.2,130.9,-29,0.32,0,0.19,23,0.1995,1,-22
2026-08-29 17:08:00+00:00,30m,10.1401615,DL6NL,JO50,50.5,11.0,1093.8,115.4,-26,2.03,0,0.14,20,0.1,1,-16
2026-08-29 17:08:00+00:00,30m,10.1401109,DG0JAJ,JN57,47.5,11.0,1320.1,127.2,-21,0.28,0,0.32,23,0.1995,1,-14
2026-08-29 17:08:00+00:00,30m,10.1401799,DG6RCH,JN68,48.5,13.0,1346.6,119.2,-24,0.28,1,0.27,23,0.1995,1,-17
2026-08-29 17:10:00+00:00,20m,14.0970154,<IU0JJD>,JN61TP,41.645833,13.625,1966.6,135.1,-10,0.07,0,0.66,23,0.1995,3,-3
2026-08-29 17:10:00+00:00,20m,14.0971004,EA6ALL,JM19,39.5,3.0,1845.5,163.5,-14,0.19,-1,0.51,23,0.1995,1,-7
2026-08-29 17:12:00+00:00,80m,3.5701647,EI0CF,IO65,55.5,-7.0,249.2,269.0,-8,0.45,0,0.67,23,0.1995,1,-1
2026-08-29 17:12:00+00:00,80m,3.5700536,M0JGH,IO91,51.5,-1.0,475.8,162.7,-20,1.52,0,0.36,23,0.1995,1,-13
2026-08-29 17:12:00+00:00,80m,3.5700978,G4UJS,IO82,52.5,-3.0,345.2,179.5,-2,0.45,0,0.76,23,0.1995,1,5
2026-08-29 17:12:00+00:00,80m,3.5701221,G8LIK,IO93,53.5,-1.0,268.4,149.8,-21,0.19,0,0.25,23,0.1995,1,-14
2026-08-29 17:12:00+00:00,80m,3.5701313,PA1RMC,JO32,52.5,7.0,739.9,113.6,-22,0.07,0,0.19,23,0.1995,1,-15
2026-08-29 17:16:00+00:00,20m,14.0971586,RL3DF,KO95,55.5,39.0,2603.5,72.7,-21,0.11,0,0.26,10,0.01,1,-1
2026-08-29 17:18:00+00:00,30m,10.1401996,HA6QL,JN97,47.5,19.0,1759.2,111.6,-23,0.19,0,0.23,33,1.9953,1,-26
2026-08-29 17:18:00+00:00,30m,10.1400967,SM3EFS,JP82,62.5,17.0,1370.0,47.9,-17,0.07,0,0.45,23,0.1995,1,-10
2026-08-29 17:18:00+00:00,30m,10.1402946,VK6XT,OF88,-31.5,117.0,14704.8,85.6,-28,0.41,0,0.13,37,5.0119,1,-35
2026-08-29 17:22:00+00:00,80m,3.5701664,DD3MS,JN59,49.5,11.0,1163.6,119.8,-24,0.07,0,0.18,20,0.1,1,-14
2026-08-29 17:22:00+00:00,80m,3.570159,G3JKF,JO00,50.5,1.0,628.3,152.9,-13,0.41,0,0.51,33,1.9953,1,-16
2026-08-29 17:22:00+00:00,80m,3.570183,GM4DTH,IO85,55.5,-3.0,11.9,167.2,-13,0.11,0,0.64,23,0.1995,1,-6
2026-08-29 17:22:00+00:00,80m,3.5700436,2E0FDM,IO81,51.5,-3.0,456.4,179.6,-16,0.45,0,0.45,23,0.1995,1,-9
2026-08-29 17:22:00+00:00,80m,3.5700928,GX2PLX,JO02,52.5,1.0,434.3,141.0,6,-0.62,0,0.71,43,19.9526,1,-7
2026-08-29 17:24:00+00:00,40m,7.0401822,EA5UV,IM99,39.5,-1.0,1797.0,174.3,-23,0.11,0,0.26,23,0.1995,1,-16
2026-08-29 17:24:00+00:00,40m,7.0401818,F4HHR,JN07,47.5,1.0,943.1,161.2,-17,-0.66,0,0.28,10,0.01,1,3
2026-08-29 17:24:00+00:00,40m,7.0401291,IU0JJD,JN61,41.5,13.0,1953.0,136.7,-20,0.02,0,0.17,23,0.1995,1,-13
2026-08-29 17:24:00+00:00,40m,7.0401676,SM3HZA,JP80,60.5,17.0,1292.0,56.9,-16,3.44,0,0.21,23,0.1995,1,-9
2026-08-29 17:24:00+00:00,40m,7.0401618,G6CKK,JO01,51.5,1.0,528.5,148.0,-19,-0.02,0,0.14,23,0.1995,1,-12
2026-08-29 17:24:00+00:00,40m,7.0401549,<G7SYO>,IO90DR,50.729167,-1.708333,549.3,170.2,1,0.32,0,0.72,27,0.5012,3,4
2026-08-29 17:24:00+00:00,40m,7.0401513,HB9YC,JN46,46.5,9.0,1312.8,135.4,-16,0.19,0,0.23,30,1.0,1,-16
2026-08-29 17:24:00+00:00,40m,7.0401475,SA0YRL,JO89,59.5,17.0,1265.8,61.8,-19,4.46,0,0.13,23,0.1995,1,-12
2026-08-29 17:24:00+00:00,40m,7.0401267,PE1AHJ,JO32,52.5,7.0,739.9,113.6,-21,-0.23,0,0.18,10,0.01,1,-1
2026-08-29 17:24:00+00:00,40m,7.0400244,PA2PGU,JO32,52.5,7.0,739.9,113.6,-17,-0.02,0,0.47,23,0.1995,1,-10
2026-08-29 17:24:00+00:00,40m,7.0400722,OH6CR,KP12,62.5,23.0,1659.1,51.9,-24,0.28,0,0.19,23,0.1995,1,-17
2026-08-29 17:24:00+00:00,40m,7.0400643,LA4PGA,JP50,60.5,11.0,986.3,50.8,-13,0.15,0,0.47,23,0.1995,1,-6
2026-08-29 17:24:00+00:00,40m,7.0400471,OK1BF,JO70,50.5,15.0,1327.6,107.8,-16,-0.02,0,0.28,23,0.1995,1,-9
2026-08-29 17:24:00+00:00,40m,7.0400422,<...>,JN48AO,48.604167,8.041667,1083.3,131.3,-12,0.32,0,0.55,37,5.0119,3,-19
2026-08-29 17:24:00+00:00,40m,7.0400393,DK2DB,JN48,48.5,9.0,1138.1,128.9,-12,0.37,0,0.54,37,5.0119,1,-19
2026-08-29 17:24:00+00:00,40m,7.0400356,GX2PLX,JO02,52.5,1.0,434.3,141.0,-19,-0.66,0,0.19,43,19.9526,1,-32
2026-08-29 17:24:00+00:00,40m,7.0400313,<...>,JN36BE,46.1875,6.125,1226.4,144.8,-14,0.02,0,0.53,23,0.1995,3,-7
2026-08-29 17:24:00+00:00,40m,7.0400013,DB1IAT,JN48,48.5,9.0,1138.1,128.9,-28,0.92,0,0.15,30,1.0,1,-28
2026-08-29 17:24:00+00:00,40m,7.0400946,<PA7D>,JO23VF,53.229167,5.791667,629.0,111.2,-1,0.24,0,0.65,23,0.1995,3,6
2026-08-29 17:26:00+00:00,40m,7.0401594,G3JKF,JO00,50.5,1.0,628.3,152.9,-4,0.41,0,0.79,33,1.9953,1,-7
2026-08-29 17:26:00+00:00,40m,7.0401483,OZ1DEO,JO55,55.5,11.0,881.8,84.9,-14,-1.77,0,0.48,30,1.0,1,-14
2026-08-29 17:26:00+00:00,40m,7.0401387,PA3CWQ,JO21,51.5,5.0,699.6,127.4,-20,0.28,0,0.22,23,0.1995,1,-13
2026-08-29 17:26:00+00:00,40m,7.040129,<IU0JJD>,JN61TP,41.645833,13.625,1966.6,135.1,-22,0.02,0,0.27,23,0.1995,3,-15
2026-08-29 17:26:00+00:00,40m,7.0401065,SM3HZA,JP80,60.5,17.0,1292.0,56.9,-14,3.31,0,0.37,23,0.1995,1,-7
2026-08-29 17:26:00+00:00,40m,7.0400994,DK9ES,JO31,51.5,7.0,804.0,120.4,-20,0.19,0,0.25,23,0.1995,1,-13
2026-08-29 17:26:00+00:00,40m,7.0400893,F6KPL,IN99,49.5,-1.0,692.6,167.7,-4,4.21,0,0.74,30,1.0,1,-4
2026-08-29 17:26:00+00:00,40m,7.040047,<OK1BF>,JO70UB,50.0625,15.708333,1396.3,108.4,-14,0.11,0,0.15,23,0.1995,3,-7
2026-08-29 17:26:00+00:00,40m,7.040072,DL6NL,JO50,50.5,11.0,1093.8,115.4,-25,0.49,0,0.2,27,0.5012,1,-22
2026-08-29 17:26:00+00:00,40m,7.0400638,SM6YPE,JO67,57.5,13.0,1003.0,71.3,-13,0.45,0,0.54,23,0.1995,1,-6
2026-08-29 17:26:00+00:00,40m,7.0400523,OZ7IT,JO65,55.5,13.0,1006.8,84.0,-3,0.32,0,0.71,37,5.0119,1,-10
2026-08-29 17:26:00+00:00,40m,7.0401817,F4HHR,JN07,47.5,1.0,943.1,161.2,-19,-0.66,0,0.43,10,0.01,1,1
2026-08-29 17:26:00+00:00,40m,7.0400344,PE1ANW,JO31,51.5,7.0,804.0,120.4,-22,-0.06,0,0.21,23,0.1995,1,-15
2026-08-29 17:26:00+00:00,40m,7.0400315,DD3MS,JN59,49.5,11.0,1163.6,119.8,-26,0.19,0,0.11,20,0.1,1,-16
2026-08-29 17:26:00+00:00,40m,7.0400015,DB1IAT,JN48,48.5,9.0,1138.1,128.9,-24,0.79,0,0.26,30,1.0,1,-24
2026-08-29 17:26:00+00:00,40m,7.0400735,PE1KWH,JO22,52.5,5.0,627.7,120.0,-21,-0.19,0,0.19,20,0.1,1,-11
2026-08-29 17:28:00+00:00,30m,10.1401661,EA5RKP,IM99,39.5,-1.0,1797.0,174.3,-17,0.02,0,0.28,23,0.1995,1,-10
2026-08-29 17:28:00+00:00,30m,10.1402034,<...>,JN36BE,46.1875,6.125,1226.4,144.8,-22,0.11,0,0.28,23,0.1995,3,-15
2026-08-29 17:28:00+00:00,30m,10.1400934,OK1BF,JO70,50.5,15.0,1327.6,107.8,-21,0.07,0,0.33,23,0.1995,1,-14
2026-08-29 17:28:00+00:00,30m,10.1401405,F4GMT,IN93,43.5,-1.0,1353.8,173.0,-11,0.02,0,0.53,23,0.1995,1,-4
2026-08-29 17:30:00+00:00,20m,14.0970632,YU1DGH,KN03,43.5,21.0,2176.3,118.1,-25,0.28,0,0.21,23,0.1995,1,-18
2026-08-29 17:30:00+00:00,20m,14.0970947,YO4XPF,KN35,45.5,27.0,2375.3,105.6,-10,0.92,0,0.62,37,5.0119,1,-17
2026-08-29 17:30:00+00:00,20m,14.0971492,<CT1ETL/1>,IM58OB,38.0625,-8.791667,1997.3,194.8,-15,0.32,0,0.5,37,5.0119,3,-22
2026-08-29 17:30:00+00:00,20m,14.0971623,<IU0JJD>,JN61TP,41.645833,13.625,1966.6,135.1,-9,0.07,0,0.63,23,0.1995,3,-2
2026-08-29 17:32:00+00:00,40m,7.0401565,SK7BQ,JO76,56.5,15.0,1121.5,77.5,-6,0.37,0,0.43,23,0.1995,1,1
2026-08-29 17:32:00+00:00,40m,7.0401537,G7SYO,IO90,50.5,-1.0,583.7,165.7,-3,0.37,0,0.57,27,0.5012,1,0
2026-08-29 17:32:00+00:00,40m,7.0401322,G4LEN,IO81,51.5,-3.0,456.4,179.6,-24,0.37,0,0.15,37,5.0119,1,-31
2026-08-29 17:32:00+00:00,40m,7.0401081,HB9HJL,JN47,47.5,9.0,1223.5,132.4,-22,0.02,0,0.21,23,0.1995,1,-15
2026-08-29 17:32:00+00:00,40m,7.0401017,G0FOZ,IO90,50.5,-1.0,583.7,165.7,-8,0.28,0,0.64,23,0.1995,1,-1
2026-08-29 17:32:00+00:00,40m,7.0401213,ON4WS,JO20,50.5,5.0,780.7,133.3,-14,0.37,0,0.52,30,1.0,1,-14
2026-08-29 17:32:00+00:00,40m,7.0400743,EA5UV,IM99,39.5,-1.0,1797.0,174.3,-19,0.07,0,0.32,23,0.1995,1,-12
2026-08-29 17:32:00+00:00,40m,7.040056,M0NIF,IO90,50.5,-1.0,583.7,165.7,-9,0.37,0,0.7,23,0.1995,1,-2
2026-08-29 17:32:00+00:00,40m,7.0400456,PA3CWQ,JO21,51.5,5.0,699.6,127.4,-25,-0.02,0,0.16,23,0.1995,1,-18
2026-08-29 17:32:00+00:00,40m,7.0400018,DB1IAT,JN48,48.5,9.0,1138.1,128.9,-33,0.79,0,0.16,30,1.0,1,-33
2026-08-29 17:32:00+00:00,40m,7.0399906,SM3HZA,JP80,60.5,17.0,1292.0,56.9,-31,3.99,0,0.17,23,0.1995,1,-24
2026-08-29 17:32:00+00:00,40m,7.0400848,YO6FNF,KN25,45.5,25.0,2255.1,108.1,-18,0.37,0,0.2,20,0.1,1,-8
2026-08-29 17:34:00+00:00,160m,1.8380746,GM4DTH,IO85,55.5,-3.0,11.9,167.2,-25,0.19,0,0.22,23,0.1995,1,-18
2026-08-29 17:38:00+00:00,30m,10.1402779,LX0QRP,JN39,49.5,7.0,958.2,130.9,-31,0.24,0,0.14,23,0.1995,1,-24
2026-08-29 17:38:00+00:00,30m,10.1402496,<OE9PTI>,JN47VL,47.479167,9.791667,1262.7,130.3,-22,-0.02,0,0.33,23,0.1995,3,-15
2026-08-29 17:38:00+00:00,30m,10.1401743,OE7XZB,JN57,47.5,11.0,1320.1,127.2,-25,0.15,0,0.17,23,0.1995,1,-18
2026-08-29 17:38:00+00:00,30m,10.1401237,HB4FV,JN36,46.5,7.0,1229.2,141.2,-14,0.24,-2,0.5,30,1.0,1,-14
2026-08-29 17:42:00+00:00,80m,3.5700634,G7WCI,IO91,51.5,-1.0,475.8,162.7,-19,0.49,0,0.42,23,0.1995,1,-12
2026-08-29 17:42:00+00:00,80m,3.570119,PA2W,JO22,52.5,5.0,627.7,120.0,-3,0.58,0,0.63,37,5.0119,1,-10
2026-08-29 17:42:00+00:00,80m,3.570159,G3JKF,JO00,50.5,1.0,628.3,152.9,-11,0.41,0,0.53,33,1.9953,1,-14
2026-08-29 17:42:00+00:00,80m,3.5701964,M0XDC,JO01,51.5,1.0,528.5,148.0,-5,0.24,0,0.54,37,5.0119,1,-12
2026-08-29 17:42:00+00:00,80m,3.5701975,2E0FDM,IO81,51.5,-3.0,456.4,179.6,-17,0.49,0,0.36,23,0.1995,1,-10
2026-08-29 17:44:00+00:00,80m,3.5701728,G4UJS,IO82,52.5,-3.0,345.2,179.5,-7,0.54,0,0.73,23,0.1995,1,0
2026-08-29 17:44:00+00:00,80m,3.5701557,PI4CC,JO21,51.5,5.0,699.6,127.4,-12,0.19,0,0.56,17,0.0501,1,1
2026-08-29 17:44:00+00:00,80m,3.5701219,G8LIK,IO93,53.5,-1.0,268.4,149.8,-23,0.28,0,0.35,23,0.1995,1,-16
2026-08-29 17:44:00+00:00,80m,3.5700551,PC2A,JO21,51.5,5.0,699.6,127.4,-11,0.19,0,0.48,17,0.0501,1,2
2026-08-29 17:44:00+00:00,80m,3.5700521,G4BOO,IO91,51.5,-1.0,475.8,162.7,-3,0.92,0,0.53,37,5.0119,1,-10
2026-08-29 17:44:00+00:00,80m,3.5700157,G7UJY,IO93,53.5,-1.0,268.4,149.8,-4,1.3,3,0.66,23,0.1995,1,3
2026-08-29 17:46:00+00:00,40m,7.0401817,F4HHR,JN07,47.5,1.0,943.1,161.2,-20,-0.7,0,0.32,10,0.01,1,0
2026-08-29 17:46:00+00:00,40m,7.040173,SR9KRT,KN09,49.5,21.0,1750.2,102.7,-23,0.11,0,0.14,3,0.002,1,4
2026-08-29 17:46:00+00:00,40m,7.040167,PA0RDT,JO11,51.5,3.0,605.8,136.4,-4,0.37,0,0.67,37,5.0119,1,-11
2026-08-29 17:46:00+00:00,40m,7.0401592,G3JKF,JO00,50.5,1.0,628.3,152.9,-3,0.45,0,0.65,33,1.9953,1,-6
2026-08-29 17:46:00+00:00,40m,7.0401529,F4WFT,IN98,48.5,-1.0,802.1,169.2,-13,0.19,0,0.15,23,0.1995,1,-6
2026-08-29 17:46:00+00:00,40m,7.0401497,PA7D,JO23,53.5,5.0,568.5,111.0,3,0.28,0,0.72,23,0.1995,1,10
2026-08-29 17:46:00+00:00,40m,7.0401409,<PA1RMC>,JO32IG,52.270833,6.708333,737.1,116.1,-13,0.02,0,0.33,23,0.1995,3,-6
2026-08-29 17:46:00+00:00,40m,7.0401181,OZ8PZ,JO47,57.5,9.0,766.4,69.1,-13,0.24,0,0.55,23,0.1995,1,-6
2026-08-29 17:46:00+00:00,40m,7.0401454,SM3HZA,JP80,60.5,17.0,1292.0,56.9,-14,3.27,0,0.27,23,0.1995,1,-7
2026-08-29 17:46:00+00:00,40m,7.0400949,EA6URP,JM19,39.5,3.0,1845.5,163.5,-17,0.45,0,0.38,23,0.1995,1,-10
2026-08-29 17:46:00+00:00,40m,7.040107,<IU0JJD>,JN61TP,41.645833,13.625,1966.6,135.1,-23,0.02,0,0.24,23,0.1995,3,-16
2026-08-29 17:46:00+00:00,40m,7.0400141,G4GCI,IO90,50.5,-1.0,583.7,165.7,-6,0.49,0,0.76,37,5.0119,1,-13
2026-08-29 17:46:00+00:00,40m,7.0400454,<EA6ANX>,JM19GM,39.520833,2.541667,1835.3,164.7,-22,0.19,0,0.33,23,0.1995,3,-15
2026-08-29 17:46:00+00:00,40m,7.0400484,PA3CWQ,JO21,51.5,5.0,699.6,127.4,-23,0.15,0,0.28,23,0.1995,1,-16
2026-08-29 17:46:00+00:00,40m,7.0400018,DB1IAT,JN48,48.5,9.0,1138.1,128.9,-24,0.83,0,0.17,30,1.0,1,-24
2026-08-29 17:46:00+00:00,40m,7.0400854,DL4XJ,JO42,52.5,9.0,857.0,108.7,-8,0.19,0,0.55,30,1.0,1,-8
2026-08-29 17:46:00+00:00,40m,7.0400856,LA1ITS,JO59,59.5,11.0,940.6,56.8,-2,0.83,0,0.46,37,5.0119,1,-9
2026-08-29 17:46:00+00:00,40m,7.0400719,DL6NL,JO50,50.5,11.0,1093.8,115.4,-22,0.54,0,0.25,27,0.5012,1,-19
2026-08-29 17:48:00+00:00,30m,10.1401379,HB9T,JN36,46.5,7.0,1229.2,141.2,-26,0.37,0,0.16,23,0.1995,1,-19
2026-08-29 17:48:00+00:00,30m,10.1401475,DG8GAD,JN48,48.5,9.0,1138.1,128.9,-27,0.07,0,0.17,30,1.0,1,-27
2026-08-29 17:48:00+00:00,30m,10.1401497,HB9YC,JN46,46.5,9.0,1312.8,135.4,-12,0.19,1,0.56,30,1.0,1,-12
2026-08-29 17:48:00+00:00,30m,10.1401804,DG6RCH,JN68,48.5,13.0,1346.6,119.2,-22,0.28,2,0.24,23,0.1995,1,-15
2026-08-29 17:48:00+00:00,30m,10.1401996,HA6QL,JN97,47.5,19.0,1759.2,111.6,-20,0.19,0,0.36,33,1.9953,1,-23
2026-08-29 17:48:00+00:00,30m,10.1402061,EA5RKP,IM99,39.5,-1.0,1797.0,174.3,-19,0.02,0,0.43,23,0.1995,1,-12
2026-08-29 17:48:00+00:00,30m,10.1402956,VK6XT,OF88,-31.5,117.0,14704.8,85.6,-25,0.45,0,0.16,37,5.0119,1,-32
2026-08-29 17:50:00+00:00,20m,14.097101,EA6ALL,JM19,39.5,3.0,1845.5,163.5,-22,0.19,-2,0.27,23,0.1995,1,-15
2026-08-29 17:50:00+00:00,20m,14.0970633,YU1DGH,KN03,43.5,21.0,2176.3,118.1,-26,0.28,0,0.14,23,0.1995,1,-19
2026-08-29 17:50:00+00:00,20m,14.0970244,<IU0JJD>,JN61TP,41.645833,13.625,1966.6,135.1,-14,-0.02,0,0.56,23,0.1995,3,-7
2026-08-29 17:52:00+00:00,160m,1.8381129,G4HSB,IO94,54.5,-1.0,178.8,132.5,-3,0.45,0,0.78,23,0.1995,1,4
2026-08-29 17:54:00+00:00,30m,10.140122,DL2NED,JN59,49.5,11.0,1163.6,119.8,-12,0.45,0,0.18,23,0.1995,1,-5
2026-08-29 17:54:00+00:00,30m,10.140124,HB4FV,JN36,46.5,7.0,1229.2,141.2,-12,0.24,-1,0.26,30,1.0,1,-12
2026-08-29 17:54:00+00:00,30m,10.1401616,DL6NL,JO50,50.5,11.0,1093.8,115.4,-24,1.94,0,0.26,20,0.1,1,-14
2026-08-29 17:54:00+00:00,30m,10.1402013,SM3ESX,JP82,62.5,17.0,1370.0,47.9,-4,0.58,0,0.56,23,0.1995,1,3
2026-08-29 17:54:00+00:00,30m,10.1402298,F6CBA,IN93,43.5,-1.0,1353.8,173.0,-11,0.11,0,0.55,0,0.001,1,19
2026-08-29 17:58:00+00:00,80m,3.5701528,F4WFT,IN98,48.5,-1.0,802.1,169.2,-14,0.24,0,0.48,23,0.1995,1,-7
2026-08-29 17:58:00+00:00,80m,3.5701114,GM4DTH,IO85,55.5,-3.0,11.9,167.2,-8,0.11,0,0.55,23,0.1995,1,-1
2026-08-29 17:58:00+00:00,80m,3.5701192,PA2W,JO22,52.5,5.0,627.7,120.0,0,0.58,0,0.69,37,5.0119,1,-7
2026-08-29 17:58:00+00:00,80m,3.5700235,DC7TU,JN49,49.5,9.0,1057.4,124.9,-8,4.8,0,0.35,33,1.9953,1,-11
2026-08-29 17:58:00+00:00,80m,3.5700114,<...>,IO82WL,52.479167,-2.125,352.6,169.9,-8,1.01,0,0.56,37,5.0119,3,-15
2026-08-29 17:58:00+00:00,80m,3.5700697,DO6RPS,JO42,52.5,9.0,857.0,108.7,-18,0.15,0,0.39,37,5.0119,1,-25
2026-08-29 18:02:00+00:00,80m,3.5701587,G3JKF,JO00,50.5,1.0,628.3,152.9,-4,0.24,0,0.45,33,1.9953,1,-7
2026-08-29 18:02:00+00:00,80m,3.5700002,F4EKH,JN05,45.5,1.0,1158.7,164.1,-18,-0.83,0,0.41,30,1.0,1,-18
2026-08-29 18:02:00+00:00,80m,3.5700551,PC2A,JO21,51.5,5.0,699.6,127.4,-1,0.19,0,0.73,17,0.0501,1,12
2026-08-29 18:02:00+00:00,80m,3.5700925,DL4XJ,JO42,52.5,9.0,857.0,108.7,-3,0.24,0,0.57,30,1.0,1,-3
2026-08-29 18:02:00+00:00,80m,3.5700997,OZ4JJ,JO56,56.5,11.0,876.0,77.7,-21,0.11,0,0.16,13,0.02,1,-4
2026-08-29 18:02:00+00:00,80m,3.5701027,2E0FDM,IO81,51.5,-3.0,456.4,179.6,-13,0.41,0,0.46,23,0.1995,1,-6
2026-08-29 18:02:00+00:00,80m,3.5701106,M0OLS,IO81,51.5,-3.0,456.4,179.6,-25,0.41,0,0.17,23,0.1995,1,-18
2026-08-29 18:02:00+00:00,80m,3.5701196,PA5CA,JO32,52.5,7.0,739.9,113.6,-20,-0.32,0,0.15,10,0.01,1,0
2026-08-29 18:02:00+00:00,80m,3.5701354,<GM0PXV>,IO85IW,55.9375,-3.291667,40.2,337.2,8,0.07,0,0.75,23,0.1995,3,15
2026-08-29 18:02:00+00:00,80m,3.5701557,PI4CC,JO21,51.5,5.0,699.6,127.4,-2,0.15,0,0.6,17,0.0501,1,11
2026-08-29 18:02:00+00:00,80m,3.5701835,G7WCI,IO91,51.5,-1.0,475.8,162.7,-19,0.49,0,0.35,23,0.1995,1,-12
2026-08-29 18:04:00+00:00,40m,7.0401646,SM3HZA,JP80,60.5,17.0,1292.0,56.9,-17,4.33,0,0.19,23,0.1995,1,-10
2026-08-29 18:04:00+00:00,40m,7.0401675,<G7SYO>,IO90DR,50.729167,-1.708333,549.3,170.2,0,0.28,0,0.73,27,0.5012,3,3
2026-08-29 18:04:00+00:00,40m,7.0401481,<OZ1DEO>,JO55VS,55.770833,11.791667,928.2,82.7,-12,-1.81,0,0.34,30,1.0,3,-12
2026-08-29 18:04:00+00:00,40m,7.0401817,F4HHR,JN07,47.5,1.0,943.1,161.2,-21,-0.74,0,0.33,10,0.01,1,-1
2026-08-29 18:04:00+00:00,40m,7.0401813,EA5UV,IM99,39.5,-1.0,1797.0,174.3,-15,0.07,0,0.24,23,0.1995,1,-8
2026-08-29 18:04:00+00:00,40m,7.040147,IU0JJD,JN61,41.5,13.0,1953.0,136.7,-22,0.07,0,0.16,23,0.1995,1,-15
2026-08-29 18:04:00+00:00,40m,7.0400808,PA3CWQ,JO21,51.5,5.0,699.6,127.4,-21,0.71,0,0.21,23,0.1995,1,-14
2026-08-29 18:04:00+00:00,40m,7.0401244,SA0YRL,JO89,59.5,17.0,1265.8,61.8,-20,4.12,0,0.28,23,0.1995,1,-13
2026-08-29 18:04:00+00:00,40m,7.0400852,YO6FNF,KN25,45.5,25.0,2255.1,108.1,-14,0.02,0,0.29,20,0.1,1,-4
2026-08-29 18:04:00+00:00,40m,7.0401444,DB0SFA,JO42,52.5,9.0,857.0,108.7,-12,0.07,0,0.37,23,0.1995,1,-5
2026-08-29 18:04:00+00:00,40m,7.0400497,PA1JCK,JO21,51.5,5.0,699.6,127.4,-25,0.54,0,0.29,23,0.1995,1,-18
2026-08-29 18:04:00+00:00,40m,7.0400008,DL0PBS,JO33,53.5,7.0,687.8,105.7,-8,0.11,0,0.45,23,0.1995,1,-1
2026-08-29 18:04:00+00:00,40m,7.0399977,G6CKK,JO01,51.5,1.0,528.5,148.0,-6,0.07,0,0.64,23,0.1995,1,1
2026-08-29 18:06:00+00:00,40m,7.0400686,PA2PGU,JO32,52.5,7.0,739.9,113.6,-8,-0.06,0,0.3,23,0.1995,1,-1
2026-08-29 18:06:00+00:00,40m,7.040086,DL4XJ,JO42,52.5,9.0,857.0,108.7,-7,0.24,1,0.3,30,1.0,1,-7
2026-08-29 18:06:00+00:00,40m,7.0401236,LA4PGA,JP50,60.5,11.0,986.3,50.8,-14,0.11,1,0.26,23,0.1995,1,-7
2026-08-29 18:06:00+00:00,40m,7.0401374,G4VNM,IO90,50.5,-1.0,583.7,165.7,-7,-0.57,-1,0.3,23,0.1995,1,0
2026-08-29 18:06:00+00:00,40m,7.0401496,SM3HZA,JP80,60.5,17.0,1292.0,56.9,-16,3.99,0,0.2,23,0.1995,1,-9
2026-08-29 18:06:00+00:00,40m,7.0401594,G3JKF,JO00,50.5,1.0,628.3,152.9,-2,0.49,0,0.37,33,1.9953,1,-5
2026-08-29 18:06:00+00:00,40m,7.0401822,F4HHR,JN07,47.5,1.0,943.1,161.2,-19,-0.74,1,0.2,10,0.01,1,1
2026-08-29 18:08:00+00:00,30m,10.1402946,VK6XT,OF88,-31.5,117.0,14704.8,85.6,-20,0.41,0,0.23,37,5.0119,1,-27
2026-08-29 18:08:00+00:00,30m,10.1402781,LX0QRP,JN39,49.5,7.0,958.2,130.9,-27,0.24,0,0.23,23,0.1995,1,-20
2026-08-29 18:08:00+00:00,30m,10.1402172,EA5RKP,IM99,39.5,-1.0,1797.0,174.3,-18,0.11,0,0.32,23,0.1995,1,-11
2026-08-29 18:08:00+00:00,30m,10.1402391,<CT1ETL/1>,IM58OB,38.0625,-8.791667,1997.3,194.8,-19,0.32,0,0.34,37,5.0119,3,-26
2026-08-29 18:08:00+00:00,30m,10.1401643,HB9T,JN36,46.5,7.0,1229.2,141.2,-25,0.41,0,0.15,23,0.1995,1,-18
2026-08-29 18:08:00+00:00,30m,10.1401095,DB1SN,JN48,48.5,9.0,1138.1,128.9,-21,0.49,0,0.41,23,0.1995,1,-14
2026-08-29 18:08:00+00:00,30m,10.1401748,F4GMT,IN93,43.5,-1.0,1353.8,173.0,-16,-0.15,0,0.45,23,0.1995,1,-9
2026-08-29 18:10:00+00:00,20m,14.0970325,<IU0JJD>,JN61TP,41.645833,13.625,1966.6,135.1,-16,-0.02,0,0.56,23,0.1995,3,-9
2026-08-29 18:10:00+00:00,20m,14.0970998,EA6ALL,JM19,39.5,3.0,1845.5,163.5,-25,0.19,0,0.25,23,0.1995,1,-18
2026-08-29 18:12:00+00:00,160m,1.838102,G4HSB,IO94,54.5,-1.0,178.8,132.5,-3,0.37,0,0.79,23,0.1995,1,4
2026-08-29 18:14:00+00:00,80m,3.5700923,DL4XJ,JO42,52.5,9.0,857.0,108.7,-3,0.15,0,0.6,30,1.0,1,-3
2026-08-29 18:14:00+00:00,80m,3.5700551,PC2A,JO21,51.5,5.0,699.6,127.4,-4,0.15,0,0.62,17,0.0501,1,9
2026-08-29 18:14:00+00:00,80m,3.5700895,PA5CA,JO32,52.5,7.0,739.9,113.6,-20,-0.23,0,0.19,10,0.01,1,0
2026-08-29 18:14:00+00:00,80m,3.5701459,G7UJY,IO93,53.5,-1.0,268.4,149.8,-4,1.22,2,0.59,23,0.1995,1,3
2026-08-29 18:14:00+00:00,80m,3.5701558,PI4CC,JO21,51.5,5.0,699.6,127.4,-3,0.15,0,0.58,17,0.0501,1,10
2026-08-29 18:14:00+00:00,80m,3.5701717,DL9ZY,JO30,50.5,7.0,877.5,126.1,9,0.19,0,0.69,37,5.0119,1,2
2026-08-29 18:16:00+00:00,40m,7.0401362,F6EGX,JN35,45.5,7.0,1325.8,143.7,-7,0.19,0,0.52,37,5.0119,1,-14
2026-08-29 18:16:00+00:00,40m,7.0401392,<IU0JJD>,JN61TP,41.645833,13.625,1966.6,135.1,-9,0.15,0,0.48,23,0.1995,3,-2
2026-08-29 18:16:00+00:00,40m,7.0401345,PA3CWQ,JO21,51.5,5.0,699.6,127.4,-19,0.07,0,0.35,23,0.1995,1,-12
2026-08-29 18:16:00+00:00,40m,7.0401817,F4HHR,JN07,47.5,1.0,943.1,161.2,-21,-0.79,0,0.37,10,0.01,1,-1
2026-08-29 18:16:00+00:00,40m,7.040167,PA0RDT,JO11,51.5,3.0,605.8,136.4,-11,0.66,0,0.57,37,5.0119,1,-18
2026-08-29 18:16:00+00:00,40m,7.0401185,OZ8PZ,JO47,57.5,9.0,766.4,69.1,-11,0.19,0,0.65,23,0.1995,1,-4
2026-08-29 18:16:00+00:00,40m,7.0400142,<...>,JN48AO,48.604167,8.041667,1083.3,131.3,-20,0.19,0,0.25,37,5.0119,3,-27
2026-08-29 18:16:00+00:00,40m,7.0400704,DL7AG,JO62,52.5,13.0,1099.6,101.6,-14,0.41,0,0.55,23,0.1995,1,-7
2026-08-29 18:16:00+00:00,40m,7.0400436,SM3HZA,JP80,60.5,17.0,1292.0,56.9,-16,5.66,0,0.33,23,0.1995,1,-9
2026-08-29 18:16:00+00:00,40m,7.0400194,DB0SFA,JO42,52.5,9.0,857.0,108.7,-19,0.02,0,0.37,23,0.1995,1,-12
2026-08-29 18:16:00+00:00,40m,7.0400021,DB1IAT,JN48,48.5,9.0,1138.1,128.9,-25,0.79,0,0.22,30,1.0,1,-25
2026-08-29 18:16:00+00:00,40m,7.0400013,DL0PBS,JO33,53.5,7.0,687.8,105.7,-13,0.19,0,0.47,23,0.1995,1,-6
2026-08-29 18:16:00+00:00,40m,7.0400978,SM3EFS,JP82,62.5,17.0,1370.0,47.9,-26,0.11,0,0.21,23,0.1995,1,-19
2026-08-29 18:18:00+00:00,30m,10.1400961,SM3EFS,JP82,62.5,17.0,1370.0,47.9,-32,-0.06,0,0.21,23,0.1995,1,-25
2026-08-29 18:18:00+00:00,30m,10.1401236,HB4FV,JN36,46.5,7.0,1229.2,141.2,-17,0.19,-2,0.52,30,1.0,1,-17
2026-08-29 18:18:00+00:00,30m,10.140137,<OK1BF>,JO70UB,50.0625,15.708333,1396.3,108.4,-20,-0.02,0,0.42,23,0.1995,3,-13
2026-08-29 18:18:00+00:00,30m,10.1401994,HA6QL,JN97,47.5,19.0,1759.2,111.6,-19,0.11,0,0.39,33,1.9953,1,-22
2026-08-29 18:18:00+00:00,30m,10.1402362,OH3FZQ,KP11,61.5,23.0,1632.6,55.7,-3,0.32,0,0.51,33,1.9953,1,-6
2026-08-29 18:22:00+00:00,80m,3.5701935,GM7FIE,IO85,55.5,-3.0,11.9,167.2,-4,0.02,0,0.52,23,0.1995,1,3
2026-08-29 18:22:00+00:00,80m,3.5701714,DL9ZY,JO30,50.5,7.0,877.5,126.1,6,0.19,0,0.63,37,5.0119,1,-1
2026-08-29 18:22:00+00:00,80m,3.5701591,G3JKF,JO00,50.5,1.0,628.3,152.9,-6,0.28,0,0.45,33,1.9953,1,-9
2026-08-29 18:22:00+00:00,80m,3.5701505,G7WCI,IO91,51.5,-1.0,475.8,162.7,-16,0.41,0,0.33,23,0.1995,1,-9
2026-08-29 18:22:00+00:00,80m,3.5700318,DD3MS,JN59,49.5,11.0,1163.6,119.8,-17,0.15,0,0.29,20,0.1,1,-7
2026-08-29 18:22:00+00:00,80m,3.5700349,DO2JUF,JO52,52.5,11.0,977.3,104.8,-13,0.19,0,0.44,37,5.0119,1,-20
2026-08-29 18:22:00+00:00,80m,3.5700065,2E0FDM,IO81,51.5,-3.0,456.4,179.6,-23,0.41,0,0.38,23,0.1995,1,-16
2026-08-29 18:22:00+00:00,80m,3.57,F4EKH,JN05,45.5,1.0,1158.7,164.1,-17,-0.87,0,0.46,30,1.0,1,-17
2026-08-29 18:22:00+00:00,80m,3.5701375,GD3MAN,IO74,54.5,-5.0,175.0,226.3,-16,-0.02,0,0.4,23,0.1995,1,-9
2026-08-29 18:26:00+00:00,40m,7.0401352,<CT1ETL/1>,IM58OB,38.0625,-8.791667,1997.3,194.8,-14,0.24,0,0.51,37,5.0119,3,-21
2026-08-29 18:26:00+00:00,40m,7.0401814,F4HHR,JN07,47.5,1.0,943.1,161.2,-21,-0.83,0,0.26,10,0.01,1,-1
2026-08-29 18:26:00+00:00,40m,7.0401769,EI7II,IO51,51.5,-9.0,602.2,223.2,-3,0.49,0,0.75,23,0.1995,1,4
2026-08-29 18:26:00+00:00,40m,7.0401593,G3JKF,JO00,50.5,1.0,628.3,152.9,-1,0.28,0,0.7,33,1.9953,1,-4
2026-08-29 18:26:00+00:00,40m,7.0401559,G7WCI,IO91,51.5,-1.0,475.8,162.7,-20,0.28,0,0.19,23,0.1995,1,-13
2026-08-29 18:26:00+00:00,40m,7.0401542,F1JSC,JN03,43.5,1.0,1376.5,166.2,-16,0.11,0,0.18,33,1.9953,1,-19
2026-08-29 18:26:00+00:00,40m,7.0401495,SM3HZA,JP80,60.5,17.0,1292.0,56.9,-15,5.19,0,0.29,23,0.1995,1,-8
2026-08-29 18:26:00+00:00,40m,7.0401015,G0FOZ,IO90,50.5,-1.0,583.7,165.7,0,0.19,0,0.7,23,0.1995,1,7
2026-08-29 18:26:00+00:00,40m,7.0400019,DB1IAT,JN48,48.5,9.0,1138.1,128.9,-22,0.66,0,0.26,30,1.0,1,-22
2026-08-29 18:26:00+00:00,40m,7.0400822,DD3MS,JN59,49.5,11.0,1163.6,119.8,-21,0.02,0,0.21,20,0.1,1,-11
2026-08-29 18:26:00+00:00,40m,7.0400723,DL6NL,JO50,50.5,11.0,1093.8,115.4,-13,0.58,0,0.32,27,0.5012,1,-10
2026-08-29 18:26:00+00:00,40m,7.0400671,G4LRP,IO91,51.5,-1.0,475.8,162.7,-9,1.18,0,0.62,30,1.0,1,-9
2026-08-29 18:26:00+00:00,40m,7.0400627,SG7SUN/B,,,,,,-23,0.49,0,0.27,27,0.5012,2,-20
2026-08-29 18:26:00+00:00,40m,7.0400494,PA3CWQ,JO21,51.5,5.0,699.6,127.4,-18,0.54,0,0.22,23,0.1995,1,-11
2026-08-29 18:26:00+00:00,40m,7.0400449,HB9IIU,JN36,46.5,7.0,1229.2,141.2,-17,-0.02,0,0.21,23,0.1995,1,-10
2026-08-29 18:26:00+00:00,40m,7.0400381,DK2DB,JN48,48.5,9.0,1138.1,128.9,-5,-0.02,0,0.49,37,5.0119,1,-12
2026-08-29 18:26:00+00:00,40m,7.0400942,F6KPL,IN99,49.5,-1.0,692.6,167.7,-2,4.08,0,0.66,30,1.0,1,-2
2026-08-29 18:28:00+00:00,30m,10.1402593,EA5RKP,IM99,39.5,-1.0,1797.0,174.3,-15,0.02,0,0.43,23,0.1995,1,-8
2026-08-29 18:28:00+00:00,30m,10.140255,GJ7DNI,IN89,49.5,-3.0,678.8,179.7,-15,5.53,0,0.32,23,0.1995,1,-8
2026-08-29 18:28:00+00:00,30m,10.1402204,HB9IIU,JN36,46.5,7.0,1229.2,141.2,-25,0.11,0,0.18,23,0.1995,1,-18
2026-08-29 18:28:00+00:00,30m,10.1401488,F4GMT,IN93,43.5,-1.0,1353.8,173.0,-16,0.71,0,0.4,23,0.1995,1,-9
2026-08-29 18:28:00+00:00,30m,10.1401093,HB9T,JN36,46.5,7.0,1229.2,141.2,-27,0.62,0,0.25,23,0.1995,1,-20
2026-08-29 18:28:00+00:00,30m,10.1401678,DL0NOT,JO40,50.5,9.0,982.7,120.3,-26,0.45,0,0.14,23,0.1995,1,-19
2026-08-29 18:30:00+00:00,20m,14.0970984,<IU0JJD>,JN61TP,41.645833,13.625,1966.6,135.1,-15,-0.02,0,0.28,23,0.1995,3,-8
2026-08-29 18:30:00+00:00,20m,14.0971001,EA6ALL,JM19,39.5,3.0,1845.5,163.5,-22,0.11,0,0.31,23,0.1995,1,-15
2026-08-29 18:32:00+00:00,30m,10.1401993,HA6QL,JN97,47.5,19.0,1759.2,111.6,-21,0.11,0,0.27,33,1.9953,1,-24
2026-08-29 18:32:00+00:00,30m,10.140278,LX0QRP,JN39,49.5,7.0,958.2,130.9,-29,0.28,0,0.26,23,0.1995,1,-22
2026-08-29 18:32:00+00:00,30m,10.1402955,VK6XT,OF88,-31.5,117.0,14704.8,85.6,-21,0.32,0,0.34,37,5.0119,1,-28
2026-08-29 18:32:00+00:00,30m,10.1401691,OK1BF,JO70,50.5,15.0,1327.6,107.8,-16,-0.02,0,0.4,23,0.1995,1,-9
2026-08-29 18:32:00+00:00,30m,10.1402505,DG0JAJ,JN57,47.5,11.0,1320.1,127.2,-28,0.28,0,0.2,23,0.1995,1,-21
2026-08-29 18:32:00+00:00,30m,10.1401481,EA5RKP,IM99,39.5,-1.0,1797.0,174.3,-16,-0.02,0,0.47,23,0.1995,1,-9
2026-08-29 18:32:00+00:00,30m,10.1401339,GJ7DNI,IN89,49.5,-3.0,678.8,179.7,-15,5.31,0,0.48,23,0.1995,1,-8
2026-08-29 18:32:00+00:00,30m,10.1401188,F4GMT,IN93,43.5,-1.0,1353.8,173.0,-17,0.37,0,0.35,23,0.1995,1,-10
2026-08-29 18:32:00+00:00,30m,10.1400975,SM3EFS,JP82,62.5,17.0,1370.0,47.9,-15,0.07,0,0.49,23,0.1995,1,-8
2026-08-29 18:32:00+00:00,30m,10.1401615,DL6NL,JO50,50.5,11.0,1093.8,115.4,-23,1.9,0,0.15,20,0.1,1,-13
2026-08-29 18:34:00+00:00,80m,3.5700235,DC7TU,JN49,49.5,9.0,1057.4,124.9,-3,4.97,0,0.52,33,1.9953,1,-6
2026-08-29 18:34:00+00:00,80m,3.57005,DL3YAV,JO42,52.5,9.0,857.0,108.7,-2,0.19,0,0.52,37,5.0119,1,-9
2026-08-29 18:34:00+00:00,80m,3.5701079,CT1ETL/1,,,,,,-23,0.66,0,0.23,33,1.9953,2,-26
2026-08-29 18:34:00+00:00,80m,3.5701469,GM4DTH,IO85,55.5,-3.0,11.9,167.2,-6,0.07,0,0.38,23,0.1995,1,1
2026-08-29 18:38:00+00:00,40m,7.0401562,SO2O,JO94,54.5,19.0,1403.4,85.9,-10,0.02,0,0.38,23,0.1995,1,-3
2026-08-29 18:38:00+00:00,40m,7.0401479,OZ1DEO,JO55,55.5,11.0,881.8,84.9,-13,-1.81,0,0.48,30,1.0,1,-13
2026-08-29 18:38:00+00:00,40m,7.0401376,G4VNM,IO90,50.5,-1.0,583.7,165.7,-22,-0.62,0,0.17,23,0.1995,1,-15
2026-08-29 18:38:00+00:00,40m,7.0401246,DL1FX,JN49,49.5,9.0,1057.4,124.9,-17,0.02,0,0.21,23,0.1995,1,-10
2026-08-29 18:38:00+00:00,40m,7.0401068,G4HSB,IO94,54.5,-1.0,178.8,132.5,-16,-0.02,0,0.3,23,0.1995,1,-9
2026-08-29 18:38:00+00:00,40m,7.0400997,OZ4JJ,JO56,56.5,11.0,876.0,77.7,-12,0.28,0,0.19,13,0.02,1,5
2026-08-29 18:38:00+00:00,40m,7.0400733,PE1KWH,JO22,52.5,5.0,627.7,120.0,-13,-0.19,0,0.31,20,0.1,1,-3
2026-08-29 18:38:00+00:00,40m,7.0400674,<G4LRP>,IO91TA,51.020833,-0.375,539.5,159.8,-8,1.22,0,0.63,30,1.0,3,-8
2026-08-29 18:38:00+00:00,40m,7.0400382,DK2DB,JN48,48.5,9.0,1138.1,128.9,-5,0.24,0,0.44,37,5.0119,1,-12
2026-08-29 18:38:00+00:00,40m,7.0400193,I0LYO,JN52,42.5,11.0,1773.3,139.4,-25,5.7,0,0.13,23,0.1995,1,-18
2026-08-29 18:38:00+00:00,40m,7.040002,DB1IAT,JN48,48.5,9.0,1138.1,128.9,-26,0.79,0,0.14,30,1.0,1,-26
2026-08-29 18:38:00+00:00,40m,7.040095,F6KPL,IN99,49.5,-1.0,692.6,167.7,4,4.12,0,0.75,30,1.0,1,4
2026-08-29 18:40:00+00:00,160m,1.8381369,G4HSB,IO94,54.5,-1.0,178.8,132.5,0,0.24,0,0.76,23,0.1995,1,7
2026-08-29 18:42:00+00:00,80m,3.5700983,<SA5JBN>,JO89LW,59.9375,16.958333,1273.9,59.6,-18,0.37,0,0.19,20,0.1,3,-8
2026-08-29 18:42:00+00:00,80m,3.5701964,M0XDC,JO01,51.5,1.0,528.5,148.0,-11,0.15,0,0.55,37,5.0119,1,-18
2026-08-29 18:42:00+00:00,80m,3.5701523,F4WFT,IN98,48.5,-1.0,802.1,169.2,-15,0.15,0,0.33,23,0.1995,1,-8
2026-08-29 18:42:00+00:00,80m,3.5701461,2E0FDM,IO81,51.5,-3.0,456.4,179.6,-22,0.37,0,0.18,23,0.1995,1,-15
2026-08-29 18:42:00+00:00,80m,3.5700938,M8HYX,IO84,54.5,-3.0,122.8,178.7,-17,-0.02,0,0.14,23,0.1995,1,-10
2026-08-29 18:42:00+00:00,80m,3.5701589,G3JKF,JO00,50.5,1.0,628.3,152.9,-9,0.28,0,0.44,33,1.9953,1,-12
2026-08-29 18:42:00+00:00,80m,3.5700367,GX2PLX,JO02,52.5,1.0,434.3,141.0,15,-0.7,0,0.74,43,19.9526,1,2
2026-08-29 18:42:00+00:00,80m,3.570003,G7UJY,IO93,53.5,-1.0,268.4,149.8,1,1.18,1,0.49,23,0.1995,1,8
2026-08-29 18:42:00+00:00,80m,3.570073,<OK1BF>,JO70UB,50.0625,15.708333,1396.3,108.4,-13,-0.06,0,0.19,23,0.1995,3,-6
2026-08-29 18:42:00+00:00,80m,3.5700234,DC7TU,JN49,49.5,9.0,1057.4,124.9,2,4.8,0,0.47,33,1.9953,1,-1
2026-08-29 18:42:00+00:00,80m,3.5700083,G7WCI,IO91,51.5,-1.0,475.8,162.7,-16,0.37,0,0.24,23,0.1995,1,-9
2026-08-29 18:44:00+00:00,20m,14.0971597,RL3DF,KO95,55.5,39.0,2603.5,72.7,-26,-0.4,0,0.14,10,0.01,1,-6
2026-08-29 18:46:00+00:00,40m,7.0401763,PA7D,JO23,53.5,5.0,568.5,111.0,-2,0.15,0,0.35,23,0.1995,1,5
2026-08-29 18:46:00+00:00,40m,7.0401675,PA0RDT,JO11,51.5,3.0,605.8,136.4,-2,0.66,0,0.25,37,5.0119,1,-9
2026-08-29 18:46:00+00:00,40m,7.0401591,G3JKF,JO00,50.5,1.0,628.3,152.9,4,0.32,0,0.82,33,1.9953,1,1
2026-08-29 18:46:00+00:00,40m,7.0401528,F4WFT,IN98,48.5,-1.0,802.1,169.2,-6,0.15,0,0.26,23,0.1995,1,1
2026-08-29 18:46:00+00:00,40m,7.0401346,PA3CWQ,JO21,51.5,5.0,699.6,127.4,-12,0.24,0,0.27,23,0.1995,1,-5
2026-08-29 18:46:00+00:00,40m,7.0401317,CT1ETL/1,,,,,,-11,0.28,0,0.4,37,5.0119,2,-18
2026-08-29 18:46:00+00:00,40m,7.0401186,OZ8PZ,JO47,57.5,9.0,766.4,69.1,-8,0.28,0,0.29,23,0.1995,1,-1
2026-08-29 18:46:00+00:00,40m,7.0401171,<OK1BF>,JO70UB,50.0625,15.708333,1396.3,108.4,-14,0.02,0,0.33,23,0.1995,3,-7
2026-08-29 18:46:00+00:00,40m,7.0400998,DL9HB,JO53,53.5,11.0,933.5,98.7,-11,0.02,0,0.54,30,1.0,1,-11
2026-08-29 18:46:00+00:00,40m,7.040074,PE1KWH,JO22,52.5,5.0,627.7,120.0,-14,-0.19,0,0.22,20,0.1,1,-4
2026-08-29 18:46:00+00:00,40m,7.0400722,DL6NL,JO50,50.5,11.0,1093.8,115.4,-24,0.62,0,0.13,27,0.5012,1,-21
2026-08-29 18:46:00+00:00,40m,7.040056,EA6URP,JM19,39.5,3.0,1845.5,163.5,-15,0.41,0,0.21,23,0.1995,1,-8
2026-08-29 18:46:00+00:00,40m,7.0400535,SM6YPE,JO67,57.5,13.0,1003.0,71.3,-16,0.32,0,0.19,23,0.1995,1,-9
2026-08-29 18:46:00+00:00,40m,7.0400314,SM3HZA,JP80,60.5,17.0,1292.0,56.9,-21,4.89,0,0.31,23,0.1995,1,-14
2026-08-29 18:46:00+00:00,40m,7.0400259,<IU0JJD>,JN61TP,41.645833,13.625,1966.6,135.1,-19,0.02,0,0.39,23,0.1995,3,-12
2026-08-29 18:46:00+00:00,40m,7.0400134,G4GCI,IO90,50.5,-1.0,583.7,165.7,-31,0.71,0,0.17,37,5.0119,1,-38
2026-08-29 18:46:00+00:00,40m,7.0399948,<OE9PTI>,JN47VL,47.479167,9.791667,1262.7,130.3,-25,-0.23,0,0.12,23,0.1995,3,-18
2026-08-29 18:46:00+00:00,40m,7.0400854,DL4XJ,JO42,52.5,9.0,857.0,108.7,-9,0.19,0,0.54,30,1.0,1,-9
2026-08-29 18:48:00+00:00,30m,10.1402292,F6CBA,IN93,43.5,-1.0,1353.8,173.0,-13,0.19,0,0.55,0,0.001,1,17
2026-08-29 18:48:00+00:00,30m,10.1402528,F1JSC,JN03,43.5,1.0,1376.5,166.2,-9,0.28,0,0.6,33,1.9953,1,-12
2026-08-29 18:48:00+00:00,30m,10.1402382,OK1BF,JO70,50.5,15.0,1327.6,107.8,-18,0.02,0,0.31,23,0.1995,1,-11
2026-08-29 18:48:00+00:00,30m,10.1401994,HA6QL,JN97,47.5,19.0,1759.2,111.6,-20,0.15,0,0.31,33,1.9953,1,-23
2026-08-29 18:48:00+00:00,30m,10.1402961,VK6XT,OF88,-31.5,117.0,14704.8,85.6,-21,0.32,0,0.31,37,5.0119,1,-28
2026-08-29 18:48:00+00:00,30m,10.140153,F4WFT,IN98,48.5,-1.0,802.1,169.2,-4,0.15,0,0.5,23,0.1995,1,3
2026-08-29 18:48:00+00:00,30m,10.14015,HB9YC,JN46,46.5,9.0,1312.8,135.4,-1,0.15,0,0.57,30,1.0,1,-1
2026-08-29 18:48:00+00:00,30m,10.1401313,F4GMT,IN93,43.5,-1.0,1353.8,173.0,-14,0.45,0,0.44,23,0.1995,1,-7
2026-08-29 18:48:00+00:00,30m,10.1401059,EA5RKP,IM99,39.5,-1.0,1797.0,174.3,-17,0.02,0,0.42,23,0.1995,1,-10
2026-08-29 18:48:00+00:00,30m,10.1401822,OE9PTI,JN47,47.5,9.0,1223.5,132.4,-17,-0.02,0,0.42,23,0.1995,1,-10
2026-08-29 18:50:00+00:00,20m,14.0970809,<IU0JJD>,JN61TP,41.645833,13.625,1966.6,135.1,-9,0.02,0,0.62,23,0.1995,3,-2
2026-08-29 18:50:00+00:00,20m,14.0971001,EA6ALL,JM19,39.5,3.0,1845.5,163.5,-16,0.11,-1,0.39,23,0.1995,1,-9
2026-08-29 18:52:00+00:00,80m,3.5700021,DL8FBN,JO51,51.5,11.0,1031.3,110.4,-28,-0.06,0,0.21,23,0.1995,1,-21
2026-08-29 18:52:00+00:00,80m,3.5700547,PE1ANW,JO31,51.5,7.0,804.0,120.4,-23,-0.32,0,0.18,23,0.1995,1,-16
2026-08-29 18:52:00+00:00,80m,3.5701007,HA7AA,JN97,47.5,19.0,1759.2,111.6,-23,0.24,0,0.17,23,0.1995,1,-16
2026-08-29 18:52:00+00:00,80m,3.5701222,G8LIK,IO93,53.5,-1.0,268.4,149.8,-18,0.15,0,0.18,23,0.1995,1,-11
2026-08-29 18:52:00+00:00,80m,3.5701689,GM4DTH,IO85,55.5,-3.0,11.9,167.2,-4,-0.02,0,0.13,23,0.1995,1,3
2026-08-29 18:54:00+00:00,160m,1.8381044,GM4DTH,IO85,55.5,-3.0,11.9,167.2,-22,0.07,0,0.25,23,0.1995,1,-15
2026-08-29 18:56:00+00:00,30m,10.1402422,EA5RKP,IM99,39.5,-1.0,1797.0,174.3,-21,0.02,1,0.35,23,0.1995,1,-14
2026-08-29 18:56:00+00:00,30m,10.1401941,OK2SAM,JN99,49.5,19.0,1628.3,105.4,-22,1.22,0,0.21,30,1.0,1,-22
2026-08-29 18:56:00+00:00,30m,10.1402659,CT7AMG,IM58,38.5,-9.0,1953.0,195.6,-29,0.02,1,0.18,23,0.1995,1,-22
2026-08-29 18:56:00+00:00,30m,10.1401318,DP0GVN,IB59,-70.5,-9.0,14030.2,182.5,-20,-0.79,0,0.16,37,5.0119,1,-27
2026-08-29 18:56:00+00:00,30m,10.1401815,HB9IIU,JN36,46.5,7.0,1229.2,141.2,-22,-0.02,0,0.27,23,0.1995,1,-15
2026-08-29 18:58:00+00:00,40m,7.0401826,F4HHR,JN07,47.5,1.0,943.1,161.2,-19,-0.79,0,0.41,10,0.01,1,1
2026-08-29 18:58:00+00:00,40m,7.0401644,EA6URP,JM19,39.5,3.0,1845.5,163.5,-14,0.37,0,0.55,23,0.1995,1,-7
2026-08-29 18:58:00+00:00,40m,7.0401335,PA3CWQ,JO21,51.5,5.0,699.6,127.4,-15,0.62,0,0.21,23,0.1995,1,-8
2026-08-29 18:58:00+00:00,40m,7.0400904,SG7SUN/B,,,,,,-21,0.45,0,0.36,27,0.5012,2,-18
2026-08-29 18:58:00+00:00,40m,7.0400838,<EA6ANX>,JM19GM,39.520833,2.541667,1835.3,164.7,-19,0.15,0,0.41,23,0.1995,3,-12
2026-08-29 18:58:00+00:00,40m,7.0401023,SO2O,JO94,54.5,19.0,1403.4,85.9,-10,-0.02,0,0.32,23,0.1995,1,-3
2026-08-29 18:58:00+00:00,40m,7.0400345,PA7D,JO23,53.5,5.0,568.5,111.0,-1,0.07,0,0.22,23,0.1995,1,6
2026-08-29 18:58:00+00:00,40m,7.0400198,I0LYO,JN52,42.5,11.0,1773.3,139.4,-22,5.66,1,0.18,23,0.1995,1,-15
2026-08-29 18:58:00+00:00,40m,7.0400111,SM3HZA,JP80,60.5,17.0,1292.0,56.9,-17,5.27,0,0.27,23,0.1995,1,-10
2026-08-29 18:58:00+00:00,40m,7.0400012,F4EKH,JN05,45.5,1.0,1158.7,164.1,-1,-0.96,0,0.67,30,1.0,1,-1
2026-08-29 18:58:00+00:00,40m,7.040073,DL6NL,JO50,50.5,11.0,1093.8,115.4,-23,0.41,0,0.28,27,0.5012,1,-20
2026-08-29 19:00:00+00:00,160m,1.838074,G4HSB,IO94,54.5,-1.0,178.8,132.5,-1,0.32,0,0.44,23,0.1995,1,6
2026-08-29 19:02:00+00:00,80m,3.5701431,SR8RJS,KN09,49.5,21.0,1750.2,102.7,-22,0.02,0,0.17,23,0.1995,1,-15
2026-08-29 19:02:00+00:00,80m,3.5701826,2E0FDM,IO81,51.5,-3.0,456.4,179.6,-15,0.37,0,0.32,23,0.1995,1,-8
2026-08-29 19:02:00+00:00,80m,3.5701995,GM3RQQ,IO75,55.5,-5.0,123.7,265.4,4,0.19,0,0.23,37,5.0119,1,-3
2026-08-29 19:02:00+00:00,80m,3.5701592,G3JKF,JO00,50.5,1.0,628.3,152.9,-2,0.32,0,0.34,33,1.9953,1,-5
2026-08-29 19:02:00+00:00,80m,3.5701559,PI4CC,JO21,51.5,5.0,699.6,127.4,-2,0.15,0,0.31,17,0.0501,1,11
2026-08-29 19:02:00+00:00,80m,3.5701296,PA5CA,JO32,52.5,7.0,739.9,113.6,-21,-0.32,0,0.25,10,0.01,1,-1
2026-08-29 19:02:00+00:00,80m,3.5700271,OE6LHG,JN77,47.5,15.0,1531.4,118.5,-28,0.28,0,0.25,23,0.1995,1,-21
2026-08-29 19:02:00+00:00,80m,3.5700987,G6UZT,IO82,52.5,-3.0,345.2,179.5,-9,0.66,0,0.37,37,5.0119,1,-16
2026-08-29 19:02:00+00:00,80m,3.5701082,<CT1ETL/1>,IM58OB,38.0625,-8.791667,1997.3,194.8,-18,0.58,0,0.22,33,1.9953,3,-21
2026-08-29 19:02:00+00:00,80m,3.5700393,PE1AHJ,JO32,52.5,7.0,739.9,113.6,-26,-0.4,0,0.21,10,0.01,1,-6
2026-08-29 19:02:00+00:00,80m,3.5700005,<F4EKH>,JN05LU,45.854167,0.958333,1119.6,163.9,-7,-0.96,0,0.53,30,1.0,3,-7
2026-08-29 19:02:00+00:00,80m,3.5700551,PC2A,JO21,51.5,5.0,699.6,127.4,-5,0.11,0,0.31,17,0.0501,1,8
2026-08-29 19:02:00+00:00,80m,3.5700535,M0JGH,IO91,51.5,-1.0,475.8,162.7,-11,1.39,0,0.22,23,0.1995,1,-4
2026-08-29 19:04:00+00:00,20m,14.0970264,EA6ANX,JM19,39.5,3.0,1845.5,163.5,-27,0.15,0,0.2,23,0.1995,1,-20
2026-08-29 19:04:00+00:00,20m,14.0970638,YU1DGH,KN03,43.5,21.0,2176.3,118.1,-25,0.19,0,0.27,23,0.1995,1,-18
2026-08-29 19:06:00+00:00,40m,7.0401966,PA4JAM,JO21,51.5,5.0,699.6,127.4,-28,0.37,0,0.17,23,0.1995,1,-21
2026-08-29 19:06:00+00:00,40m,7.040182,F4HHR,JN07,47.5,1.0,943.1,161.2,-23,-0.83,0,0.39,10,0.01,1,-3
2026-08-29 19:06:00+00:00,40m,7.0401487,OE7XZB,JN57,47.5,11.0,1320.1,127.2,-15,-0.06,-1,0.24,23,0.1995,1,-8
2026-08-29 19:06:00+00:00,40m,7.0401218,PA2PGU,JO32,52.5,7.0,739.9,113.6,-10,-0.19,0,0.17,23,0.1995,1,-3
2026-08-29 19:06:00+00:00,40m,7.0401218,PA2W,JO22,52.5,5.0,627.7,120.0,-5,0.54,0,0.17,37,5.0119,1,-12
2026-08-29 19:06:00+00:00,40m,7.0400963,<IU0JJD>,JN61TP,41.645833,13.625,1966.6,135.1,-15,-0.15,0,0.19,23,0.1995,3,-8
2026-08-29 19:06:00+00:00,40m,7.0400789,PA3CWQ,JO21,51.5,5.0,699.6,127.4,-11,0.19,0,0.13,23,0.1995,1,-4
2026-08-29 19:06:00+00:00,40m,7.0400435,PA3EDR/G,,,,,,-21,-0.32,0,0.18,10,0.01,2,-1
2026-08-29 19:06:00+00:00,40m,7.0400373,PE1AHJ,JO32,52.5,7.0,739.9,113.6,-21,-0.15,0,0.15,10,0.01,1,-1
2026-08-29 19:06:00+00:00,40m,7.0400223,CS5WB,IM68,38.5,-7.0,1924.6,190.5,-25,-0.06,0,0.19,23,0.1995,1,-18
2026-08-29 19:06:00+00:00,40m,7.0400136,SM3HZA,JP80,60.5,17.0,1292.0,56.9,-14,4.72,0,0.35,23,0.1995,1,-7
2026-08-29 19:06:00+00:00,40m,7.0400072,SH6OMP,JO66,56.5,13.0,998.8,77.7,-14,-0.02,1,0.21,23,0.1995,1,-7
2026-08-29 19:06:00+00:00,40m,7.0400035,SA7CND,JO76,56.5,15.0,1121.5,77.5,-11,-0.02,0,0.29,20,0.1,1,-1
2026-08-29 19:06:00+00:00,40m,7.0400007,F4EKH,JN05,45.5,1.0,1158.7,164.1,-2,-1.0,0,0.45,30,1.0,1,-2
2026-08-29 19:06:00+00:00,40m,7.0400742,PE1KWH,JO22,52.5,5.0,627.7,120.0,-11,-0.23,0,0.11,20,0.1,1,-1
2026-08-29 19:08:00+00:00,30m,10.1401839,HB9T,JN36,46.5,7.0,1229.2,141.2,-23,0.62,0,0.13,23,0.1995,1,-16
2026-08-29 19:08:00+00:00,30m,10.1402537,F1JSC,JN03,43.5,1.0,1376.5,166.2,-8,0.19,0,0.6,33,1.9953,1,-11
2026-08-29 19:08:00+00:00,30m,10.1402297,F6CBA,IN93,43.5,-1.0,1353.8,173.0,-10,0.15,0,0.63,0,0.001,1,20
2026-08-29 19:08:00+00:00,30m,10.1401803,DG6RCH,JN68,48.5,13.0,1346.6,119.2,-21,0.19,0,0.22,23,0.1995,1,-14
2026-08-29 19:08:00+00:00,30m,10.1401347,DP0GVN,IB59,-70.5,-9.0,14030.2,182.5,-23,-0.74,0,0.15,37,5.0119,1,-30
2026-08-29 19:08:00+00:00,30m,10.1401226,HB9AR,JN36,46.5,7.0,1229.2,141.2,-23,-0.02,0,0.39,23,0.1995,1,-16
2026-08-29 19:08:00+00:00,30m,10.140177,OE7XZB,JN57,47.5,11.0,1320.1,127.2,-22,-0.06,0,0.17,23,0.1995,1,-15
2026-08-29 19:10:00+00:00,20m,14.0970546,<IU0JJD>,JN61TP,41.645833,13.625,1966.6,135.1,-6,-0.06,0,0.63,23,0.1995,3,1
2026-08-29 19:10:00+00:00,20m,14.0971011,EA6ALL,JM19,39.5,3.0,1845.5,163.5,-16,0.15,-1,0.41,23,0.1995,1,-9
2026-08-29 19:12:00+00:00,20m,14.0970203,CT1BAT,IN50,40.5,-9.0,1735.3,197.1,-29,0.28,0,0.14,0,0.001,1,1
2026-08-29 19:12:00+00:00,20m,14.0970636,YU1DGH,KN03,43.5,21.0,2176.3,118.1,-26,0.28,0,0.2,23,0.1995,1,-19
2026-08-29 19:14:00+00:00,160m,1.8381584,GM4DTH,IO85,55.5,-3.0,11.9,167.2,-18,-0.02,0,0.39,23,0.1995,1,-11
2026-08-29 19:16:00+00:00,80m,3.5701673,HG7RED,JN97,47.5,19.0,1759.2,111.6,-17,0.37,0,0.15,23,0.1995,1,-10
2026-08-29 19:16:00+00:00,80m,3.5701081,M8HYX,IO84,54.5,-3.0,122.8,178.7,-13,0.02,0,0.17,23,0.1995,1,-6
2026-08-29 19:16:00+00:00,80m,3.570127,G4HSB,IO94,54.5,-1.0,178.8,132.5,18,-0.06,0,0.17,23,0.1995,1,25
2026-08-29 19:16:00+00:00,80m,3.5700235,DK3SS,JN49,49.5,9.0,1057.4,124.9,2,3.99,0,0.45,33,1.9953,1,-1
2026-08-29 19:16:00+00:00,80m,3.5700072,VK7DIK,QE38,-41.5,147.0,17343.0,66.7,-29,0.32,0,0.13,37,5.0119,1,-36
2026-08-29 19:16:00+00:00,80m,3.5700372,<...>,IO82WL,52.479167,-2.125,352.6,169.9,-9,0.96,0,0.22,37,5.0119,3,-16
2026-08-29 19:18:00+00:00,30m,10.1400915,F4GMT,IN93,43.5,-1.0,1353.8,173.0,-17,-0.19,0,0.38,23,0.1995,1,-10
2026-08-29 19:18:00+00:00,30m,10.1401245,GX2PLX,JO02,52.5,1.0,434.3,141.0,-25,-0.7,0,0.17,43,19.9526,1,-38
2026-08-29 19:18:00+00:00,30m,10.1401998,HA6QL,JN97,47.5,19.0,1759.2,111.6,-8,0.15,0,0.61,33,1.9953,1,-11
2026-08-29 19:20:00+00:00,160m,1.8380504,G4GCI,IO90,50.5,-1.0,583.7,165.7,-16,0.83,0,0.47,40,10.0,1,-26
2026-08-29 19:20:00+00:00,160m,1.8380727,OZ9ACF,JO65,55.5,13.0,1006.8,84.0,-23,0.02,0,0.17,37,5.0119,1,-30
2026-08-29 19:20:00+00:00,160m,1.8381307,G4HSB,IO94,54.5,-1.0,178.8,132.5,1,0.28,0,0.5,23,0.1995,1,8
2026-08-29 19:22:00+00:00,80m,3.5701956,SA7CND,JO76,56.5,15.0,1121.5,77.5,-7,0.02,0,0.51,20,0.1,1,3
2026-08-29 19:22:00+00:00,80m,3.5701864,G7WCI,IO91,51.5,-1.0,475.8,162.7,-30,0.41,0,0.12,23,0.1995,1,-23
2026-08-29 19:22:00+00:00,80m,3.5701685,OE7XZB,JN57,47.5,11.0,1320.1,127.2,-22,-0.02,0,0.18,23,0.1995,1,-15
2026-08-29 19:22:00+00:00,80m,3.5701589,G3JKF,JO00,50.5,1.0,628.3,152.9,-1,0.37,0,0.41,33,1.9953,1,-4
2026-08-29 19:22:00+00:00,80m,3.5701329,CS5WB,IM68,38.5,-7.0,1924.6,190.5,-25,0.11,0,0.21,23,0.1995,1,-18
2026-08-29 19:22:00+00:00,80m,3.5701187,PE1ANW,JO31,51.5,7.0,804.0,120.4,-22,-0.36,0,0.21,23,0.1995,1,-15
2026-08-29 19:22:00+00:00,80m,3.5701082,<CT1ETL/1>,IM58OB,38.0625,-8.791667,1997.3,194.8,-15,0.66,0,0.42,33,1.9953,3,-18
2026-08-29 19:22:00+00:00,80m,3.5700862,G7WCI,IO91,51.5,-1.0,475.8,162.7,-16,0.45,0,0.35,23,0.1995,1,-9
2026-08-29 19:22:00+00:00,80m,3.5700744,SR8RJS,KN09,49.5,21.0,1750.2,102.7,-18,-0.06,0,0.23,23,0.1995,1,-11
2026-08-29 19:22:00+00:00,80m,3.5700555,2E0FDM,IO81,51.5,-3.0,456.4,179.6,-10,0.32,0,0.2,23,0.1995,1,-3
2026-08-29 19:22:00+00:00,80m,3.5700522,G4BOO,IO91,51.5,-1.0,475.8,162.7,5,0.79,0,0.48,37,5.0119,1,-2
2026-08-29 19:22:00+00:00,80m,3.5700116,DD3MS,JN59,49.5,11.0,1163.6,119.8,-14,-0.06,0,0.39,20,0.1,1,-4
2026-08-29 19:22:00+00:00,80m,3.5700981,<SA5JBN>,JO89LW,59.9375,16.958333,1273.9,59.6,-19,0.28,-1,0.19,20,0.1,3,-9
2026-08-29 19:24:00+00:00,40m,7.0401818,F4HHR,JN07,47.5,1.0,943.1,161.2,-14,-0.83,0,0.36,10,0.01,1,6
2026-08-29 19:24:00+00:00,40m,7.0401814,SA0YRL,JO89,59.5,17.0,1265.8,61.8,-21,3.69,0,0.19,23,0.1995,1,-14
2026-08-29 19:24:00+00:00,40m,7.0401662,<PA7D>,JO23VF,53.229167,5.791667,629.0,111.2,1,0.07,0,0.41,23,0.1995,3,8
2026-08-29 19:24:00+00:00,40m,7.0401634,ON7AN,JO20,50.5,5.0,780.7,133.3,-9,0.75,0,0.32,27,0.5012,1,-6
2026-08-29 19:24:00+00:00,40m,7.040159,EA5UV,IM99,39.5,-1.0,1797.0,174.3,-9,0.02,0,0.23,23,0.1995,1,-2
2026-08-29 19:24:00+00:00,40m,7.0401511,HB9YC,JN46,46.5,9.0,1312.8,135.4,-7,0.15,0,0.36,30,1.0,1,-7
2026-08-29 19:24:00+00:00,40m,7.040144,PA1JCK,JO21,51.5,5.0,699.6,127.4,-15,0.49,0,0.2,23,0.1995,1,-8
2026-08-29 19:24:00+00:00,40m,7.0401433,PA3EDR/G,,,,,,-19,-0.45,0,0.18,10,0.01,2,1
2026-08-29 19:24:00+00:00,40m,7.0401367,F6EGX,JN35,45.5,7.0,1325.8,143.7,-8,0.19,0,0.22,37,5.0119,1,-15
2026-08-29 19:24:00+00:00,40m,7.0401334,OE7XZB,JN57,47.5,11.0,1320.1,127.2,-9,0.07,0,0.17,23,0.1995,1,-2
2026-08-29 19:24:00+00:00,40m,7.0401162,IU0JJD,JN61,41.5,13.0,1953.0,136.7,-12,-0.02,0,0.31,23,0.1995,1,-5
2026-08-29 19:24:00+00:00,40m,7.0400194,SM3HZA,JP80,60.5,17.0,1292.0,56.9,-13,5.95,0,0.39,23,0.1995,1,-6
2026-08-29 19:24:00+00:00,40m,7.0400851,YO6FNF,KN25,45.5,25.0,2255.1,108.1,-15,0.15,0,0.21,20,0.1,1,-5
2026-08-29 19:24:00+00:00,40m,7.0400835,PE1ANW,JO31,51.5,7.0,804.0,120.4,-20,-0.1,0,0.14,23,0.1995,1,-13
2026-08-29 19:24:00+00:00,40m,7.0400773,SA7CND,JO76,56.5,15.0,1121.5,77.5,-10,0.02,0,0.63,20,0.1,1,0
2026-08-29 19:24:00+00:00,40m,7.0400497,<EA6URP>,JM19IN,39.5625,2.708333,1833.6,164.2,-14,0.37,0,0.41,23,0.1995,3,-7
2026-08-29 19:24:00+00:00,40m,7.040047,PE1AHJ,JO32,52.5,7.0,739.9,113.6,-22,-0.32,0,0.32,10,0.01,1,-2
2026-08-29 19:24:00+00:00,40m,7.0400375,PA5CA,JO32,52.5,7.0,739.9,113.6,-21,-0.15,0,0.33,10,0.01,1,-1
2026-08-29 19:24:00+00:00,40m,7.0400347,DP0GVN,IB59,-70.5,-9.0,14030.2,182.5,-32,-0.87,0,0.11,37,5.0119,1,-39
2026-08-29 19:24:00+00:00,40m,7.0401107,PA2PGU,JO32,52.5,7.0,739.9,113.6,-9,-0.1,0,0.49,23,0.1995,1,-2
2026-08-29 19:24:00+00:00,40m,7.0400147,PA3CWQ,JO21,51.5,5.0,699.6,127.4,-13,0.02,0,0.18,23,0.1995,1,-6
2026-08-29 19:24:00+00:00,40m,7.0400008,F4EKH,JN05,45.5,1.0,1158.7,164.1,-14,-1.04,0,0.31,30,1.0,1,-14
2026-08-29 19:26:00+00:00,40m,7.0401254,PA2W,JO22,52.5,5.0,627.7,120.0,-3,0.58,0,0.39,37,5.0119,1,-10
2026-08-29 19:26:00+00:00,40m,7.0401483,CT1BAT,IN50,40.5,-9.0,1735.3,197.1,-14,0.19,0,0.21,0,0.001,1,16
2026-08-29 19:26:00+00:00,40m,7.0401159,PA3CWQ,JO21,51.5,5.0,699.6,127.4,-9,0.02,0,0.27,23,0.1995,1,-2
2026-08-29 19:26:00+00:00,40m,7.0401605,G3JKF,JO00,50.5,1.0,628.3,152.9,-16,0.37,0,0.2,33,1.9953,1,-19
2026-08-29 19:26:00+00:00,40m,7.0401818,F4HHR,JN07,47.5,1.0,943.1,161.2,-18,-0.79,0,0.5,10,0.01,1,2
2026-08-29 19:26:00+00:00,40m,7.0401553,G4HSB,IO94,54.5,-1.0,178.8,132.5,-11,0.07,0,0.26,23,0.1995,1,-4
2026-08-29 19:26:00+00:00,40m,7.0400995,SM3HZA,JP80,60.5,17.0,1292.0,56.9,-7,4.8,0,0.25,23,0.1995,1,0
2026-08-29 19:26:00+00:00,40m,7.0400737,PE1KWH,JO22,52.5,5.0,627.7,120.0,-9,-0.19,0,0.28,20,0.1,1,1
2026-08-29 19:26:00+00:00,40m,7.0400857,LA1ITS,JO59,59.5,11.0,940.6,56.8,3,0.75,0,0.44,37,5.0119,1,-4
2026-08-29 19:26:00+00:00,40m,7.0400818,F6KPL,IN99,49.5,-1.0,692.6,167.7,2,4.12,0,0.43,30,1.0,1,2
2026-08-29 19:26:00+00:00,40m,7.0400723,DL6NL,JO50,50.5,11.0,1093.8,115.4,-18,0.45,0,0.23,27,0.5012,1,-15
2026-08-29 19:26:00+00:00,40m,7.0400565,I0LYO,JN52,42.5,11.0,1773.3,139.4,-22,4.97,0,0.14,23,0.1995,1,-15
2026-08-29 19:26:00+00:00,40m,7.0400174,DD3MS,JN59,49.5,11.0,1163.6,119.8,-19,0.02,0,0.3,20,0.1,1,-9
2026-08-29 19:26:00+00:00,40m,7.0400021,DB1IAT,JN48,48.5,9.0,1138.1,128.9,-21,0.83,0,0.21,30,1.0,1,-21
2026-08-29 19:26:00+00:00,40m,7.0400993,DK9ES,JO31,51.5,7.0,804.0,120.4,-11,0.19,0,0.23,23,0.1995,1,-4
2026-08-29 19:28:00+00:00,30m,10.1401128,DG0JAJ,JN57,47.5,11.0,1320.1,127.2,-20,0.24,0,0.25,23,0.1995,1,-13
2026-08-29 19:28:00+00:00,30m,10.1401525,EA5RKP,IM99,39.5,-1.0,1797.0,174.3,-17,0.07,0,0.43,23,0.1995,1,-10
2026-08-29 19:28:00+00:00,30m,10.1402319,G4LEN,IO81,51.5,-3.0,456.4,179.6,-28,0.24,0,0.18,37,5.0119,1,-35
2026-08-29 19:30:00+00:00,20m,14.0970611,<IU0JJD>,JN61TP,41.645833,13.625,1966.6,135.1,-6,-0.06,0,0.71,23,0.1995,3,1
2026-08-29 19:30:00+00:00,20m,14.0971009,EA6ALL,JM19,39.5,3.0,1845.5,163.5,-16,0.11,-1,0.48,23,0.1995,1,-9
2026-08-29 19:30:00+00:00,20m,14.0971468,CT1ETL/1,,,,,,-20,0.24,0,0.34,37,5.0119,2,-27
2026-08-29 19:32:00+00:00,20m,14.0970629,YU1DGH,KN03,43.5,21.0,2176.3,118.1,-18,0.24,0,0.45,23,0.1995,1,-11
2026-08-29 19:34:00+00:00,30m,10.1401549,GX2PLX,JO02,52.5,1.0,434.3,141.0,-19,-0.74,0,0.16,43,19.9526,1,-32
2026-08-29 19:34:00+00:00,30m,10.1401253,F4GMT,IN93,43.5,-1.0,1353.8,173.0,-2,-0.02,0,0.56,23,0.1995,1,5
2026-08-29 19:36:00+00:00,80m,3.5700532,M0JGH,IO91,51.5,-1.0,475.8,162.7,-2,1.39,0,0.51,23,0.1995,1,5
2026-08-29 19:36:00+00:00,80m,3.5700812,EI0CF,IO65,55.5,-7.0,249.2,269.0,-6,0.37,1,0.38,23,0.1995,1,1
2026-08-29 19:36:00+00:00,80m,3.5701008,HA7AA,JN97,47.5,19.0,1759.2,111.6,-21,0.19,0,0.18,23,0.1995,1,-14
2026-08-29 19:36:00+00:00,80m,3.5701242,DL1FX,JN49,49.5,9.0,1057.4,124.9,-6,0.11,0,0.17,23,0.1995,1,1
2026-08-29 19:36:00+00:00,80m,3.5701375,G4UJS,IO82,52.5,-3.0,345.2,179.5,-1,0.41,0,0.25,23,0.1995,1,6
2026-08-29 19:36:00+00:00,80m,3.5701496,HB9AK,JN36,46.5,7.0,1229.2,141.2,-5,0.15,1,0.31,23,0.1995,1,2
2026-08-29 19:38:00+00:00,160m,1.8381073,GM4DTH,IO85,55.5,-3.0,11.9,167.2,-15,0.07,0,0.35,23,0.1995,1,-8
2026-08-29 19:42:00+00:00,80m,3.570159,G3JKF,JO00,50.5,1.0,628.3,152.9,1,0.19,0,0.28,33,1.9953,1,-2
2026-08-29 19:42:00+00:00,80m,3.5701524,F4WFT,IN98,48.5,-1.0,802.1,169.2,-3,0.15,0,0.17,23,0.1995,1,4
2026-08-29 19:42:00+00:00,80m,3.5701483,2E0FDM,IO81,51.5,-3.0,456.4,179.6,-10,0.37,0,0.19,23,0.1995,1,-3
2026-08-29 19:42:00+00:00,80m,3.5701003,OZ2JBR,JO65,55.5,13.0,1006.8,84.0,-4,0.28,0,0.2,37,5.0119,1,-11
2026-08-29 19:42:00+00:00,80m,3.5700924,DL4XJ,JO42,52.5,9.0,857.0,108.7,4,0.15,0,0.27,30,1.0,1,4
2026-08-29 19:42:00+00:00,80m,3.5700777,LA4PGA,JP50,60.5,11.0,986.3,50.8,-12,-0.02,0,0.26,23,0.1995,1,-5
2026-08-29 19:42:00+00:00,80m,3.5699905,LX1MGG,JN39,49.5,7.0,958.2,130.9,-32,2.07,0,0.11,23,0.1995,1,-25
2026-08-29 19:42:00+00:00,80m,3.570053,GM7FIE,IO85,55.5,-3.0,11.9,167.2,2,0.11,0,0.19,23,0.1995,1,9
2026-08-29 19:42:00+00:00,80m,3.5700023,G7WCI,IO91,51.5,-1.0,475.8,162.7,-15,0.41,0,0.36,23,0.1995,1,-8
2026-08-29 19:42:00+00:00,80m,3.5700299,CS5WB,IM68,38.5,-7.0,1924.6,190.5,-27,0.19,0,0.13,23,0.1995,1,-20
2026-08-29 19:42:00+00:00,80m,3.5700609,G7UJY,IO93,53.5,-1.0,268.4,149.8,-2,1.18,0,0.17,23,0.1995,1,5
2026-08-29 19:42:00+00:00,80m,3.5700501,DL3YAV,JO42,52.5,9.0,857.0,108.7,4,0.19,0,0.21,37,5.0119,1,-3
2026-08-29 19:42:00+00:00,80m,3.5700393,EA6URP,JM19,39.5,3.0,1845.5,163.5,-14,0.37,0,0.24,23,0.1995,1,-7
2026-08-29 19:44:00+00:00,40m,7.0401849,SM3HZA,JP80,60.5,17.0,1292.0,56.9,-14,5.66,0,0.32,23,0.1995,1,-7
2026-08-29 19:44:00+00:00,40m,7.0401823,F4HHR,JN07,47.5,1.0,943.1,161.2,-22,-0.74,0,0.22,10,0.01,1,-2
2026-08-29 19:44:00+00:00,40m,7.0401316,PA1JCK,JO21,51.5,5.0,699.6,127.4,-18,0.41,0,0.17,23,0.1995,1,-11
2026-08-29 19:44:00+00:00,40m,7.0401046,LA4PGA,JP50,60.5,11.0,986.3,50.8,-10,-0.02,0,0.38,23,0.1995,1,-3
2026-08-29 19:44:00+00:00,40m,7.0401577,EA5XQ,IM99,39.5,-1.0,1797.0,174.3,-24,3.78,0,0.27,23,0.1995,1,-17
2026-08-29 19:44:00+00:00,40m,7.0400795,SA7AHC,JO76,56.5,15.0,1121.5,77.5,-20,0.19,0,0.11,17,0.0501,1,-7
2026-08-29 19:44:00+00:00,40m,7.0400358,IU0JJD,JN61,41.5,13.0,1953.0,136.7,-18,-0.06,1,0.12,23,0.1995,1,-11
2026-08-29 19:44:00+00:00,40m,7.040031,DL8FBN,JO51,51.5,11.0,1031.3,110.4,-19,0.02,0,0.23,23,0.1995,1,-12
2026-08-29 19:44:00+00:00,40m,7.0400004,<F4EKH>,JN05LU,45.854167,0.958333,1119.6,163.9,-1,-1.09,0,0.65,30,1.0,3,-1
2026-08-29 19:44:00+00:00,40m,7.0400954,PA3CWQ,JO21,51.5,5.0,699.6,127.4,-13,-0.15,0,0.16,23,0.1995,1,-6
2026-08-29 19:44:00+00:00,40m,7.0401155,<G7SYO>,IO90DR,50.729167,-1.708333,549.3,170.2,-21,0.11,0,0.15,27,0.5012,3,-18
2026-08-29 19:46:00+00:00,40m,7.0401356,F6EGX,JN35,45.5,7.0,1325.8,143.7,-9,0.19,0,0.17,37,5.0119,1,-16
2026-08-29 19:46:00+00:00,40m,7.0402055,GM3RQQ,IO75,55.5,-5.0,123.7,265.4,-24,0.28,0,0.16,37,5.0119,1,-31
2026-08-29 19:46:00+00:00,40m,7.0401955,M0XDC,JO01,51.5,1.0,528.5,148.0,-16,0.19,-1,0.16,37,5.0119,1,-23
2026-08-29 19:46:00+00:00,40m,7.0401919,CT1BAT,IN50,40.5,-9.0,1735.3,197.1,-19,0.11,0,0.12,0,0.001,1,11
2026-08-29 19:46:00+00:00,40m,7.0401824,F4HHR,JN07,47.5,1.0,943.1,161.2,-21,-0.83,0,0.36,10,0.01,1,-1
2026-08-29 19:46:00+00:00,40m,7.0401789,EA5RKP,IM99,39.5,-1.0,1797.0,174.3,-27,0.02,0,0.27,23,0.1995,1,-20
2026-08-29 19:46:00+00:00,40m,7.0401614,G3JKF,JO00,50.5,1.0,628.3,152.9,-19,0.28,0,0.16,33,1.9953,1,-22
2026-08-29 19:46:00+00:00,40m,7.0401529,F4WFT,IN98,48.5,-1.0,802.1,169.2,-18,0.15,0,0.21,23,0.1995,1,-11
2026-08-29 19:46:00+00:00,40m,7.0401516,EI7II,IO51,51.5,-9.0,602.2,223.2,-21,0.66,0,0.16,23,0.1995,1,-14
2026-08-29 19:46:00+00:00,40m,7.0401191,OZ8PZ,JO47,57.5,9.0,766.4,69.1,-12,0.19,0,0.48,23,0.1995,1,-5
2026-08-29 19:46:00+00:00,40m,7.0400817,DL7AG,JO62,52.5,13.0,1099.6,101.6,-16,0.32,0,0.42,23,0.1995,1,-9
2026-08-29 19:46:00+00:00,40m,7.0400726,DL6NL,JO50,50.5,11.0,1093.8,115.4,-19,0.45,0,0.18,27,0.5012,1,-16
2026-08-29 19:46:00+00:00,40m,7.0400628,SM3HZA,JP80,60.5,17.0,1292.0,56.9,-17,4.55,0,0.23,23,0.1995,1,-10
2026-08-29 19:46:00+00:00,40m,7.0400533,SG7SUN/B,,,,,,-22,0.54,0,0.15,27,0.5012,2,-19
2026-08-29 19:46:00+00:00,40m,7.0400402,PA7D,JO23,53.5,5.0,568.5,111.0,2,0.19,0,0.23,23,0.1995,1,9
2026-08-29 19:46:00+00:00,40m,7.0400168,G4GCI,IO90,50.5,-1.0,583.7,165.7,-18,0.96,0,0.2,37,5.0119,1,-25
2026-08-29 19:46:00+00:00,40m,7.0400086,EA6URP,JM19,39.5,3.0,1845.5,163.5,-13,0.41,0,0.41,23,0.1995,1,-6
2026-08-29 19:46:00+00:00,40m,7.0399975,PA3CWQ,JO21,51.5,5.0,699.6,127.4,-15,0.02,1,0.13,23,0.1995,1,-8
2026-08-29 19:46:00+00:00,40m,7.0400986,PA4JAM,JO21,51.5,5.0,699.6,127.4,-26,0.41,0,0.17,23,0.1995,1,-19
2026-08-29 19:48:00+00:00,30m,10.1402412,IW2DWN,JN46,46.5,9.0,1312.8,135.4,-20,0.19,0,0.38,17,0.0501,1,-7
2026-08-29 19:48:00+00:00,30m,10.1402037,EA5RKP,IM99,39.5,-1.0,1797.0,174.3,-16,-0.06,0,0.33,23,0.1995,1,-9
2026-08-29 19:48:00+00:00,30m,10.1402293,F6CBA,IN93,43.5,-1.0,1353.8,173.0,-7,0.19,0,0.66,0,0.001,1,23
2026-08-29 19:48:00+00:00,30m,10.1401861,IZ2FER,JN45,45.5,9.0,1405.1,138.1,-18,0.24,0,0.4,20,0.1,1,-8
2026-08-29 19:48:00+00:00,30m,10.1401505,HB9YC,JN46,46.5,9.0,1312.8,135.4,-2,0.15,1,0.68,30,1.0,1,-2
2026-08-29 19:48:00+00:00,30m,10.1401998,HA6QL,JN97,47.5,19.0,1759.2,111.6,-13,0.19,0,0.32,33,1.9953,1,-16
2026-08-29 19:56:00+00:00,40m,7.0400023,DB1IAT,JN48,48.5,9.0,1138.1,128.9,-23,0.79,0,0.17,30,1.0,1,-23
2026-08-29 19:56:00+00:00,40m,7.0400212,EA5UV,IM99,39.5,-1.0,1797.0,174.3,-14,0.02,0,0.43,23,0.1995,1,-7
2026-08-29 19:56:00+00:00,40m,7.0400562,OE9PTI,JN47,47.5,9.0,1223.5,132.4,-13,-0.02,0,0.39,23,0.1995,1,-6
2026-08-29 19:56:00+00:00,40m,7.0400856,YO6FNF,KN25,45.5,25.0,2255.1,108.1,-10,-0.32,0,0.24,20,0.1,1,0
2026-08-29 19:56:00+00:00,40m,7.0400901,SM3HZA,JP80,60.5,17.0,1292.0,56.9,-10,5.27,0,0.24,23,0.1995,1,-3
2026-08-29 19:56:00+00:00,40m,7.0401023,SP8KM,KO00,50.5,21.0,1693.9,99.5,-23,6.08,0,0.17,30,1.0,1,-23
2026-08-29 19:56:00+00:00,40m,7.0401594,SA7AHC,JO76,56.5,15.0,1121.5,77.5,-16,0.28,0,0.14,17,0.0501,1,-3
2026-08-29 19:56:00+00:00,40m,7.0401933,G6CKK,JO01,51.5,1.0,528.5,148.0,-17,-0.02,0,0.42,23,0.1995,1,-10
2026-08-29 19:58:00+00:00,30m,10.1402749,OE3WFA,JN78,48.5,15.0,1458.3,115.3,-8,0.24,0,0.65,30,1.0,1,-8
2026-08-29 20:00:00+00:00,160m,1.838176,G4HSB,IO94,54.5,-1.0,178.8,132.5,8,0.41,0,0.55,23,0.1995,1,15
2026-08-29 20:02:00+00:00,80m,3.5701457,2E0FDM,IO81,51.5,-3.0,456.4,179.6,-14,0.49,0,0.28,23,0.1995,1,-7
2026-08-29 20:02:00+00:00,80m,3.5701559,PI4CC,JO21,51.5,5.0,699.6,127.4,0,0.11,0,0.43,17,0.0501,1,13
2026-08-29 20:02:00+00:00,80m,3.5701095,PE1AHJ,JO32,52.5,7.0,739.9,113.6,-26,-0.32,0,0.17,10,0.01,1,-6
2026-08-29 20:02:00+00:00,80m,3.5701774,G7WCI,IO91,51.5,-1.0,475.8,162.7,-17,0.37,0,0.32,23,0.1995,1,-10
2026-08-29 20:02:00+00:00,80m,3.570159,G3JKF,JO00,50.5,1.0,628.3,152.9,1,0.11,0,0.41,33,1.9953,1,-2
2026-08-29 20:02:00+00:00,80m,3.5700996,OZ4JJ,JO56,56.5,11.0,876.0,77.7,-17,0.11,0,0.14,13,0.02,1,0
2026-08-29 20:02:00+00:00,80m,3.5700348,GX2PLX,JO02,52.5,1.0,434.3,141.0,15,-0.7,0,0.55,43,19.9526,1,2
2026-08-29 20:02:00+00:00,80m,3.5700868,DL4XJ,JO42,52.5,9.0,857.0,108.7,-15,0.02,0,0.12,30,1.0,1,-15
2026-08-29 20:02:00+00:00,80m,3.5700626,<OK1BF>,JO70UB,50.0625,15.708333,1396.3,108.4,-7,0.02,0,0.33,23,0.1995,3,0
2026-08-29 20:02:00+00:00,80m,3.5700552,PC2A,JO21,51.5,5.0,699.6,127.4,0,0.19,0,0.44,17,0.0501,1,13
2026-08-29 20:02:00+00:00,80m,3.5700925,DL4XJ,JO42,52.5,9.0,857.0,108.7,3,0.19,0,0.46,30,1.0,1,3
2026-08-29 20:02:00+00:00,80m,3.5700092,SR8RJS,KN09,49.5,21.0,1750.2,102.7,-21,0.02,0,0.19,23,0.1995,1,-14
2026-08-29 20:02:00+00:00,80m,3.5700006,<F4EKH>,JN05LU,45.854167,0.958333,1119.6,163.9,-5,0.15,0,0.36,30,1.0,3,-5
2026-08-29 20:04:00+00:00,40m,7.0401766,DB0SFA,JO42,52.5,9.0,857.0,108.7,-11,0.02,0,0.41,23,0.1995,1,-4
2026-08-29 20:04:00+00:00,40m,7.04016,SM3HZA,JP80,60.5,17.0,1292.0,56.9,-5,5.78,0,0.37,23,0.1995,1,2
2026-08-29 20:04:00+00:00,40m,7.0401357,G4VNM,IO90,50.5,-1.0,583.7,165.7,-19,-0.66,0,0.28,23,0.1995,1,-12
2026-08-29 20:04:00+00:00,40m,7.040127,IU0JJD,JN61,41.5,13.0,1953.0,136.7,-18,-0.02,0,0.24,23,0.1995,1,-11
2026-08-29 20:04:00+00:00,40m,7.0401161,OK1BF,JO70,50.5,15.0,1327.6,107.8,-13,0.07,0,0.29,23,0.1995,1,-6
2026-08-29 20:04:00+00:00,40m,7.0401085,GX2PLX,JO02,52.5,1.0,434.3,141.0,-3,-0.66,0,0.2,43,19.9526,1,-16
2026-08-29 20:04:00+00:00,40m,7.0400926,SA7AHC,JO76,56.5,15.0,1121.5,77.5,-12,0.11,0,0.16,17,0.0501,1,1
2026-08-29 20:04:00+00:00,40m,7.0400607,PA1JCK,JO21,51.5,5.0,699.6,127.4,-18,0.41,0,0.29,23,0.1995,1,-11
2026-08-29 20:04:00+00:00,40m,7.0400363,SR8RJS,KN09,49.5,21.0,1750.2,102.7,-25,0.02,0,0.13,23,0.1995,1,-18
2026-08-29 20:04:00+00:00,40m,7.0400212,DL7AG,JO62,52.5,13.0,1099.6,101.6,-12,0.45,0,0.59,23,0.1995,1,-5
2026-08-29 20:04:00+00:00,40m,7.0400009,DL0PBS,JO33,53.5,7.0,687.8,105.7,-17,0.24,0,0.35,23,0.1995,1,-10
2026-08-29 20:06:00+00:00,40m,7.0401828,F4HHR,JN07,47.5,1.0,943.1,161.2,-22,-0.79,0,0.29,10,0.01,1,-2
2026-08-29 20:06:00+00:00,40m,7.04016,G3JKF,JO00,50.5,1.0,628.3,152.9,-16,-0.02,0,0.25,33,1.9953,1,-19
2026-08-29 20:06:00+00:00,40m,7.0401536,G3LRS,IO92,52.5,-1.0,370.0,158.1,-20,0.19,0,0.13,27,0.5012,1,-17
2026-08-29 20:06:00+00:00,40m,7.0401353,SM3HZA,JP80,60.5,17.0,1292.0,56.9,-5,5.57,1,0.42,23,0.1995,1,2
2026-08-29 20:06:00+00:00,40m,7.0401192,SM6YPE,JO67,57.5,13.0,1003.0,71.3,-13,0.45,0,0.17,23,0.1995,1,-6
2026-08-29 20:06:00+00:00,40m,7.0401163,<OK1BF>,JO70UB,50.0625,15.708333,1396.3,108.4,-12,-0.06,1,0.21,23,0.1995,3,-5
2026-08-29 20:06:00+00:00,40m,7.0401078,PC7A,JO33,53.5,7.0,687.8,105.7,-10,0.49,0,0.3,33,1.9953,1,-13
2026-08-29 20:06:00+00:00,40m,7.0401769,HB9BAX,JN36,46.5,7.0,1229.2,141.2,-20,0.19,0,0.26,23,0.1995,1,-13
2026-08-29 20:06:00+00:00,40m,7.0400724,DL6NL,JO50,50.5,11.0,1093.8,115.4,-19,0.45,0,0.28,27,0.5012,1,-16
2026-08-29 20:06:00+00:00,40m,7.0400483,SA0YRL,JO89,59.5,17.0,1265.8,61.8,-15,5.91,1,0.17,23,0.1995,1,-8
2026-08-29 20:06:00+00:00,40m,7.0400434,DL4BG,JO43,53.5,9.0,809.8,101.8,-8,0.32,0,0.42,30,1.0,1,-8
2026-08-29 20:06:00+00:00,40m,7.0400347,G4HSB,IO94,54.5,-1.0,178.8,132.5,-16,0.11,0,0.13,23,0.1995,1,-9
2026-08-29 20:06:00+00:00,40m,7.0400223,PA2PGU,JO32,52.5,7.0,739.9,113.6,-10,-0.1,0,0.37,23,0.1995,1,-3
2026-08-29 20:06:00+00:00,40m,7.040001,F4EKH,JN05,45.5,1.0,1158.7,164.1,-8,0.15,0,0.35,30,1.0,1,-8
2026-08-29 20:06:00+00:00,40m,7.0400924,PA3CWQ,JO21,51.5,5.0,699.6,127.4,-11,0.79,0,0.36,23,0.1995,1,-4
2026-08-29 20:08:00+00:00,30m,10.1401009,EA5RKP,IM99,39.5,-1.0,1797.0,174.3,-13,0.02,0,0.4,23,0.1995,1,-6
2026-08-29 20:08:00+00:00,30m,10.1401184,F4GMT,IN93,43.5,-1.0,1353.8,173.0,-12,0.11,0,0.39,23,0.1995,1,-5
2026-08-29 20:10:00+00:00,20m,14.0971776,<IU0JJD>,JN61TP,41.645833,13.625,1966.6,135.1,-22,-0.06,0,0.25,23,0.1995,3,-15
2026-08-29 20:14:00+00:00,80m,3.570173,GM7FIE,IO85,55.5,-3.0,11.9,167.2,-3,0.02,0,0.38,23,0.1995,1,4
2026-08-29 20:14:00+00:00,80m,3.5701396,PA5CA,JO32,52.5,7.0,739.9,113.6,-20,0.02,0,0.15,10,0.01,1,0
2026-08-29 20:14:00+00:00,80m,3.5701251,<G4USI/W>,IO81IA,51.020833,-3.291667,509.9,182.0,-26,0.45,0,0.15,23,0.1995,3,-19
2026-08-29 20:14:00+00:00,80m,3.5700917,DL4XJ,JO42,52.5,9.0,857.0,108.7,1,0.24,0,0.22,30,1.0,1,1
2026-08-29 20:14:00+00:00,80m,3.5701558,PI4CC,JO21,51.5,5.0,699.6,127.4,-6,0.15,0,0.35,17,0.0501,1,7
2026-08-29 20:14:00+00:00,80m,3.5700524,G4BOO,IO91,51.5,-1.0,475.8,162.7,14,0.96,0,0.17,37,5.0119,1,7
2026-08-29 20:14:00+00:00,80m,3.5700484,G4HSB,IO94,54.5,-1.0,178.8,132.5,18,0.02,0,0.36,23,0.1995,1,25
2026-08-29 20:14:00+00:00,80m,3.5700178,GM8HHC,IO85,55.5,-3.0,11.9,167.2,-7,0.11,0,0.28,23,0.1995,1,0
2026-08-29 20:14:00+00:00,80m,3.5700552,PC2A,JO21,51.5,5.0,699.6,127.4,-1,0.02,0,0.17,17,0.0501,1,12
2026-08-29 20:16:00+00:00,160m,1.8381122,EI0CF,IO65,55.5,-7.0,249.2,269.0,-15,0.28,0,0.39,23,0.1995,1,-8
2026-08-29 20:18:00+00:00,80m,3.5701521,OZ1DEO,JO55,55.5,11.0,881.8,84.9,-18,-1.85,0,0.27,30,1.0,1,-18
2026-08-29 20:18:00+00:00,80m,3.5701175,OZ8WSP,JO57,57.5,11.0,884.3,70.4,-20,0.19,0,0.15,27,0.5012,1,-17
2026-08-29 20:18:00+00:00,80m,3.5700895,GX2PLX,JO02,52.5,1.0,434.3,141.0,10,-0.66,0,0.42,43,19.9526,1,-3
2026-08-29 20:18:00+00:00,80m,3.5701323,EA6URP,JM19,39.5,3.0,1845.5,163.5,-17,0.32,0,0.19,23,0.1995,1,-10
2026-08-29 20:18:00+00:00,80m,3.5700236,DK3SS,JN49,49.5,9.0,1057.4,124.9,1,4.85,0,0.42,33,1.9953,1,-2
2026-08-29 20:18:00+00:00,80m,3.5700122,M0NIF,IO90,50.5,-1.0,583.7,165.7,-25,0.28,-1,0.15,23,0.1995,1,-18
2026-08-29 20:18:00+00:00,80m,3.570055,<OK1BF>,JO70UB,50.0625,15.708333,1396.3,108.4,-8,-0.06,0,0.3,23,0.1995,3,-1
2026-08-29 20:20:00+00:00,160m,1.8380732,OZ9ACF,JO65,55.5,13.0,1006.8,84.0,-24,0.37,0,0.18,37,5.0119,1,-31
2026-08-29 20:20:00+00:00,160m,1.8381738,G4HSB,IO94,54.5,-1.0,178.8,132.5,6,0.45,0,0.6,23,0.1995,1,13
2026-08-29 20:20:00+00:00,160m,1.838198,M0XDC,JO01,51.5,1.0,528.5,148.0,-22,0.07,0,0.11,37,5.0119,1,-29
2026-08-29 20:22:00+00:00,80m,3.5701513,SR8RJS,KN09,49.5,21.0,1750.2,102.7,-19,0.02,0,0.22,23,0.1995,1,-12
2026-08-29 20:22:00+00:00,80m,3.5701879,OE6LHG,JN77,47.5,15.0,1531.4,118.5,-23,0.37,0,0.15,23,0.1995,1,-16
2026-08-29 20:22:00+00:00,80m,3.5701717,DL9ZY,JO30,50.5,7.0,877.5,126.1,8,0.24,0,0.46,37,5.0119,1,1
2026-08-29 20:22:00+00:00,80m,3.5701598,GM4DTH,IO85,55.5,-3.0,11.9,167.2,-7,0.15,0,0.25,23,0.1995,1,0
2026-08-29 20:22:00+00:00,80m,3.5701589,G3JKF,JO00,50.5,1.0,628.3,152.9,0,0.28,0,0.32,33,1.9953,1,-3
2026-08-29 20:22:00+00:00,80m,3.5701317,G4LEN,IO81,51.5,-3.0,456.4,179.6,9,0.19,0,0.54,37,5.0119,1,2
2026-08-29 20:22:00+00:00,80m,3.5700597,<EI7HZB>,IO65FB,55.0625,-7.541667,290.9,259.9,-8,0.41,0,0.4,23,0.1995,3,-1
2026-08-29 20:22:00+00:00,80m,3.5700965,2E0FDM,IO81,51.5,-3.0,456.4,179.6,-15,0.45,0,0.28,23,0.1995,1,-8
2026-08-29 20:22:00+00:00,80m,3.5700906,LX1MGG,JN39,49.5,7.0,958.2,130.9,-19,2.07,0,0.17,23,0.1995,1,-12
2026-08-29 20:22:00+00:00,80m,3.5700901,DO7RMO,JN68,48.5,13.0,1346.6,119.2,-11,0.24,0,0.26,40,10.0,1,-21
2026-08-29 20:22:00+00:00,80m,3.5700468,<GM0PXV>,IO85IW,55.9375,-3.291667,40.2,337.2,7,0.02,0,0.44,23,0.1995,3,14
2026-08-29 20:22:00+00:00,80m,3.5700102,G7WCI,IO91,51.5,-1.0,475.8,162.7,-18,0.58,0,0.34,23,0.1995,1,-11
2026-08-29 20:22:00+00:00,80m,3.5701146,DD3MS,JN59,49.5,11.0,1163.6,119.8,-17,-0.06,0,0.16,20,0.1,1,-7
2026-08-29 20:26:00+00:00,40m,7.040201,PA4JAM,JO21,51.5,5.0,699.6,127.4,-26,0.37,0,0.24,23,0.1995,1,-19
2026-08-29 20:26:00+00:00,40m,7.0401763,SR9KRT,KN09,49.5,21.0,1750.2,102.7,-22,-0.02,0,0.23,3,0.002,1,5
2026-08-29 20:26:00+00:00,40m,7.0401605,G3JKF,JO00,50.5,1.0,628.3,152.9,-15,0.32,0,0.3,33,1.9953,1,-18
2026-08-29 20:26:00+00:00,40m,7.0401548,F1JSC,JN03,43.5,1.0,1376.5,166.2,-17,0.32,0,0.15,33,1.9953,1,-20
2026-08-29 20:26:00+00:00,40m,7.0401491,OZ1DEO,JO55,55.5,11.0,881.8,84.9,-8,-1.77,0,0.3,30,1.0,1,-8
2026-08-29 20:26:00+00:00,40m,7.040121,G4HSB,IO94,54.5,-1.0,178.8,132.5,-4,0.07,0,0.21,23,0.1995,1,3
2026-08-29 20:26:00+00:00,40m,7.0401089,PC7A,JO33,53.5,7.0,687.8,105.7,-6,0.58,0,0.46,33,1.9953,1,-9
2026-08-29 20:26:00+00:00,40m,7.0401007,F6KPL,IN99,49.5,-1.0,692.6,167.7,0,4.16,0,0.44,30,1.0,1,0
2026-08-29 20:26:00+00:00,40m,7.0400992,SM3HZA,JP80,60.5,17.0,1292.0,56.9,-6,5.53,0,0.28,23,0.1995,1,1
2026-08-29 20:26:00+00:00,40m,7.0400862,DL4XJ,JO42,52.5,9.0,857.0,108.7,-3,0.24,0,0.66,30,1.0,1,-3
2026-08-29 20:26:00+00:00,40m,7.0401825,F4HHR,JN07,47.5,1.0,943.1,161.2,-21,-0.74,0,0.36,10,0.01,1,-1
2026-08-29 20:26:00+00:00,40m,7.0400728,DL6NL,JO50,50.5,11.0,1093.8,115.4,-14,0.49,0,0.44,27,0.5012,1,-11
2026-08-29 20:26:00+00:00,40m,7.0400681,G4LRP,IO91,51.5,-1.0,475.8,162.7,-20,1.13,0,0.2,30,1.0,1,-20
2026-08-29 20:26:00+00:00,40m,7.0400673,DK6NI,JN59,49.5,11.0,1163.6,119.8,-16,2.2,-1,0.21,33,1.9953,1,-19
2026-08-29 20:26:00+00:00,40m,7.040052,DD3MS,JN59,49.5,11.0,1163.6,119.8,-22,-0.06,0,0.15,20,0.1,1,-12
2026-08-29 20:26:00+00:00,40m,7.0400387,PA3CWQ,JO21,51.5,5.0,699.6,127.4,-14,0.71,0,0.38,23,0.1995,1,-7
2026-08-29 20:26:00+00:00,40m,7.0400345,<IU0JJD>,JN61TP,41.645833,13.625,1966.6,135.1,-19,-0.02,0,0.16,23,0.1995,3,-12
2026-08-29 20:26:00+00:00,40m,7.0400261,OH6CR,KP12,62.5,23.0,1659.1,51.9,-18,0.11,0,0.19,23,0.1995,1,-11
2026-08-29 20:26:00+00:00,40m,7.040016,HB9T,JN36,46.5,7.0,1229.2,141.2,-22,0.62,0,0.23,23,0.1995,1,-15
2026-08-29 20:26:00+00:00,40m,7.0400107,<...>,JN48AO,48.604167,8.041667,1083.3,131.3,-16,0.19,0,0.46,37,5.0119,3,-23
2026-08-29 20:26:00+00:00,40m,7.040002,DB1IAT,JN48,48.5,9.0,1138.1,128.9,-23,0.79,0,0.24,30,1.0,1,-23
2026-08-29 20:26:00+00:00,40m,7.0400809,SA0YRL,JO89,59.5,17.0,1265.8,61.8,-16,5.95,0,0.17,23,0.1995,1,-9
2026-08-29 20:28:00+00:00,30m,10.1401822,DG6RCH,JN68,48.5,13.0,1346.6,119.2,-21,0.32,1,0.26,23,0.1995,1,-14
2026-08-29 20:28:00+00:00,30m,10.1401047,F4GMT,IN93,43.5,-1.0,1353.8,173.0,-8,0.02,0,0.45,23,0.1995,1,-1
2026-08-29 20:28:00+00:00,30m,10.1401512,EA5RKP,IM99,39.5,-1.0,1797.0,174.3,-14,0.02,0,0.47,23,0.1995,1,-7
2026-08-29 20:34:00+00:00,40m,7.0400937,<G7SYO>,IO90DR,50.729167,-1.708333,549.3,170.2,-1,0.32,0,0.72,27,0.5012,3,2
2026-08-29 20:34:00+00:00,40m,7.0401831,F4HHR,JN07,47.5,1.0,943.1,161.2,-17,-0.79,0,0.37,10,0.01,1,3
2026-08-29 20:34:00+00:00,40m,7.0401564,DL8FBN,JO51,51.5,11.0,1031.3,110.4,-24,0.11,0,0.23,23,0.1995,1,-17
2026-08-29 20:34:00+00:00,40m,7.0401389,CT1BAT,IN50,40.5,-9.0,1735.3,197.1,-13,0.37,0,0.36,0,0.001,1,17
2026-08-29 20:34:00+00:00,40m,7.0401893,SH6OMP,JO66,56.5,13.0,998.8,77.7,-16,0.02,0,0.45,23,0.1995,1,-9
2026-08-29 20:34:00+00:00,40m,7.0401255,PA2W,JO22,52.5,5.0,627.7,120.0,-10,0.54,0,0.34,37,5.0119,1,-17
2026-08-29 20:34:00+00:00,40m,7.0401082,PC7A,JO33,53.5,7.0,687.8,105.7,-13,0.41,2,0.12,33,1.9953,1,-16
2026-08-29 20:34:00+00:00,40m,7.040104,G4DYK,IO82,52.5,-3.0,345.2,179.5,-9,0.32,0,0.19,37,5.0119,1,-16
2026-08-29 20:34:00+00:00,40m,7.0400829,PA3CWQ,JO21,51.5,5.0,699.6,127.4,-9,1.01,0,0.18,23,0.1995,1,-2
2026-08-29 20:34:00+00:00,40m,7.0400243,EI7II,IO51,51.5,-9.0,602.2,223.2,-5,0.54,0,0.44,23,0.1995,1,2
2026-08-29 20:34:00+00:00,40m,7.0400736,PE1KWH,JO22,52.5,5.0,627.7,120.0,-14,-0.32,0,0.13,20,0.1,1,-4
2026-08-29 20:34:00+00:00,40m,7.040073,DL6NL,JO50,50.5,11.0,1093.8,115.4,-20,0.49,0,0.2,27,0.5012,1,-17
2026-08-29 20:34:00+00:00,40m,7.0400578,PA1JCK,JO21,51.5,5.0,699.6,127.4,-21,0.37,0,0.16,23,0.1995,1,-14
2026-08-29 20:34:00+00:00,40m,7.0400439,DL4BG,JO43,53.5,9.0,809.8,101.8,-7,0.32,0,0.49,30,1.0,1,-7
2026-08-29 20:34:00+00:00,40m,7.0400327,IU0JJD,JN61,41.5,13.0,1953.0,136.7,-18,-0.06,0,0.24,23,0.1995,1,-11
2026-08-29 20:34:00+00:00,40m,7.0400201,EA6URP,JM19,39.5,3.0,1845.5,163.5,-16,0.41,0,0.17,23,0.1995,1,-9
2026-08-29 20:34:00+00:00,40m,7.0400183,SG7SUN/B,,,,,,-13,0.62,0,0.18,27,0.5012,2,-10
2026-08-29 20:34:00+00:00,40m,7.0400022,DB1IAT,JN48,48.5,9.0,1138.1,128.9,-23,0.71,0,0.16,30,1.0,1,-23
2026-08-29 20:34:00+00:00,40m,7.0400799,SM3HZA,JP80,60.5,17.0,1292.0,56.9,-5,5.06,0,0.24,23,0.1995,1,2
2026-08-29 20:36:00+00:00,160m,1.8381657,EI0CF,IO65,55.5,-7.0,249.2,269.0,-15,0.19,0,0.48,23,0.1995,1,-8
2026-08-29 20:38:00+00:00,30m,10.1401911,<OE9PTI>,JN47VL,47.479167,9.791667,1262.7,130.3,-25,-0.06,0,0.21,23,0.1995,3,-18
2026-08-29 20:38:00+00:00,30m,10.1401214,F4GMT,IN93,43.5,-1.0,1353.8,173.0,-10,0.45,0,0.33,23,0.1995,1,-3
2026-08-29 20:38:00+00:00,30m,10.1402496,GX2PLX,JO02,52.5,1.0,434.3,141.0,-23,-0.66,0,0.16,43,19.9526,1,-36
2026-08-29 20:38:00+00:00,30m,10.1401003,OE7XZB,JN57,47.5,11.0,1320.1,127.2,-23,-0.02,0,0.26,23,0.1995,1,-16
2026-08-29 20:38:00+00:00,30m,10.1401095,DG0JAJ,JN57,47.5,11.0,1320.1,127.2,-22,0.37,0,0.28,23,0.1995,1,-15
2026-08-29 20:40:00+00:00,160m,1.8380181,G4HSB,IO94,54.5,-1.0,178.8,132.5,9,0.32,0,0.68,23,0.1995,1,16
2026-08-29 20:42:00+00:00,80m,3.570172,DL9ZY,JO30,50.5,7.0,877.5,126.1,8,0.19,0,0.42,37,5.0119,1,1
2026-08-29 20:42:00+00:00,80m,3.5701593,G3JKF,JO00,50.5,1.0,628.3,152.9,4,0.28,0,0.58,33,1.9953,1,1
2026-08-29 20:42:00+00:00,80m,3.5701532,F4WFT,IN98,48.5,-1.0,802.1,169.2,-2,0.19,0,0.38,23,0.1995,1,5
2026-08-29 20:42:00+00:00,80m,3.5701647,G7WCI,IO91,51.5,-1.0,475.8,162.7,-10,0.54,0,0.18,23,0.1995,1,-3
2026-08-29 20:42:00+00:00,80m,3.5701072,SA0YRL,JO89,59.5,17.0,1265.8,61.8,-17,5.87,0,0.18,23,0.1995,1,-10
2026-08-29 20:42:00+00:00,80m,3.5700469,2E0FDM,IO81,51.5,-3.0,456.4,179.6,-17,0.45,0,0.37,23,0.1995,1,-10
2026-08-29 20:42:00+00:00,80m,3.570121,SR8RJS,KN09,49.5,21.0,1750.2,102.7,-20,-0.06,0,0.14,23,0.1995,1,-13
2026-08-29 20:46:00+00:00,40m,7.0401234,PA7D,JO23,53.5,5.0,568.5,111.0,-7,0.32,0,0.11,23,0.1995,1,0
2026-08-29 20:46:00+00:00,40m,7.040183,F4HHR,JN07,47.5,1.0,943.1,161.2,-22,-0.83,0,0.36,10,0.01,1,-2
2026-08-29 20:46:00+00:00,40m,7.0401665,SA0YRL,JO89,59.5,17.0,1265.8,61.8,-19,5.87,0,0.27,23,0.1995,1,-12
2026-08-29 20:46:00+00:00,40m,7.0401593,G3JKF,JO00,50.5,1.0,628.3,152.9,-20,0.19,0,0.26,33,1.9953,1,-23
2026-08-29 20:46:00+00:00,40m,7.0401535,HB9AR,JN36,46.5,7.0,1229.2,141.2,-22,0.07,0,0.18,23,0.1995,1,-15
2026-08-29 20:46:00+00:00,40m,7.0401534,F4WFT,IN98,48.5,-1.0,802.1,169.2,-16,0.07,0,0.47,23,0.1995,1,-9
2026-08-29 20:46:00+00:00,40m,7.0401417,SA7AHC,JO76,56.5,15.0,1121.5,77.5,-12,0.19,0,0.15,17,0.0501,1,1
2026-08-29 20:46:00+00:00,40m,7.0400862,LA1ITS,JO59,59.5,11.0,940.6,56.8,-7,0.79,0,0.49,37,5.0119,1,-14
2026-08-29 20:46:00+00:00,40m,7.0401754,SM3HZA,JP80,60.5,17.0,1292.0,56.9,-12,5.87,0,0.34,23,0.1995,1,-5
2026-08-29 20:46:00+00:00,40m,7.0400688,<EA6ANX>,JM19GM,39.520833,2.541667,1835.3,164.7,-23,0.15,0,0.14,23,0.1995,3,-16
2026-08-29 20:46:00+00:00,40m,7.0400527,OZ7IT,JO65,55.5,13.0,1006.8,84.0,-3,0.32,0,0.58,37,5.0119,1,-10
2026-08-29 20:46:00+00:00,40m,7.0400439,DL4BG,JO43,53.5,9.0,809.8,101.8,-10,0.32,0,0.47,30,1.0,1,-10
2026-08-29 20:46:00+00:00,40m,7.0400343,HB9IIU,JN36,46.5,7.0,1229.2,141.2,-16,-0.02,0,0.48,23,0.1995,1,-9
2026-08-29 20:46:00+00:00,40m,7.0400264,PA3CWQ,JO21,51.5,5.0,699.6,127.4,-14,0.54,0,0.38,23,0.1995,1,-7
2026-08-29 20:46:00+00:00,40m,7.0400151,SA7RST,JO78,58.5,15.0,1133.7,66.1,-12,0.19,0,0.27,23,0.1995,1,-5
2026-08-29 20:46:00+00:00,40m,7.0400103,EA6URP,JM19,39.5,3.0,1845.5,163.5,-16,0.32,0,0.16,23,0.1995,1,-9
2026-08-29 20:46:00+00:00,40m,7.0400724,DL6NL,JO50,50.5,11.0,1093.8,115.4,-21,0.49,0,0.21,27,0.5012,1,-18
2026-08-29 20:46:00+00:00,40m,7.0400016,DB1IAT,JN48,48.5,9.0,1138.1,128.9,-25,0.88,0,0.13,30,1.0,1,-25
2026-08-29 20:48:00+00:00,30m,10.1402746,OE3WFA,JN78,48.5,15.0,1458.3,115.3,-10,0.24,0,0.58,30,1.0,1,-10
2026-08-29 20:48:00+00:00,30m,10.1402579,<W1/AJ8S>,FN44MF,44.229167,-70.958333,4814.9,284.5,-16,0.71,0,0.29,33,1.9953,3,-19
2026-08-29 20:48:00+00:00,30m,10.1402551,EA5RKP,IM99,39.5,-1.0,1797.0,174.3,-17,0.02,0,0.19,23,0.1995,1,-10
2026-08-29 20:48:00+00:00,30m,10.1401386,KK1D,FN31,41.5,-73.0,5140.6,283.0,-27,0.28,0,0.13,30,1.0,1,-27
2026-08-29 20:48:00+00:00,30m,10.1401496,HB9YC,JN46,46.5,9.0,1312.8,135.4,0,0.15,1,0.69,30,1.0,1,0
2026-08-29 20:48:00+00:00,30m,10.1401099,EA6ANX,JM19,39.5,3.0,1845.5,163.5,-26,0.19,0,0.19,23,0.1995,1,-19
2026-08-29 20:48:00+00:00,30m,10.1401997,HA6QL,JN97,47.5,19.0,1759.2,111.6,-10,0.11,0,0.64,33,1.9953,1,-13
2026-08-29 20:52:00+00:00,80m,3.5701249,<DL1FX>,JN49GR,49.729167,8.541667,1016.0,125.2,-9,0.19,0,0.35,23,0.1995,3,-2
2026-08-29 20:52:00+00:00,80m,3.5701923,HB9BAX,JN36,46.5,7.0,1229.2,141.2,-14,0.24,0,0.44,23,0.1995,1,-7
2026-08-29 20:52:00+00:00,80m,3.5701749,SA7CND,JO76,56.5,15.0,1121.5,77.5,-6,0.02,0,0.37,20,0.1,1,4
2026-08-29 20:52:00+00:00,80m,3.5701658,OE7XZB,JN57,47.5,11.0,1320.1,127.2,-19,-0.06,0,0.32,23,0.1995,1,-12
2026-08-29 20:52:00+00:00,80m,3.5701568,PE1ANW,JO31,51.5,7.0,804.0,120.4,-21,-0.23,0,0.25,23,0.1995,1,-14
2026-08-29 20:52:00+00:00,80m,3.5701206,LA4PGA,JP50,60.5,11.0,986.3,50.8,-12,0.02,0,0.28,23,0.1995,1,-5
2026-08-29 20:52:00+00:00,80m,3.5700009,<F4EKH>,JN05LU,45.854167,0.958333,1119.6,163.9,-5,0.02,0,0.42,30,1.0,3,-5
2026-08-29 20:52:00+00:00,80m,3.5700904,DO7RMO,JN68,48.5,13.0,1346.6,119.2,-10,0.24,0,0.42,40,10.0,1,-20
2026-08-29 20:52:00+00:00,80m,3.57006,OZ7IT,JO65,55.5,13.0,1006.8,84.0,1,0.15,0,0.47,37,5.0119,1,-6
2026-08-29 20:52:00+00:00,80m,3.5700501,DL3YAV,JO42,52.5,9.0,857.0,108.7,3,0.24,0,0.55,37,5.0119,1,-4
2026-08-29 20:52:00+00:00,80m,3.5700194,R2BIY,KO85,55.5,37.0,2483.3,73.5,-20,0.28,0,0.23,37,5.0119,1,-27
2026-08-29 20:52:00+00:00,80m,3.5701005,HA7AA,JN97,47.5,19.0,1759.2,111.6,-26,0.15,0,0.14,23,0.1995,1,-19
2026-08-29 20:56:00+00:00,40m,7.0400999,G4HSB,IO94,54.5,-1.0,178.8,132.5,-5,-0.45,0,0.19,23,0.1995,1,2
2026-08-29 20:56:00+00:00,40m,7.040163,PA4JAM,JO21,51.5,5.0,699.6,127.4,-26,-0.1,0,0.15,23,0.1995,1,-19
2026-08-29 20:56:00+00:00,40m,7.0401461,<IU0JJD>,JN61TP,41.645833,13.625,1966.6,135.1,-13,-0.4,0,0.43,23,0.1995,3,-6
2026-08-29 20:56:00+00:00,40m,7.0401169,OE6LHG,JN77,47.5,15.0,1531.4,118.5,-24,-0.15,0,0.19,23,0.1995,1,-17
2026-08-29 20:56:00+00:00,40m,7.0401079,PC7A,JO33,53.5,7.0,687.8,105.7,-11,0.15,0,0.28,33,1.9953,1,-14
2026-08-29 20:56:00+00:00,40m,7.0400944,SM3HZA,JP80,60.5,17.0,1292.0,56.9,-7,4.93,0,0.29,23,0.1995,1,0
2026-08-29 20:56:00+00:00,40m,7.0401824,F4HHR,JN07,47.5,1.0,943.1,161.2,-18,-1.13,0,0.57,10,0.01,1,2
2026-08-29 20:56:00+00:00,40m,7.0400663,EA5XQ,IM99,39.5,-1.0,1797.0,174.3,-21,3.52,0,0.18,23,0.1995,1,-14
2026-08-29 20:56:00+00:00,40m,7.0400573,DK6NI,JN59,49.5,11.0,1163.6,119.8,-21,1.77,0,0.3,33,1.9953,1,-24
2026-08-29 20:56:00+00:00,40m,7.0400439,DL4BG,JO43,53.5,9.0,809.8,101.8,-9,0.02,0,0.62,30,1.0,1,-9
2026-08-29 20:56:00+00:00,40m,7.0400358,SA7AHC,JO76,56.5,15.0,1121.5,77.5,-18,-0.15,0,0.11,17,0.0501,1,-5
2026-08-29 20:56:00+00:00,40m,7.0400009,F4EKH,JN05,45.5,1.0,1158.7,164.1,-6,-0.32,0,0.66,30,1.0,1,-6
2026-08-29 20:56:00+00:00,40m,7.0400805,SH6OMP,JO66,56.5,13.0,998.8,77.7,-22,-0.27,1,0.22,23,0.1995,1,-15
2026-08-29 20:58:00+00:00,160m,1.8380205,GM4DTH,IO85,55.5,-3.0,11.9,167.2,-13,0.07,0,0.57,23,0.1995,1,-6
2026-08-29 21:00:00+00:00,160m,1.838054,G4HSB,IO94,54.5,-1.0,178.8,132.5,3,0.28,0,0.71,23,0.1995,1,10
2026-08-29 21:02:00+00:00,80m,3.5701152,G7WCI,IO91,51.5,-1.0,475.8,162.7,-28,0.19,0,0.15,23,0.1995,1,-21
2026-08-29 21:02:00+00:00,80m,3.5701276,2E0FDM,IO81,51.5,-3.0,456.4,179.6,-11,0.32,0,0.56,23,0.1995,1,-4
2026-08-29 21:02:00+00:00,80m,3.5701392,SR8RJS,KN09,49.5,21.0,1750.2,102.7,-17,0.02,0,0.3,23,0.1995,1,-10
2026-08-29 21:02:00+00:00,80m,3.5701694,PE1AHJ,JO32,52.5,7.0,739.9,113.6,-24,-0.32,0,0.17,10,0.01,1,-4
2026-08-29 21:02:00+00:00,80m,3.5701589,G3JKF,JO00,50.5,1.0,628.3,152.9,1,0.19,0,0.6,33,1.9953,1,-2
2026-08-29 21:02:00+00:00,80m,3.5701653,G7WCI,IO91,51.5,-1.0,475.8,162.7,-14,0.45,0,0.27,23,0.1995,1,-7
2026-08-29 21:02:00+00:00,80m,3.5700939,LA1ITS,JO59,59.5,11.0,940.6,56.8,-8,0.79,0,0.27,37,5.0119,1,-15
2026-08-29 21:02:00+00:00,80m,3.5701559,PI4CC,JO21,51.5,5.0,699.6,127.4,0,0.19,0,0.56,17,0.0501,1,13
2026-08-29 21:02:00+00:00,80m,3.5700895,GM8HHC,IO85,55.5,-3.0,11.9,167.2,-4,0.02,0,0.6,23,0.1995,1,3
2026-08-29 21:02:00+00:00,80m,3.5700999,OZ4JJ,JO56,56.5,11.0,876.0,77.7,-14,0.11,0,0.36,13,0.02,1,3
2026-08-29 21:02:00+00:00,80m,3.5700764,SA0YRL,JO89,59.5,17.0,1265.8,61.8,-16,5.83,0,0.14,23,0.1995,1,-9
2026-08-29 21:02:00+00:00,80m,3.57006,OZ7IT,JO65,55.5,13.0,1006.8,84.0,5,0.24,0,0.47,37,5.0119,1,-2
2026-08-29 21:02:00+00:00,80m,3.5700591,<EI7HZB>,IO65FB,55.0625,-7.541667,290.9,259.9,-1,0.32,0,0.18,23,0.1995,3,6
2026-08-29 21:02:00+00:00,80m,3.5700552,PC2A,JO21,51.5,5.0,699.6,127.4,0,0.19,0,0.24,17,0.0501,1,13
2026-08-29 21:02:00+00:00,80m,3.5700533,M0JGH,IO91,51.5,-1.0,475.8,162.7,-6,1.43,0,0.17,23,0.1995,1,1
2026-08-29 21:02:00+00:00,80m,3.5700522,G4BOO,IO91,51.5,-1.0,475.8,162.7,6,0.71,0,0.48,37,5.0119,1,-1
2026-08-29 21:02:00+00:00,80m,3.5700395,PA5CA,JO32,52.5,7.0,739.9,113.6,-15,-0.19,0,0.21,10,0.01,1,5
2026-08-29 21:02:00+00:00,80m,3.5700006,<F4EKH>,JN05LU,45.854167,0.958333,1119.6,163.9,-4,0.07,0,0.54,30,1.0,3,-4
2026-08-29 21:02:00+00:00,80m,3.5700867,GM7FIE,IO85,55.5,-3.0,11.9,167.2,1,0.02,0,0.67,23,0.1995,1,8
2026-08-29 21:04:00+00:00,30m,10.1402945,VK6XT,OF88,-31.5,117.0,14704.8,85.6,-30,0.28,0,0.16,37,5.0119,1,-37
2026-08-29 21:04:00+00:00,30m,10.140233,EA5RKP,IM99,39.5,-1.0,1797.0,174.3,-15,-0.02,0,0.48,23,0.1995,1,-8
2026-08-29 21:04:00+00:00,30m,10.1401601,SP5FLS,JN67,47.5,13.0,1423.2,122.6,-25,0.07,0,0.19,13,0.02,1,-8
2026-08-29 21:06:00+00:00,40m,7.0401227,DK3BI,JN49,49.5,9.0,1057.4,124.9,-24,0.15,1,0.15,23,0.1995,1,-17
2026-08-29 21:06:00+00:00,40m,7.0401726,PA2PGU,JO32,52.5,7.0,739.9,113.6,-12,-0.1,0,0.4,23,0.1995,1,-5
2026-08-29 21:06:00+00:00,40m,7.0401696,SM3HZA,JP80,60.5,17.0,1292.0,56.9,-13,5.74,0,0.23,23,0.1995,1,-6
2026-08-29 21:06:00+00:00,40m,7.0401825,F4HHR,JN07,47.5,1.0,943.1,161.2,-22,-0.79,0,0.4,10,0.01,1,-2
2026-08-29 21:06:00+00:00,40m,7.0401595,G3JKF,JO00,50.5,1.0,628.3,152.9,-18,0.28,0,0.22,33,1.9953,1,-21
2026-08-29 21:06:00+00:00,40m,7.0401544,F1JSC,JN03,43.5,1.0,1376.5,166.2,-13,0.15,0,0.19,33,1.9953,1,-16
2026-08-29 21:06:00+00:00,40m,7.0401499,EI7II,IO51,51.5,-9.0,602.2,223.2,-11,0.54,0,0.32,23,0.1995,1,-4
2026-08-29 21:06:00+00:00,40m,7.0401459,SG7SUN/B,,,,,,-20,0.49,0,0.23,27,0.5012,2,-17
2026-08-29 21:06:00+00:00,40m,7.0401441,<IU0JJD>,JN61TP,41.645833,13.625,1966.6,135.1,-14,-0.1,0,0.28,23,0.1995,3,-7
2026-08-29 21:06:00+00:00,40m,7.0401171,PA5CA,JO32,52.5,7.0,739.9,113.6,-21,0.07,0,0.27,10,0.01,1,-1
2026-08-29 21:06:00+00:00,40m,7.040044,DL4BG,JO43,53.5,9.0,809.8,101.8,-14,0.37,0,0.53,30,1.0,1,-14
2026-08-29 21:06:00+00:00,40m,7.0401018,LA9RKA,JP65,65.5,13.0,1398.6,31.8,-9,1.22,0,0.32,37,5.0119,1,-16
2026-08-29 21:06:00+00:00,40m,7.0400968,TF3D,HP93,63.5,-21.0,1331.5,318.5,-18,-0.06,0,0.24,23,0.1995,1,-11
2026-08-29 21:06:00+00:00,40m,7.0400866,HB9BAX,JN36,46.5,7.0,1229.2,141.2,-22,0.15,0,0.19,23,0.1995,1,-15
2026-08-29 21:06:00+00:00,40m,7.0400806,PA3CWQ,JO21,51.5,5.0,699.6,127.4,-12,0.62,0,0.39,23,0.1995,1,-5
2026-08-29 21:06:00+00:00,40m,7.0400726,DL6NL,JO50,50.5,11.0,1093.8,115.4,-16,0.54,0,0.15,27,0.5012,1,-13
2026-08-29 21:06:00+00:00,40m,7.0400529,PA3EDR/G,,,,,,-21,-0.27,0,0.19,10,0.01,2,-1
2026-08-29 21:06:00+00:00,40m,7.040031,CT1BAT,IN50,40.5,-9.0,1735.3,197.1,-14,0.32,0,0.52,0,0.001,1,16
2026-08-29 21:06:00+00:00,40m,7.0400005,G4HSB,IO94,54.5,-1.0,178.8,132.5,-8,-0.06,0,0.16,23,0.1995,1,-1
2026-08-29 21:06:00+00:00,40m,7.0401106,SA0YRL,JO89,59.5,17.0,1265.8,61.8,-18,5.66,0,0.27,23,0.1995,1,-11
2026-08-29 21:08:00+00:00,30m,10.1402633,W1EZ,FN42,42.5,-71.0,4943.5,282.6,-22,0.41,0,0.29,40,10.0,1,-32
2026-08-29 21:08:00+00:00,30m,10.1402578,W1/AJ8S,,,,,,-18,0.62,0,0.37,33,1.9953,2,-21
2026-08-29 21:08:00+00:00,30m,10.1402469,EA5RKP,IM99,39.5,-1.0,1797.0,174.3,-16,-0.02,0,0.46,23,0.1995,1,-9
2026-08-29 21:08:00+00:00,30m,10.1401183,4Z4TJ,KM71,31.5,35.0,3987.1,116.2,-22,0.15,0,0.29,27,0.5012,1,-19
2026-08-29 21:08:00+00:00,30m,10.140157,F4GMT,IN93,43.5,-1.0,1353.8,173.0,-10,-0.15,0,0.46,23,0.1995,1,-3
2026-08-29 21:12:00+00:00,30m,10.1401009,F4GMT,IN93,43.5,-1.0,1353.8,173.0,-6,0.58,0,0.5,23,0.1995,1,1
2026-08-29 21:12:00+00:00,30m,10.1401697,EA5RKP,IM99,39.5,-1.0,1797.0,174.3,-12,0.02,0,0.44,23,0.1995,1,-5
2026-08-29 21:12:00+00:00,30m,10.1402493,OK1BF,JO70,50.5,15.0,1327.6,107.8,-19,-0.1,0,0.4,23,0.1995,1,-12
2026-08-29 21:14:00+00:00,160m,1.8381276,PA2W,JO22,52.5,5.0,627.7,120.0,-26,0.58,0,0.16,37,5.0119,1,-33
2026-08-29 21:14:00+00:00,160m,1.8381925,GM4DTH,IO85,55.5,-3.0,11.9,167.2,-17,0.02,0,0.45,23,0.1995,1,-10
2026-08-29 21:16:00+00:00,40m,7.0401223,DG1GHR,JN48,48.5,9.0,1138.1,128.9,-19,0.24,0,0.33,37,5.0119,1,-26
2026-08-29 21:16:00+00:00,40m,7.0401925,DB0SFA,JO42,52.5,9.0,857.0,108.7,-18,0.02,0,0.45,23,0.1995,1,-11
2026-08-29 21:16:00+00:00,40m,7.0401506,DL7AG,JO62,52.5,13.0,1099.6,101.6,-12,0.45,0,0.5,23,0.1995,1,-5
2026-08-29 21:16:00+00:00,40m,7.0401454,EA5UV,IM99,39.5,-1.0,1797.0,174.3,-14,0.07,0,0.26,23,0.1995,1,-7
2026-08-29 21:16:00+00:00,40m,7.0401085,PC7A,JO33,53.5,7.0,687.8,105.7,-2,0.54,0,0.56,33,1.9953,1,-5
2026-08-29 21:16:00+00:00,40m,7.0401827,F4HHR,JN07,47.5,1.0,943.1,161.2,-19,-0.79,0,0.47,10,0.01,1,1
2026-08-29 21:16:00+00:00,40m,7.0400852,YO6FNF,KN25,45.5,25.0,2255.1,108.1,-14,0.19,0,0.32,20,0.1,1,-4
2026-08-29 21:16:00+00:00,40m,7.0400737,PE1KWH,JO22,52.5,5.0,627.7,120.0,-7,-0.15,0,0.31,20,0.1,1,3
2026-08-29 21:16:00+00:00,40m,7.040073,PA3CWQ,JO21,51.5,5.0,699.6,127.4,-12,0.07,0,0.28,23,0.1995,1,-5
2026-08-29 21:16:00+00:00,40m,7.0400442,DL4BG,JO43,53.5,9.0,809.8,101.8,-9,0.32,0,0.5,30,1.0,1,-9
2026-08-29 21:16:00+00:00,40m,7.0401049,G4DYK,IO82,52.5,-3.0,345.2,179.5,-12,0.37,0,0.19,37,5.0119,1,-19
2026-08-29 21:16:00+00:00,40m,7.0400281,<IU0JJD>,JN61TP,41.645833,13.625,1966.6,135.1,-15,0.02,0,0.33,23,0.1995,3,-8
2026-08-29 21:18:00+00:00,80m,3.5701721,DL9ZY,JO30,50.5,7.0,877.5,126.1,3,0.24,0,0.43,37,5.0119,1,-4
2026-08-29 21:18:00+00:00,80m,3.5701294,<HG7RED>,JN97KJ,47.395833,18.875,1759.2,112.1,-17,0.37,0,0.37,23,0.1995,3,-10
2026-08-29 21:18:00+00:00,80m,3.570118,OZ8WSP,JO57,57.5,11.0,884.3,70.4,-18,0.19,0,0.32,27,0.5012,1,-15
2026-08-29 21:18:00+00:00,80m,3.5701016,DF7PE,JN48,48.5,9.0,1138.1,128.9,-28,0.19,0,0.17,23,0.1995,1,-21
2026-08-29 21:18:00+00:00,80m,3.5700601,OZ7IT,JO65,55.5,13.0,1006.8,84.0,1,0.19,0,0.48,37,5.0119,1,-6
2026-08-29 21:18:00+00:00,80m,3.5701563,GM8HHC,IO85,55.5,-3.0,11.9,167.2,-8,-0.02,0,0.41,23,0.1995,1,-1
2026-08-29 21:18:00+00:00,80m,3.5700393,<GM0PXV>,IO85IW,55.9375,-3.291667,40.2,337.2,10,-0.02,0,0.45,23,0.1995,3,17
2026-08-29 21:18:00+00:00,80m,3.5700383,GM7FIE,IO85,55.5,-3.0,11.9,167.2,0,0.02,0,0.27,23,0.1995,1,7
2026-08-29 21:18:00+00:00,80m,3.5700237,DK3SS,JN49,49.5,9.0,1057.4,124.9,8,5.02,0,0.63,33,1.9953,1,5
2026-08-29 21:18:00+00:00,80m,3.5700005,F4EKH,JN05,45.5,1.0,1158.7,164.1,-1,0.02,0,0.5,30,1.0,1,-1
2026-08-29 21:18:00+00:00,80m,3.5700538,M0JGH,IO91,51.5,-1.0,475.8,162.7,-5,1.43,0,0.33,23,0.1995,1,2
2026-08-29 21:20:00+00:00,160m,1.8380735,OZ9ACF,JO65,55.5,13.0,1006.8,84.0,-19,0.28,0,0.3,37,5.0119,1,-26
2026-08-29 21:20:00+00:00,160m,1.838113,G4HSB,IO94,54.5,-1.0,178.8,132.5,2,0.32,0,0.68,23,0.1995,1,9
2026-08-29 21:22:00+00:00,80m,3.5701595,G3JKF,JO00,50.5,1.0,628.3,152.9,0,0.15,0,0.5,33,1.9953,1,-3
2026-08-29 21:22:00+00:00,80m,3.5701538,<...>,JP54PU,64.854167,11.291667,1291.5,31.5,-11,0.41,0,0.29,20,0.1,3,-1
2026-08-29 21:22:00+00:00,80m,3.5701509,G7WCI,IO91,51.5,-1.0,475.8,162.7,-11,0.41,0,0.28,23,0.1995,1,-4
2026-08-29 21:22:00+00:00,80m,3.5701486,DD3MS,JN59,49.5,11.0,1163.6,119.8,-5,-0.02,0,0.37,20,0.1,1,5
2026-08-29 21:22:00+00:00,80m,3.5701456,<OK1BF>,JO70UB,50.0625,15.708333,1396.3,108.4,-1,-0.02,0,0.45,23,0.1995,3,6
2026-08-29 21:22:00+00:00,80m,3.5700724,SA0YRL,JO89,59.5,17.0,1265.8,61.8,-16,5.57,0,0.22,23,0.1995,1,-9
2026-08-29 21:22:00+00:00,80m,3.570101,G7WCI,IO91,51.5,-1.0,475.8,162.7,-23,0.45,0,0.17,23,0.1995,1,-16
2026-08-29 21:22:00+00:00,80m,3.5700535,DL8FBN,JO51,51.5,11.0,1031.3,110.4,-19,-0.02,0,0.28,23,0.1995,1,-12
2026-08-29 21:22:00+00:00,80m,3.5700339,2E0FDM,IO81,51.5,-3.0,456.4,179.6,-19,0.37,0,0.28,23,0.1995,1,-12
2026-08-29 21:22:00+00:00,80m,3.5701776,PE1ANW,JO31,51.5,7.0,804.0,120.4,-23,-0.32,-1,0.13,23,0.1995,1,-16
2026-08-29 21:22:00+00:00,80m,3.5701222,GX2PLX,JO02,52.5,1.0,434.3,141.0,15,-0.66,0,0.68,43,19.9526,1,2
2026-08-29 21:22:00+00:00,80m,3.5701968,M0XDC,JO01,51.5,1.0,528.5,148.0,-1,0.24,0,0.59,37,5.0119,1,-8
2026-08-29 21:24:00+00:00,20m,14.0970983,K4WIN,EL87,27.5,-83.0,6901.9,278.7,-24,0.32,0,0.29,47,50.1187,1,-41
2026-08-29 21:26:00+00:00,40m,7.0399961,PA3CWQ,JO21,51.5,5.0,699.6,127.4,-16,0.45,0,0.31,23,0.1995,1,-9
2026-08-29 21:26:00+00:00,40m,7.0401831,F4HHR,JN07,47.5,1.0,943.1,161.2,-19,-0.79,0,0.48,10,0.01,1,1
2026-08-29 21:26:00+00:00,40m,7.0401598,G3JKF,JO00,50.5,1.0,628.3,152.9,-23,0.28,0,0.12,33,1.9953,1,-26
2026-08-29 21:26:00+00:00,40m,7.0401475,SA0YRL,JO89,59.5,17.0,1265.8,61.8,-17,5.74,0,0.26,23,0.1995,1,-10
2026-08-29 21:26:00+00:00,40m,7.0401391,<OK1BF>,JO70UB,50.0625,15.708333,1396.3,108.4,-4,-0.06,0,0.7,23,0.1995,3,3
2026-08-29 21:26:00+00:00,40m,7.0401181,<IU0JJD>,JN61TP,41.645833,13.625,1966.6,135.1,-17,0.02,0,0.28,23,0.1995,3,-10
2026-08-29 21:26:00+00:00,40m,7.0401136,F6KPL,IN99,49.5,-1.0,692.6,167.7,0,4.12,0,0.63,30,1.0,1,0
2026-08-29 21:26:00+00:00,40m,7.0401085,PC7A,JO33,53.5,7.0,687.8,105.7,0,0.54,0,0.52,33,1.9953,1,-3
2026-08-29 21:26:00+00:00,40m,7.0401015,LA9RKA,JP65,65.5,13.0,1398.6,31.8,-14,1.09,0,0.19,37,5.0119,1,-21
2026-08-29 21:26:00+00:00,40m,7.0401007,OZ2JBR,JO65,55.5,13.0,1006.8,84.0,-17,0.19,0,0.18,37,5.0119,1,-24
2026-08-29 21:26:00+00:00,40m,7.0401229,DK3BI,JN49,49.5,9.0,1057.4,124.9,-19,0.19,0,0.14,23,0.1995,1,-12
2026-08-29 21:26:00+00:00,40m,7.0400858,DL4XJ,JO42,52.5,9.0,857.0,108.7,-6,0.24,0,0.56,30,1.0,1,-6
2026-08-29 21:26:00+00:00,40m,7.0400841,TF3D,HP93,63.5,-21.0,1331.5,318.5,-17,0.02,0,0.21,23,0.1995,1,-10
2026-08-29 21:26:00+00:00,40m,7.0400729,DL6NL,JO50,50.5,11.0,1093.8,115.4,-19,0.58,0,0.18,27,0.5012,1,-16
2026-08-29 21:26:00+00:00,40m,7.0400687,SM3HZA,JP80,60.5,17.0,1292.0,56.9,-17,5.74,0,0.25,23,0.1995,1,-10
2026-08-29 21:26:00+00:00,40m,7.0400441,DL4BG,JO43,53.5,9.0,809.8,101.8,-5,0.37,0,0.29,30,1.0,1,-5
2026-08-29 21:26:00+00:00,40m,7.0400351,SM6YPE,JO67,57.5,13.0,1003.0,71.3,-16,0.37,0,0.41,23,0.1995,1,-9
2026-08-29 21:26:00+00:00,40m,7.0400326,PA4JAM,JO21,51.5,5.0,699.6,127.4,-26,0.37,0,0.17,23,0.1995,1,-19
2026-08-29 21:26:00+00:00,40m,7.0400018,DB1IAT,JN48,48.5,9.0,1138.1,128.9,-16,0.79,0,0.4,30,1.0,1,-16
2026-08-29 21:26:00+00:00,40m,7.0400997,DK9ES,JO31,51.5,7.0,804.0,120.4,-8,0.24,0,0.26,23,0.1995,1,-1
2026-08-29 21:28:00+00:00,30m,10.1402533,F1JSC,JN03,43.5,1.0,1376.5,166.2,1,0.28,0,0.72,33,1.9953,1,-2
2026-08-29 21:28:00+00:00,30m,10.1401753,F4GMT,IN93,43.5,-1.0,1353.8,173.0,-11,-0.23,0,0.37,23,0.1995,1,-4
2026-08-29 21:28:00+00:00,30m,10.1401435,EA5RKP,IM99,39.5,-1.0,1797.0,174.3,-15,0.02,0,0.29,23,0.1995,1,-8
2026-08-29 21:28:00+00:00,30m,10.1401494,OK1BF,JO70,50.5,15.0,1327.6,107.8,-19,0.02,0,0.4,23,0.1995,1,-12
2026-08-29 21:34:00+00:00,30m,10.1401597,DG0JAJ,JN57,47.5,11.0,1320.1,127.2,-24,0.41,0,0.2,23,0.1995,1,-17
2026-08-29 21:34:00+00:00,30m,10.1401726,HA4GHR,JN97,47.5,19.0,1759.2,111.6,-23,-0.49,0,0.16,23,0.1995,1,-16
2026-08-29 21:34:00+00:00,30m,10.1402153,KB1MCT,FN31,41.5,-73.0,5140.6,283.0,-26,0.32,0,0.22,43,19.9526,1,-39
2026-08-29 21:36:00+00:00,40m,7.0401523,HB9YC,JN46,46.5,9.0,1312.8,135.4,-22,0.15,0,0.23,30,1.0,1,-22
2026-08-29 21:36:00+00:00,40m,7.0401835,F4HHR,JN07,47.5,1.0,943.1,161.2,-25,-0.74,0,0.32,10,0.01,1,-5
2026-08-29 21:36:00+00:00,40m,7.0401637,ON7AN,JO20,50.5,5.0,780.7,133.3,-19,-0.23,0,0.34,27,0.5012,1,-16
2026-08-29 21:36:00+00:00,40m,7.0401453,<IU0JJD>,JN61TP,41.645833,13.625,1966.6,135.1,-17,0.02,0,0.42,23,0.1995,3,-10
2026-08-29 21:36:00+00:00,40m,7.0400128,PA2PGU,JO32,52.5,7.0,739.9,113.6,-11,-0.06,0,0.53,23,0.1995,1,-4
2026-08-29 21:36:00+00:00,40m,7.0400441,DL4BG,JO43,53.5,9.0,809.8,101.8,-7,0.37,0,0.47,30,1.0,1,-7
2026-08-29 21:36:00+00:00,40m,7.0400211,EA5XQ,IM99,39.5,-1.0,1797.0,174.3,-25,3.86,0,0.15,23,0.1995,1,-18
2026-08-29 21:36:00+00:00,40m,7.040087,<PA7D>,JO23VF,53.229167,5.791667,629.0,111.2,-5,0.19,0,0.46,23,0.1995,3,2
2026-08-29 21:38:00+00:00,80m,3.570156,PI4CC,JO21,51.5,5.0,699.6,127.4,1,0.19,0,0.59,17,0.0501,1,14
2026-08-29 21:38:00+00:00,80m,3.5701486,<OK1BF>,JO70UB,50.0625,15.708333,1396.3,108.4,-7,0.07,0,0.31,23,0.1995,3,0
2026-08-29 21:38:00+00:00,80m,3.5700893,GX2PLX,JO02,52.5,1.0,434.3,141.0,12,-0.66,0,0.55,43,19.9526,1,-1
2026-08-29 21:38:00+00:00,80m,3.5700554,PC2A,JO21,51.5,5.0,699.6,127.4,7,0.15,0,0.31,17,0.0501,1,20
2026-08-29 21:38:00+00:00,80m,3.5700991,DO7LIA,JO40,50.5,9.0,982.7,120.3,7,-0.57,0,0.42,37,5.0119,1,0
2026-08-29 21:38:00+00:00,80m,3.5700514,G3LRS,IO92,52.5,-1.0,370.0,158.1,4,0.11,0,0.47,27,0.5012,1,7
2026-08-29 21:38:00+00:00,80m,3.5700399,PA5CA,JO32,52.5,7.0,739.9,113.6,-18,-0.32,0,0.26,10,0.01,1,2
2026-08-29 21:38:00+00:00,80m,3.5700196,PE1AHJ,JO32,52.5,7.0,739.9,113.6,-22,0.11,0,0.14,10,0.01,1,-2
2026-08-29 21:38:00+00:00,80m,3.5700527,G4BOO,IO91,51.5,-1.0,475.8,162.7,8,0.79,0,0.31,37,5.0119,1,1
2026-08-29 21:40:00+00:00,160m,1.838179,G4HSB,IO94,54.5,-1.0,178.8,132.5,5,0.28,0,0.7,23,0.1995,1,12
2026-08-29 21:42:00+00:00,80m,3.5701266,EA6URP,JM19,39.5,3.0,1845.5,163.5,-18,0.41,0,0.16,23,0.1995,1,-11
2026-08-29 21:42:00+00:00,80m,3.5701967,M0XDC,JO01,51.5,1.0,528.5,148.0,-5,0.19,0,0.43,37,5.0119,1,-12
2026-08-29 21:42:00+00:00,80m,3.570172,DL9ZY,JO30,50.5,7.0,877.5,126.1,9,0.24,0,0.59,37,5.0119,1,2
2026-08-29 21:42:00+00:00,80m,3.5701594,G3JKF,JO00,50.5,1.0,628.3,152.9,-1,0.11,0,0.43,33,1.9953,1,-4
2026-08-29 21:42:00+00:00,80m,3.5701531,F4WFT,IN98,48.5,-1.0,802.1,169.2,-8,0.19,0,0.33,23,0.1995,1,-1
2026-08-29 21:42:00+00:00,80m,3.5701233,SA0YRL,JO89,59.5,17.0,1265.8,61.8,-15,5.4,0,0.26,23,0.1995,1,-8
2026-08-29 21:42:00+00:00,80m,3.5700535,M0JGH,IO91,51.5,-1.0,475.8,162.7,-14,1.43,0,0.2,23,0.1995,1,-7
2026-08-29 21:42:00+00:00,80m,3.5700927,DL4XJ,JO42,52.5,9.0,857.0,108.7,-2,0.24,0,0.42,30,1.0,1,-2
2026-08-29 21:42:00+00:00,80m,3.5700696,G7UJY,IO93,53.5,-1.0,268.4,149.8,-4,1.22,0,0.57,23,0.1995,1,3
2026-08-29 21:42:00+00:00,80m,3.5700593,<EI7HZB>,IO65FB,55.0625,-7.541667,290.9,259.9,-4,0.41,0,0.47,23,0.1995,3,3
2026-08-29 21:42:00+00:00,80m,3.5700439,2E0FDM,IO81,51.5,-3.0,456.4,179.6,-16,0.41,0,0.46,23,0.1995,1,-9
2026-08-29 21:42:00+00:00,80m,3.5699966,SR8RJS,KN09,49.5,21.0,1750.2,102.7,-17,0.07,0,0.47,23,0.1995,1,-10
2026-08-29 21:42:00+00:00,80m,3.5701046,G7WCI,IO91,51.5,-1.0,475.8,162.7,-21,0.37,0,0.23,23,0.1995,1,-14
2026-08-29 21:46:00+00:00,40m,7.0401231,DK3BI,JN49,49.5,9.0,1057.4,124.9,-18,0.07,0,0.17,23,0.1995,1,-11
2026-08-29 21:46:00+00:00,40m,7.0401502,PA7D,JO23,53.5,5.0,568.5,111.0,-20,0.24,0,0.22,23,0.1995,1,-13
2026-08-29 21:46:00+00:00,40m,7.040183,F4HHR,JN07,47.5,1.0,943.1,161.2,-29,-0.74,0,0.22,10,0.01,1,-9
2026-08-29 21:46:00+00:00,40m,7.0401415,<IU0JJD>,JN61TP,41.645833,13.625,1966.6,135.1,-25,0.07,0,0.25,23,0.1995,3,-18
2026-08-29 21:46:00+00:00,40m,7.040101,LA9RKA,JP65,65.5,13.0,1398.6,31.8,-21,1.3,0,0.19,37,5.0119,1,-28
2026-08-29 21:46:00+00:00,40m,7.0400147,G4GCI,IO90,50.5,-1.0,583.7,165.7,-23,3.61,0,0.12,37,5.0119,1,-30
2026-08-29 21:46:00+00:00,40m,7.0400761,SA7AHC,JO76,56.5,15.0,1121.5,77.5,-17,0.28,0,0.14,17,0.0501,1,-4
2026-08-29 21:46:00+00:00,40m,7.0400727,DL6NL,JO50,50.5,11.0,1093.8,115.4,-18,0.66,0,0.15,27,0.5012,1,-15
2026-08-29 21:46:00+00:00,40m,7.0400011,F4EKH,JN05,45.5,1.0,1158.7,164.1,-7,-0.02,0,0.43,30,1.0,1,-7
2026-08-29 21:46:00+00:00,40m,7.0400917,SM3HZA,JP80,60.5,17.0,1292.0,56.9,-25,5.61,0,0.19,23,0.1995,1,-18
2026-08-29 21:48:00+00:00,30m,10.1401998,HA6QL,JN97,47.5,19.0,1759.2,111.6,-5,0.15,0,0.7,33,1.9953,1,-8
2026-08-29 21:48:00+00:00,30m,10.1402156,KB1MCT,FN31,41.5,-73.0,5140.6,283.0,-21,0.41,0,0.27,43,19.9526,1,-34
2026-08-29 21:48:00+00:00,30m,10.1402539,F1JSC,JN03,43.5,1.0,1376.5,166.2,-5,0.24,0,0.7,33,1.9953,1,-8
2026-08-29 21:48:00+00:00,30m,10.1402619,EA5RKP,IM99,39.5,-1.0,1797.0,174.3,-13,0.02,0,0.47,23,0.1995,1,-6
2026-08-29 21:50:00+00:00,20m,14.0970964,N8VIM,FN42,42.5,-71.0,4943.5,282.6,-22,0.02,0,0.29,37,5.0119,1,-29
2026-08-29 21:54:00+00:00,80m,3.5701719,DL9ZY,JO30,50.5,7.0,877.5,126.1,10,0.24,0,0.57,37,5.0119,1,3
2026-08-29 21:54:00+00:00,80m,3.5701565,G7UJY,IO93,53.5,-1.0,268.4,149.8,-7,1.22,0,0.46,23,0.1995,1,0
2026-08-29 21:54:00+00:00,80m,3.5701423,2E0CWP,IO94,54.5,-1.0,178.8,132.5,-12,-0.02,0,0.36,23,0.1995,1,-5
2026-08-29 21:54:00+00:00,80m,3.570099,DO7LIA,JO40,50.5,9.0,982.7,120.3,4,-0.57,0,0.51,37,5.0119,1,-3
2026-08-29 21:54:00+00:00,80m,3.5700575,EA6URP,JM19,39.5,3.0,1845.5,163.5,-20,0.37,0,0.12,23,0.1995,1,-13
2026-08-29 21:54:00+00:00,80m,3.570003,G4HSB,IO94,54.5,-1.0,178.8,132.5,19,0.07,0,0.53,23,0.1995,1,26
2026-08-29 21:54:00+00:00,80m,3.57,2E0CIT,JO01,51.5,1.0,528.5,148.0,18,0.11,0,0.4,27,0.5012,1,21
2026-08-29 21:54:00+00:00,80m,3.5700677,GX2PLX,JO02,52.5,1.0,434.3,141.0,13,-0.66,0,0.63,43,19.9526,1,0
2026-08-29 21:56:00+00:00,80m,3.5701219,G8LIK,IO93,53.5,-1.0,268.4,149.8,-18,0.24,0,0.3,23,0.1995,1,-11
2026-08-29 21:56:00+00:00,80m,3.5701697,PA5CA,JO32,52.5,7.0,739.9,113.6,-24,-0.4,0,0.21,10,0.01,1,-4
2026-08-29 21:56:00+00:00,80m,3.5701686,M0OLS,IO81,51.5,-3.0,456.4,179.6,-17,0.24,0,0.21,23,0.1995,1,-10
2026-08-29 21:56:00+00:00,80m,3.5701597,PE1AHJ,JO32,52.5,7.0,739.9,113.6,-22,0.11,0,0.15,10,0.01,1,-2
2026-08-29 21:56:00+00:00,80m,3.5701964,HG7RED,JN97,47.5,19.0,1759.2,111.6,-20,0.45,0,0.3,23,0.1995,1,-13
2026-08-29 21:56:00+00:00,80m,3.5701097,DO5CTW,JO62,52.5,13.0,1099.6,101.6,-28,-0.74,0,0.17,23,0.1995,1,-21
2026-08-29 21:56:00+00:00,80m,3.5701559,PI4CC,JO21,51.5,5.0,699.6,127.4,-3,0.19,0,0.51,17,0.0501,1,10
2026-08-29 21:56:00+00:00,80m,3.5700986,SA5JBN,JO89,59.5,17.0,1265.8,61.8,-17,0.37,0,0.26,20,0.1,1,-7
2026-08-29 21:56:00+00:00,80m,3.5700007,F4EKH,JN05,45.5,1.0,1158.7,164.1,-4,-0.06,0,0.5,30,1.0,1,-4
2026-08-29 21:56:00+00:00,80m,3.5700195,R2BIY,KO85,55.5,37.0,2483.3,73.5,-14,0.66,0,0.45,37,5.0119,1,-21
2026-08-29 21:56:00+00:00,80m,3.5701006,HA7AA,JN97,47.5,19.0,1759.2,111.6,-24,0.28,0,0.14,23,0.1995,1,-17
2026-08-29 21:56:00+00:00,80m,3.5700553,PC2A,JO21,51.5,5.0,699.6,127.4,1,0.24,0,0.28,17,0.0501,1,14
2026-08-29 21:56:00+00:00,80m,3.5700904,DO7RMO,JN68,48.5,13.0,1346.6,119.2,-9,0.24,0,0.41,40,10.0,1,-19
2026-08-29 21:56:00+00:00,80m,3.5700519,G4BOO,IO91,51.5,-1.0,475.8,162.7,1,0.83,0,0.3,37,5.0119,1,-6
2026-08-29 21:58:00+00:00,30m,10.1401122,HA4GHR,JN97,47.5,19.0,1759.2,111.6,-14,-0.45,0,0.2,23,0.1995,1,-7
2026-08-29 21:58:00+00:00,30m,10.1401405,GX2PLX,JO02,52.5,1.0,434.3,141.0,-20,-0.62,0,0.19,43,19.9526,1,-33
2026-08-29 22:00:00+00:00,160m,1.8381379,G4HSB,IO94,54.5,-1.0,178.8,132.5,9,0.28,0,0.83,23,0.1995,1,16
2026-08-29 22:02:00+00:00,80m,3.5701674,UA1ZFG,KO46,56.5,29.0,1974.0,73.8,-19,0.02,-4,0.16,30,1.0,1,-19
2026-08-29 22:02:00+00:00,80m,3.570159,G3JKF,JO00,50.5,1.0,628.3,152.9,0,0.11,0,0.52,33,1.9953,1,-3
2026-08-29 22:02:00+00:00,80m,3.570156,PI4CC,JO21,51.5,5.0,699.6,127.4,-3,0.15,0,0.49,17,0.0501,1,10
2026-08-29 22:02:00+00:00,80m,3.5701095,DL8FBN,JO51,51.5,11.0,1031.3,110.4,-25,0.02,0,0.12,23,0.1995,1,-18
2026-08-29 22:02:00+00:00,80m,3.5700997,OZ4JJ,JO56,56.5,11.0,876.0,77.7,-16,0.28,0,0.15,13,0.02,1,1
2026-08-29 22:02:00+00:00,80m,3.5701045,LA4PGA,JP50,60.5,11.0,986.3,50.8,-14,0.02,0,0.29,23,0.1995,1,-7
2026-08-29 22:02:00+00:00,80m,3.5700894,PA5CA,JO32,52.5,7.0,739.9,113.6,-16,-0.02,0,0.25,10,0.01,1,4
2026-08-29 22:02:00+00:00,80m,3.5700646,2E0FDM,IO81,51.5,-3.0,456.4,179.6,-9,0.41,0,0.27,23,0.1995,1,-2
2026-08-29 22:02:00+00:00,80m,3.5700584,SA0YRL,JO89,59.5,17.0,1265.8,61.8,-10,5.49,0,0.24,23,0.1995,1,-3
2026-08-29 22:02:00+00:00,80m,3.5700553,PC2A,JO21,51.5,5.0,699.6,127.4,-1,0.19,0,0.34,17,0.0501,1,12
2026-08-29 22:02:00+00:00,80m,3.5700524,G4BOO,IO91,51.5,-1.0,475.8,162.7,4,0.83,0,0.32,37,5.0119,1,-3
2026-08-29 22:02:00+00:00,80m,3.5700907,LX1MGG,JN39,49.5,7.0,958.2,130.9,-23,1.99,0,0.14,23,0.1995,1,-16
2026-08-29 22:04:00+00:00,40m,7.0400004,<F4EKH>,JN05LU,45.854167,0.958333,1119.6,163.9,-3,-0.1,0,0.61,30,1.0,3,-3
2026-08-29 22:04:00+00:00,40m,7.0400582,IU0JJD,JN61,41.5,13.0,1953.0,136.7,-19,-0.02,0,0.18,23,0.1995,1,-12
2026-08-29 22:04:00+00:00,40m,7.0400731,DL8FBN,JO51,51.5,11.0,1031.3,110.4,-21,0.02,0,0.35,23,0.1995,1,-14
2026-08-29 22:04:00+00:00,40m,7.0400853,YO6FNF,KN25,45.5,25.0,2255.1,108.1,-14,-0.19,0,0.3,20,0.1,1,-4
2026-08-29 22:04:00+00:00,40m,7.0401974,EA5UV,IM99,39.5,-1.0,1797.0,174.3,-21,-0.02,0,0.34,23,0.1995,1,-14
2026-08-29 22:06:00+00:00,40m,7.0401829,F4HHR,JN07,47.5,1.0,943.1,161.2,-20,-0.7,0,0.32,10,0.01,1,0
2026-08-29 22:06:00+00:00,40m,7.0401745,G4HSB,IO94,54.5,-1.0,178.8,132.5,-22,0.07,0,0.14,23,0.1995,1,-15
2026-08-29 22:06:00+00:00,40m,7.0401228,DK3BI,JN49,49.5,9.0,1057.4,124.9,-26,0.11,0,0.14,23,0.1995,1,-19
2026-08-29 22:06:00+00:00,40m,7.0400915,OE7XZB,JN57,47.5,11.0,1320.1,127.2,-27,0.07,0,0.15,23,0.1995,1,-20
2026-08-29 22:06:00+00:00,40m,7.040086,HB9T,JN36,46.5,7.0,1229.2,141.2,-22,0.45,0,0.27,23,0.1995,1,-15
2026-08-29 22:06:00+00:00,40m,7.0400727,DL6NL,JO50,50.5,11.0,1093.8,115.4,-23,0.66,0,0.24,27,0.5012,1,-20
2026-08-29 22:06:00+00:00,40m,7.0400507,K1IRK,FN54,44.5,-69.0,4676.2,283.5,-27,0.49,-1,0.14,30,1.0,1,-27
2026-08-29 22:06:00+00:00,40m,7.040015,WA1RAJ,FN42,42.5,-71.0,4943.5,282.6,-27,0.24,-1,0.17,37,5.0119,1,-34
2026-08-29 22:06:00+00:00,40m,7.0400024,DB1IAT,JN48,48.5,9.0,1138.1,128.9,-28,0.83,0,0.2,30,1.0,1,-28
2026-08-29 22:06:00+00:00,40m,7.0400581,<IU0JJD>,JN61TP,41.645833,13.625,1966.6,135.1,-22,0.11,0,0.27,23,0.1995,3,-15
2026-08-29 22:08:00+00:00,30m,10.1401226,4Z4TJ,KM71,31.5,35.0,3987.1,116.2,-23,0.15,0,0.26,27,0.5012,1,-20
2026-08-29 22:08:00+00:00,30m,10.1401489,EA5RKP,IM99,39.5,-1.0,1797.0,174.3,-11,-0.02,0,0.63,23,0.1995,1,-4
2026-08-29 22:08:00+00:00,30m,10.1402575,W1/AJ8S,,,,,,-26,0.66,0,0.18,33,1.9953,2,-29
2026-08-29 22:08:00+00:00,30m,10.1402631,W1EZ,FN42,42.5,-71.0,4943.5,282.6,-24,0.45,0,0.25,40,10.0,1,-34
2026-08-29 22:14:00+00:00,30m,10.1401127,GX2PLX,JO02,52.5,1.0,434.3,141.0,-21,-0.66,0,0.24,43,19.9526,1,-34
2026-08-29 22:16:00+00:00,40m,7.040102,SP8KM,KO00,50.5,21.0,1693.9,99.5,-8,6.13,0,0.63,30,1.0,1,-8
2026-08-29 22:18:00+00:00,80m,3.5701531,LB9YE,JP54,64.5,11.0,1253.6,32.3,-12,0.54,0,0.3,20,0.1,1,-2
2026-08-29 22:18:00+00:00,80m,3.5701162,OZ8WSP,JO57,57.5,11.0,884.3,70.4,-17,0.15,0,0.28,27,0.5012,1,-14
2026-08-29 22:18:00+00:00,80m,3.5700846,SM7PNS,JO66,56.5,13.0,998.8,77.7,-22,0.41,0,0.2,23,0.1995,1,-15
2026-08-29 22:18:00+00:00,80m,3.5701016,DF7PE,JN48,48.5,9.0,1138.1,128.9,-14,0.11,0,0.16,23,0.1995,1,-7
2026-08-29 22:18:00+00:00,80m,3.5701059,EA6URP,JM19,39.5,3.0,1845.5,163.5,-13,0.37,0,0.31,23,0.1995,1,-6
2026-08-29 22:22:00+00:00,80m,3.5701589,G3JKF,JO00,50.5,1.0,628.3,152.9,4,0.02,0,0.42,33,1.9953,1,1
2026-08-29 22:22:00+00:00,80m,3.5701988,DD3MS,JN59,49.5,11.0,1163.6,119.8,-8,-0.02,0,0.45,20,0.1,1,2
2026-08-29 22:22:00+00:00,80m,3.5701937,2E0FDM,IO81,51.5,-3.0,456.4,179.6,-10,0.45,0,0.26,23,0.1995,1,-3
2026-08-29 22:22:00+00:00,80m,3.5701774,G7WCI,IO91,51.5,-1.0,475.8,162.7,-11,0.41,0,0.26,23,0.1995,1,-4
2026-08-29 22:22:00+00:00,80m,3.5701715,DL9ZY,JO30,50.5,7.0,877.5,126.1,8,0.24,0,0.44,37,5.0119,1,1
2026-08-29 22:22:00+00:00,80m,3.5701333,SA7CND,JO76,56.5,15.0,1121.5,77.5,-9,0.07,0,0.31,20,0.1,1,1
2026-08-29 22:22:00+00:00,80m,3.5700143,SA0YRL,JO89,59.5,17.0,1265.8,61.8,-19,5.14,0,0.18,23,0.1995,1,-12
2026-08-29 22:22:00+00:00,80m,3.5701142,GM7FIE,IO85,55.5,-3.0,11.9,167.2,0,0.07,0,0.55,23,0.1995,1,7
2026-08-29 22:22:00+00:00,80m,3.5700921,DL4XJ,JO42,52.5,9.0,857.0,108.7,0,0.19,0,0.27,30,1.0,1,0
2026-08-29 22:22:00+00:00,80m,3.5700804,OE7XZB,JN57,47.5,11.0,1320.1,127.2,-18,0.02,0,0.24,23,0.1995,1,-11
2026-08-29 22:22:00+00:00,80m,3.5700534,M0JGH,IO91,51.5,-1.0,475.8,162.7,-7,1.47,0,0.29,23,0.1995,1,0
2026-08-29 22:22:00+00:00,80m,3.5700236,DK3SS,JN49,49.5,9.0,1057.4,124.9,4,4.89,0,0.61,33,1.9953,1,1
2026-08-29 22:22:00+00:00,80m,3.5701274,G7WCI,IO91,51.5,-1.0,475.8,162.7,-26,0.37,0,0.17,23,0.1995,1,-19
2026-08-29 22:26:00+00:00,40m,7.0401544,F1JSC,JN03,43.5,1.0,1376.5,166.2,-16,0.19,0,0.46,33,1.9953,1,-19
2026-08-29 22:26:00+00:00,40m,7.0401321,<G4LEN>,IO81UT,51.8125,-2.291667,424.5,173.0,-19,0.19,0,0.17,37,5.0119,3,-26
2026-08-29 22:26:00+00:00,40m,7.0401035,DG2NPE,JN59,49.5,11.0,1163.6,119.8,-20,0.11,0,0.24,0,0.001,1,10
2026-08-29 22:26:00+00:00,40m,7.0400519,K1IRK,FN54,44.5,-69.0,4676.2,283.5,-23,0.45,-1,0.16,30,1.0,1,-23
2026-08-29 22:26:00+00:00,40m,7.0400592,<IU0JJD>,JN61TP,41.645833,13.625,1966.6,135.1,-21,-0.02,0,0.27,23,0.1995,3,-14
2026-08-29 22:26:00+00:00,40m,7.0401018,SP8KM,KO00,50.5,21.0,1693.9,99.5,-7,6.17,0,0.53,30,1.0,1,-7
2026-08-29 22:26:00+00:00,40m,7.0400209,CT1BAT,IN50,40.5,-9.0,1735.3,197.1,-25,0.37,0,0.19,0,0.001,1,5
2026-08-29 22:28:00+00:00,30m,10.1402188,EA5RKP,IM99,39.5,-1.0,1797.0,174.3,-8,-0.02,0,0.65,23,0.1995,1,-1
2026-08-29 22:28:00+00:00,30m,10.1402383,<CT1ETL/1>,IM58OB,38.0625,-8.791667,1997.3,194.8,-13,0.24,0,0.43,37,5.0119,3,-20
2026-08-29 22:32:00+00:00,160m,1.8381284,PA2W,JO22,52.5,5.0,627.7,120.0,-23,0.54,0,0.21,37,5.0119,1,-30
2026-08-29 22:34:00+00:00,40m,7.0401772,EA6URP,JM19,39.5,3.0,1845.5,163.5,-14,0.37,0,0.53,23,0.1995,1,-7
2026-08-29 22:34:00+00:00,40m,7.0400605,EA5RKP,IM99,39.5,-1.0,1797.0,174.3,-17,0.02,0,0.25,23,0.1995,1,-10
2026-08-29 22:34:00+00:00,40m,7.040119,IU0JJD,JN61,41.5,13.0,1953.0,136.7,-14,-0.02,0,0.49,23,0.1995,1,-7
2026-08-29 22:34:00+00:00,40m,7.0401365,F6EGX,JN35,45.5,7.0,1325.8,143.7,0,0.19,0,0.66,37,5.0119,1,-7
2026-08-29 22:34:00+00:00,40m,7.0401687,<EA6ANX>,JM19GM,39.520833,2.541667,1835.3,164.7,-22,0.11,0,0.16,23,0.1995,3,-15
2026-08-29 22:36:00+00:00,30m,10.1402151,KB1MCT,FN31,41.5,-73.0,5140.6,283.0,-21,-0.4,0,0.22,43,19.9526,1,-34
2026-08-29 22:36:00+00:00,30m,10.1402965,VK6XT,OF88,-31.5,117.0,14704.8,85.6,-34,-0.36,0,0.12,37,5.0119,1,-41
2026-08-29 22:36:00+00:00,30m,10.140146,EA5RKP,IM99,39.5,-1.0,1797.0,174.3,-7,-0.62,0,0.64,23,0.1995,1,0
2026-08-29 22:36:00+00:00,30m,10.1401827,EA6ANX,JM19,39.5,3.0,1845.5,163.5,-18,-0.45,0,0.39,23,0.1995,1,-11
2026-08-29 22:38:00+00:00,80m,3.5701634,GM7FIE,IO85,55.5,-3.0,11.9,167.2,1,0.02,0,0.54,23,0.1995,1,8
2026-08-29 22:38:00+00:00,80m,3.5701449,<EI4GXB>,IO52QQ,52.6875,-8.625,487.0,230.6,-20,-0.15,0,0.2,23,0.1995,3,-13
2026-08-29 22:38:00+00:00,80m,3.5701555,PI4CC,JO21,51.5,5.0,699.6,127.4,-4,0.19,0,0.45,17,0.0501,1,9
2026-08-29 22:38:00+00:00,80m,3.5701341,<HG7RED>,JN97KJ,47.395833,18.875,1759.2,112.1,-15,0.41,0,0.35,23,0.1995,3,-8
2026-08-29 22:38:00+00:00,80m,3.5700017,UA1ZFG,KO46,56.5,29.0,1974.0,73.8,-21,-0.1,-4,0.13,30,1.0,1,-21
2026-08-29 22:38:00+00:00,80m,3.5700508,G3LRS,IO92,52.5,-1.0,370.0,158.1,5,0.07,0,0.37,27,0.5012,1,8
2026-08-29 22:38:00+00:00,80m,3.5700392,PE1AHJ,JO32,52.5,7.0,739.9,113.6,-21,0.02,0,0.18,10,0.01,1,-1
2026-08-29 22:38:00+00:00,80m,3.5700279,G7UJY,IO93,53.5,-1.0,268.4,149.8,-3,1.18,1,0.46,23,0.1995,1,4
2026-08-29 22:38:00+00:00,80m,3.5700547,PC2A,JO21,51.5,5.0,699.6,127.4,4,0.11,0,0.25,17,0.0501,1,17
2026-08-29 22:40:00+00:00,160m,1.838052,G3LRS,IO92,52.5,-1.0,370.0,158.1,-27,0.07,0,0.19,23,0.1995,1,-20
2026-08-29 22:40:00+00:00,160m,1.8380796,OZ2JBR,JO65,55.5,13.0,1006.8,84.0,-28,0.28,0,0.17,37,5.0119,1,-35
2026-08-29 22:46:00+00:00,40m,7.040098,<...>,EM94QW,34.9375,-80.625,6127.0,282.5,-21,0.24,0,0.19,37,5.0119,3,-28
2026-08-29 22:46:00+00:00,40m,7.0401552,EA6URP,JM19,39.5,3.0,1845.5,163.5,-13,0.37,0,0.41,23,0.1995,1,-6
2026-08-29 22:46:00+00:00,40m,7.0401145,<OK1BF>,JO70UB,50.0625,15.708333,1396.3,108.4,-8,-0.02,0,0.65,23,0.1995,3,-1
2026-08-29 22:46:00+00:00,40m,7.0401581,W1/AJ8S,,,,,,-14,0.45,0,0.38,33,1.9953,2,-17
2026-08-29 22:46:00+00:00,40m,7.0400523,K1IRK,FN54,44.5,-69.0,4676.2,283.5,-24,0.45,-1,0.24,30,1.0,1,-24
2026-08-29 22:46:00+00:00,40m,7.0400147,WA1RAJ,FN42,42.5,-71.0,4943.5,282.6,-22,0.45,-1,0.26,37,5.0119,1,-29
2026-08-29 22:46:00+00:00,40m,7.0400052,<IU0JJD>,JN61TP,41.645833,13.625,1966.6,135.1,-23,-0.06,0,0.23,23,0.1995,3,-16
2026-08-29 22:46:00+00:00,40m,7.0400388,KK1D,FN31,41.5,-73.0,5140.6,283.0,-21,0.19,0,0.27,30,1.0,1,-21
2026-08-29 22:48:00+00:00,30m,10.1402152,KB1MCT,FN31,41.5,-73.0,5140.6,283.0,-26,0.28,0,0.21,43,19.9526,1,-39
2026-08-29 22:52:00+00:00,80m,3.5701536,G4HSB,IO94,54.5,-1.0,178.8,132.5,14,-0.02,0,0.57,23,0.1995,1,21
2026-08-29 22:52:00+00:00,80m,3.5701243,<DL1FX>,JN49GR,49.729167,8.541667,1016.0,125.2,-11,0.07,0,0.34,23,0.1995,3,-4
2026-08-29 22:52:00+00:00,80m,3.5701004,HA7AA,JN97,47.5,19.0,1759.2,111.6,-27,0.24,0,0.17,23,0.1995,1,-20
2026-08-29 22:52:00+00:00,80m,3.5701057,HB9BAX,JN36,46.5,7.0,1229.2,141.2,-14,0.19,0,0.39,23,0.1995,1,-7
2026-08-29 22:52:00+00:00,80m,3.5700597,OZ7IT,JO65,55.5,13.0,1006.8,84.0,-5,0.15,0,0.54,37,5.0119,1,-12
2026-08-29 22:52:00+00:00,80m,3.5700233,DK3SS,JN49,49.5,9.0,1057.4,124.9,4,4.93,0,0.57,33,1.9953,1,1
2026-08-29 22:52:00+00:00,80m,3.5700006,<F4EKH>,JN05LU,45.854167,0.958333,1119.6,163.9,-6,-0.27,0,0.52,30,1.0,3,-6
2026-08-29 22:52:00+00:00,80m,3.5700893,DO7RMO,JN68,48.5,13.0,1346.6,119.2,-13,0.19,0,0.35,40,10.0,1,-23
2026-08-29 22:56:00+00:00,40m,7.040029,<IU0JJD>,JN61TP,41.645833,13.625,1966.6,135.1,-16,-0.02,0,0.48,23,0.1995,3,-9
2026-08-29 23:00:00+00:00,160m,1.8380728,OZ9ACF,JO65,55.5,13.0,1006.8,84.0,-16,0.24,0,0.22,37,5.0119,1,-23
2026-08-29 23:02:00+00:00,80m,3.5701208,2E0FDM,IO81,51.5,-3.0,456.4,179.6,-15,0.41,0,0.41,23,0.1995,1,-8
2026-08-29 23:02:00+00:00,80m,3.5701559,PI4CC,JO21,51.5,5.0,699.6,127.4,-5,0.15,0,0.61,17,0.0501,1,8
2026-08-29 23:02:00+00:00,80m,3.5701397,PA5CA,JO32,52.5,7.0,739.9,113.6,-18,0.02,0,0.34,10,0.01,1,2
2026-08-29 23:02:00+00:00,80m,3.5701213,G7WCI,IO91,51.5,-1.0,475.8,162.7,-22,0.41,0,0.22,23,0.1995,1,-15
2026-08-29 23:02:00+00:00,80m,3.5701093,PE1AHJ,JO32,52.5,7.0,739.9,113.6,-24,-0.06,0,0.15,10,0.01,1,-4
2026-08-29 23:02:00+00:00,80m,3.5700003,<F4EKH>,JN05LU,45.854167,0.958333,1119.6,163.9,-6,-0.27,0,0.23,30,1.0,3,-6
2026-08-29 23:02:00+00:00,80m,3.5700552,PC2A,JO21,51.5,5.0,699.6,127.4,-2,0.15,0,0.52,17,0.0501,1,11
2026-08-29 23:02:00+00:00,80m,3.5700453,SA0YRL,JO89,59.5,17.0,1265.8,61.8,-15,5.06,0,0.25,23,0.1995,1,-8
2026-08-29 23:02:00+00:00,80m,3.5700234,DK3SS,JN49,49.5,9.0,1057.4,124.9,3,4.97,0,0.44,33,1.9953,1,0
2026-08-29 23:02:00+00:00,80m,3.5700095,G4HSB,IO94,54.5,-1.0,178.8,132.5,13,-0.02,0,0.51,23,0.1995,1,20
2026-08-29 23:02:00+00:00,80m,3.5701,OZ2JBR,JO65,55.5,13.0,1006.8,84.0,-9,0.19,0,0.39,37,5.0119,1,-16
2026-08-29 23:06:00+00:00,40m,7.0401019,SP8KM,KO00,50.5,21.0,1693.9,99.5,-8,6.08,0,0.65,30,1.0,1,-8
2026-08-29 23:06:00+00:00,40m,7.0401583,W1/AJ8S,,,,,,-16,0.62,0,0.3,33,1.9953,2,-19
2026-08-29 23:06:00+00:00,40m,7.040166,<IU0JJD>,JN61TP,41.645833,13.625,1966.6,135.1,-17,-0.1,0,0.39,23,0.1995,3,-10
2026-08-29 23:06:00+00:00,40m,7.0400778,EK1RR,LN20,40.5,45.0,3847.8,95.3,-20,0.75,0,0.27,30,1.0,1,-20
2026-08-29 23:06:00+00:00,40m,7.0401543,F1JSC,JN03,43.5,1.0,1376.5,166.2,-14,0.15,0,0.39,33,1.9953,1,-17
2026-08-29 23:06:00+00:00,40m,7.0400622,SR9KRT,KN09,49.5,21.0,1750.2,102.7,-19,0.02,0,0.38,3,0.002,1,8
2026-08-29 23:06:00+00:00,40m,7.0400325,VE9IT,FN66,46.5,-67.0,4415.8,284.5,-20,1.35,0,0.31,27,0.5012,1,-17
2026-08-29 23:06:00+00:00,40m,7.0400717,HB9BAX,JN36,46.5,7.0,1229.2,141.2,-15,0.11,0,0.44,23,0.1995,1,-8
2026-08-29 23:06:00+00:00,40m,7.0400512,K1IRK,FN54,44.5,-69.0,4676.2,283.5,-24,0.41,-1,0.2,30,1.0,1,-24
2026-08-29 23:08:00+00:00,30m,10.1401828,CT7AMG,IM58,38.5,-9.0,1953.0,195.6,-24,-0.02,0,0.27,23,0.1995,1,-17
2026-08-29 23:12:00+00:00,80m,3.5700038,CT1BAT,IN50,40.5,-9.0,1735.3,197.1,-20,0.28,0,0.17,0,0.001,1,10
2026-08-29 23:12:00+00:00,80m,3.5700274,G4HSB,IO94,54.5,-1.0,178.8,132.5,16,-0.06,0,0.6,23,0.1995,1,23
2026-08-29 23:12:00+00:00,80m,3.570065,OK1BF,JO70,50.5,15.0,1327.6,107.8,-3,-0.06,0,0.41,23,0.1995,1,4
2026-08-29 23:12:00+00:00,80m,3.5700904,<LX1MGG>,JN39BN,49.5625,6.125,912.2,133.6,-16,2.03,0,0.35,23,0.1995,3,-9
2026-08-29 23:12:00+00:00,80m,3.5701008,HA7AA,JN97,47.5,19.0,1759.2,111.6,-21,0.24,0,0.17,23,0.1995,1,-14
2026-08-29 23:12:00+00:00,80m,3.5701151,EI0CF,IO65,55.5,-7.0,249.2,269.0,-10,0.24,1,0.39,23,0.1995,1,-3
2026-08-29 23:12:00+00:00,80m,3.5701214,LA4PGA,JP50,60.5,11.0,986.3,50.8,-15,0.02,0,0.3,23,0.1995,1,-8
2026-08-29 23:12:00+00:00,80m,3.570143,EI7II,IO51,51.5,-9.0,602.2,223.2,-7,0.49,0,0.46,23,0.1995,1,0
2026-08-29 23:14:00+00:00,160m,1.8380804,GM4DTH,IO85,55.5,-3.0,11.9,167.2,-13,-0.02,0,0.55,23,0.1995,1,-6
2026-08-29 23:18:00+00:00,160m,1.8380774,GM4DTH,IO85,55.5,-3.0,11.9,167.2,-14,-0.02,0,0.47,23,0.1995,1,-7
2026-08-29 23:18:00+00:00,160m,1.8380528,G4HSB,IO94,54.5,-1.0,178.8,132.5,4,0.32,0,0.74,23,0.1995,1,11
2026-08-29 23:22:00+00:00,80m,3.5699986,G4HSB,IO94,54.5,-1.0,178.8,132.5,14,-0.02,0,0.43,23,0.1995,1,21
2026-08-29 23:22:00+00:00,80m,3.570003,DD3MS,JN59,49.5,11.0,1163.6,119.8,3,-0.15,0,0.36,20,0.1,1,13
2026-08-29 23:22:00+00:00,80m,3.5700235,DK3SS,JN49,49.5,9.0,1057.4,124.9,5,4.85,0,0.43,33,1.9953,1,2
2026-08-29 23:22:00+00:00,80m,3.5700533,M0JGH,IO91,51.5,-1.0,475.8,162.7,-4,1.43,0,0.57,23,0.1995,1,3
2026-08-29 23:22:00+00:00,80m,3.5700951,SA0YRL,JO89,59.5,17.0,1265.8,61.8,-17,5.02,0,0.22,23,0.1995,1,-10
2026-08-29 23:22:00+00:00,80m,3.5700987,G6UZT,IO82,52.5,-3.0,345.2,179.5,-12,0.24,0,0.4,37,5.0119,1,-19
2026-08-29 23:22:00+00:00,80m,3.5701419,GM4DTH,IO85,55.5,-3.0,11.9,167.2,-12,0.02,0,0.4,23,0.1995,1,-5
2026-08-29 23:22:00+00:00,80m,3.5701493,G7WCI,IO91,51.5,-1.0,475.8,162.7,-27,0.37,0,0.16,23,0.1995,1,-20
2026-08-29 23:22:00+00:00,80m,3.5701584,2E0FDM,IO81,51.5,-3.0,456.4,179.6,-17,0.32,0,0.45,23,0.1995,1,-10
2026-08-29 23:22:00+00:00,80m,3.5701993,G7WCI,IO91,51.5,-1.0,475.8,162.7,-19,0.41,0,0.42,23,0.1995,1,-12
2026-08-29 23:24:00+00:00,40m,7.040186,IU0JJD,JN61,41.5,13.0,1953.0,136.7,-15,-0.06,0,0.58,23,0.1995,1,-8
2026-08-29 23:24:00+00:00,40m,7.0400852,YO6FNF,KN25,45.5,25.0,2255.1,108.1,-15,-0.19,0,0.37,20,0.1,1,-5
2026-08-29 23:24:00+00:00,40m,7.040179,<EA6URP>,JM19IN,39.5625,2.708333,1833.6,164.2,-21,0.32,0,0.36,23,0.1995,3,-14
2026-08-29 23:24:00+00:00,40m,7.0400105,EA5UV,IM99,39.5,-1.0,1797.0,174.3,-16,-0.06,0,0.55,23,0.1995,1,-9
2026-08-29 23:24:00+00:00,40m,7.0400393,DK2DB,JN48,48.5,9.0,1138.1,128.9,-21,0.15,0,0.11,37,5.0119,1,-28
2026-08-29 23:26:00+00:00,40m,7.0400518,K1IRK,FN54,44.5,-69.0,4676.2,283.5,-24,0.45,-1,0.18,30,1.0,1,-24
2026-08-29 23:26:00+00:00,40m,7.0400711,K3FZ,FN30,40.5,-73.0,5216.5,282.0,-23,0.45,0,0.14,40,10.0,1,-33
2026-08-29 23:26:00+00:00,40m,7.0401018,SP8KM,KO00,50.5,21.0,1693.9,99.5,-3,6.13,0,0.72,30,1.0,1,-3
2026-08-29 23:26:00+00:00,40m,7.040186,<IU0JJD>,JN61TP,41.645833,13.625,1966.6,135.1,-17,-0.1,0,0.46,23,0.1995,3,-10
2026-08-29 23:34:00+00:00,80m,3.5700897,DO7RMO,JN68,48.5,13.0,1346.6,119.2,-14,0.15,0,0.34,40,10.0,1,-24
2026-08-29 23:34:00+00:00,80m,3.5700177,G4GCI,IO90,50.5,-1.0,583.7,165.7,-1,0.58,0,0.48,37,5.0119,1,-8
2026-08-29 23:34:00+00:00,80m,3.5700233,DK3SS,JN49,49.5,9.0,1057.4,124.9,1,4.93,0,0.44,33,1.9953,1,-2
2026-08-29 23:34:00+00:00,80m,3.5700397,SA7CND,JO76,56.5,15.0,1121.5,77.5,-15,0.02,0,0.46,20,0.1,1,-5
2026-08-29 23:34:00+00:00,80m,3.5701022,G7UJY,IO93,53.5,-1.0,268.4,149.8,-12,1.13,0,0.43,23,0.1995,1,-5
2026-08-29 23:34:00+00:00,80m,3.5701713,DL9ZY,JO30,50.5,7.0,877.5,126.1,5,0.15,0,0.43,37,5.0119,1,-2
2026-08-29 23:34:00+00:00,80m,3.5701798,OE7XZB,JN57,47.5,11.0,1320.1,127.2,-18,0.02,0,0.21,23,0.1995,1,-11
2026-08-29 23:36:00+00:00,160m,1.8380233,EI0CF,IO65,55.5,-7.0,249.2,269.0,-13,0.19,0,0.32,23,0.1995,1,-6
2026-08-29 23:40:00+00:00,160m,1.8380519,G3LRS,IO92,52.5,-1.0,370.0,158.1,-27,-0.06,0,0.15,23,0.1995,1,-20
2026-08-29 23:42:00+00:00,80m,3.570152,F4WFT,IN98,48.5,-1.0,802.1,169.2,-2,0.15,0,0.64,23,0.1995,1,5
2026-08-29 23:42:00+00:00,80m,3.5701304,EA6URP,JM19,39.5,3.0,1845.5,163.5,-17,0.24,0,0.26,23,0.1995,1,-10
2026-08-29 23:42:00+00:00,80m,3.5701292,GM7FIE,IO85,55.5,-3.0,11.9,167.2,-9,0.02,0,0.36,23,0.1995,1,-2
2026-08-29 23:42:00+00:00,80m,3.5701221,SA0YRL,JO89,59.5,17.0,1265.8,61.8,-21,4.72,0,0.22,23,0.1995,1,-14
2026-08-29 23:42:00+00:00,80m,3.5701133,GD3MAN,IO74,54.5,-5.0,175.0,226.3,-26,0.02,0,0.14,23,0.1995,1,-19
2026-08-29 23:42:00+00:00,80m,3.5701653,DL8FBN,JO51,51.5,11.0,1031.3,110.4,-24,0.02,0,0.23,23,0.1995,1,-17
2026-08-29 23:42:00+00:00,80m,3.5700923,DL4XJ,JO42,52.5,9.0,857.0,108.7,-3,0.15,0,0.45,30,1.0,1,-3
2026-08-29 23:42:00+00:00,80m,3.5700765,DL4LL,JO54,54.5,11.0,901.2,92.0,-23,1.39,0,0.13,30,1.0,1,-23
2026-08-29 23:42:00+00:00,80m,3.5700597,OZ7IT,JO65,55.5,13.0,1006.8,84.0,-1,0.11,0,0.61,37,5.0119,1,-8
2026-08-29 23:42:00+00:00,80m,3.5700334,2E0FDM,IO81,51.5,-3.0,456.4,179.6,-5,0.45,0,0.13,23,0.1995,1,2
2026-08-29 23:42:00+00:00,80m,3.5700297,G4HSB,IO94,54.5,-1.0,178.8,132.5,12,0.02,0,0.46,23,0.1995,1,19
2026-08-29 23:42:00+00:00,80m,3.5700984,G6UZT,IO82,52.5,-3.0,345.2,179.5,-9,0.19,0,0.42,37,5.0119,1,-16
2026-08-29 23:44:00+00:00,40m,7.0401039,IU0JJD,JN61,41.5,13.0,1953.0,136.7,-13,-0.02,0,0.53,23,0.1995,1,-6
2026-08-29 23:44:00+00:00,40m,7.0400963,EA6ANX,JM19,39.5,3.0,1845.5,163.5,-18,0.07,0,0.35,23,0.1995,1,-11
2026-08-29 23:44:00+00:00,40m,7.0400741,EA5XQ,IM99,39.5,-1.0,1797.0,174.3,-23,3.69,0,0.21,23,0.1995,1,-16
2026-08-29 23:46:00+00:00,40m,7.0401897,CT1BAT,IN50,40.5,-9.0,1735.3,197.1,-29,0.28,0,0.17,0,0.001,1,1
2026-08-29 23:46:00+00:00,40m,7.0401682,EA5RKP,IM99,39.5,-1.0,1797.0,174.3,-20,0.02,0,0.36,23,0.1995,1,-13
2026-08-29 23:46:00+00:00,40m,7.0401541,EA6URP,JM19,39.5,3.0,1845.5,163.5,-16,0.28,0,0.52,23,0.1995,1,-9
2026-08-29 23:46:00+00:00,40m,7.0400386,KK1D,FN31,41.5,-73.0,5140.6,283.0,-19,0.28,0,0.37,30,1.0,1,-19
2026-08-29 23:46:00+00:00,40m,7.0401018,SP8KM,KO00,50.5,21.0,1693.9,99.5,-3,6.13,0,0.53,30,1.0,1,-3
2026-08-29 23:46:00+00:00,40m,7.0400966,<EA6ANX>,JM19GM,39.520833,2.541667,1835.3,164.7,-14,0.07,0,0.15,23,0.1995,3,-7
2026-08-29 23:46:00+00:00,40m,7.040104,<IU0JJD>,JN61TP,41.645833,13.625,1966.6,135.1,-11,-0.06,0,0.52,23,0.1995,3,-4
2026-08-29 23:54:00+00:00,40m,7.040178,G4HSB,IO94,54.5,-1.0,178.8,132.5,-25,-0.02,0,0.14,23,0.1995,1,-18
2026-08-29 23:54:00+00:00,40m,7.040163,SR9KRT,KN09,49.5,21.0,1750.2,102.7,-23,-0.02,0,0.28,3,0.002,1,4
2026-08-29 23:54:00+00:00,40m,7.0401017,SP8KM,KO00,50.5,21.0,1693.9,99.5,-10,6.13,0,0.65,30,1.0,1,-10
2026-08-29 23:54:00+00:00,40m,7.040078,EK1RR,LN20,40.5,45.0,3847.8,95.3,-22,0.66,0,0.27,30,1.0,1,-22
2026-08-29 23:54:00+00:00,40m,7.04012,IU0JJD,JN61,41.5,13.0,1953.0,136.7,-22,-0.06,0,0.27,23,0.1995,1,-15
2026-08-29 23:54:00+00:00,40m,7.0400204,<...>,JN53FU,43.854167,10.458333,1621.4,138.0,-27,0.02,0,0.16,23,0.1995,3,-20
2026-08-29 23:54:00+00:00,40m,7.0400146,TI4JWC,EK70,10.5,-85.0,8541.6,269.4,-26,0.79,0,0.15,30,1.0,1,-26
2026-08-29 23:54:00+00:00,40m,7.0400001,EA5RKP,IM99,39.5,-1.0,1797.0,174.3,-18,-0.06,0,0.49,23,0.1995,1,-11
2026-08-29 23:54:00+00:00,40m,7.0400254,I0LYO,JN52,42.5,11.0,1773.3,139.4,-25,0.15,0,0.16,23,0.1995,1,-18
2026-08-29 23:58:00+00:00,160m,1.8381053,GM4DTH,IO85,55.5,-3.0,11.9,167.2,-10,0.02,0,0.52,23,0.1995,1,-3
2026-08-29 23:58:00+00:00,160m,1.8381799,G4HSB,IO94,54.5,-1.0,178.8,132.5,8,0.41,0,0.66,23,0.1995,1,15
2026-08-30 00:02:00+00:00,80m,3.5701036,G4HSB,IO94,54.5,-1.0,178.8,132.5,14,0.02,0,0.63,23,0.1995,1,21
2026-08-30 00:02:00+00:00,80m,3.5701556,PI4CC,JO21,51.5,5.0,699.6,127.4,-2,0.15,0,0.64,17,0.0501,1,11
2026-08-30 00:02:00+00:00,80m,3.570164,W1EZ,FN42,42.5,-71.0,4943.5,282.6,-16,0.37,0,0.15,40,10.0,1,-26
2026-08-30 00:02:00+00:00,80m,3.5701355,GX2PLX,JO02,52.5,1.0,434.3,141.0,2,-0.7,0,0.58,43,19.9526,1,-11
2026-08-30 00:02:00+00:00,80m,3.5700766,DL4LL,JO54,54.5,11.0,901.2,92.0,-21,1.05,0,0.19,30,1.0,1,-21
2026-08-30 00:02:00+00:00,80m,3.5701469,<OK1BF>,JO70UB,50.0625,15.708333,1396.3,108.4,-7,-0.02,0,0.42,23,0.1995,3,0
2026-08-30 00:02:00+00:00,80m,3.5700492,PA5CA,JO32,52.5,7.0,739.9,113.6,-14,0.11,0,0.2,10,0.01,1,6
2026-08-30 00:02:00+00:00,80m,3.570055,PC2A,JO21,51.5,5.0,699.6,127.4,-1,0.19,0,0.59,17,0.0501,1,12
2026-08-30 00:02:00+00:00,80m,3.5700005,<F4EKH>,JN05LU,45.854167,0.958333,1119.6,163.9,-2,-0.4,0,0.63,30,1.0,3,-2
2026-08-30 00:02:00+00:00,80m,3.5700282,HB9T,JN36,46.5,7.0,1229.2,141.2,-30,0.41,0,0.15,23,0.1995,1,-23
2026-08-30 00:02:00+00:00,80m,3.5700923,DL4XJ,JO42,52.5,9.0,857.0,108.7,3,0.19,0,0.59,30,1.0,1,3
2026-08-30 00:02:00+00:00,80m,3.5700385,SA0YRL,JO89,59.5,17.0,1265.8,61.8,-23,5.14,-1,0.2,23,0.1995,1,-16
2026-08-30 00:02:00+00:00,80m,3.5700324,2E0FDM,IO81,51.5,-3.0,456.4,179.6,-17,0.45,0,0.33,23,0.1995,1,-10
2026-08-30 00:06:00+00:00,40m,7.040035,<IU0JJD>,JN61TP,41.645833,13.625,1966.6,135.1,-16,-0.1,0,0.51,23,0.1995,3,-9
2026-08-30 00:06:00+00:00,40m,7.0400719,K3FZ,FN30,40.5,-73.0,5216.5,282.0,-24,0.45,0,0.16,40,10.0,1,-34
2026-08-30 00:06:00+00:00,40m,7.0400999,NI5F,EM70,30.5,-85.0,6767.7,282.4,-20,0.71,0,0.19,37,5.0119,1,-27
2026-08-30 00:06:00+00:00,40m,7.0401152,EA5RKP,IM99,39.5,-1.0,1797.0,174.3,-22,-0.06,0,0.28,23,0.1995,1,-15
2026-08-30 00:06:00+00:00,40m,7.0401325,I0LYO,JN52,42.5,11.0,1773.3,139.4,-27,0.28,0,0.15,23,0.1995,1,-20
2026-08-30 00:06:00+00:00,40m,7.0401638,W1EZ,FN42,42.5,-71.0,4943.5,282.6,-20,0.32,0,0.35,40,10.0,1,-30
2026-08-30 00:08:00+00:00,30m,10.1401239,4Z4TJ,KM71,31.5,35.0,3987.1,116.2,-29,0.19,0,0.14,27,0.5012,1,-26
2026-08-30 00:12:00+00:00,80m,3.5701395,EI0CF,IO65,55.5,-7.0,249.2,269.0,-12,0.32,0,0.18,23,0.1995,1,-5
2026-08-30 00:12:00+00:00,80m,3.5701337,G4HSB,IO94,54.5,-1.0,178.8,132.5,12,0.02,0,0.57,23,0.1995,1,19
2026-08-30 00:12:00+00:00,80m,3.570122,G8LIK,IO93,53.5,-1.0,268.4,149.8,-21,0.37,0,0.16,23,0.1995,1,-14
2026-08-30 00:12:00+00:00,80m,3.5701015,HA7AA,JN97,47.5,19.0,1759.2,111.6,-25,0.37,0,0.15,23,0.1995,1,-18
2026-08-30 00:12:00+00:00,80m,3.5700236,DK3SS,JN49,49.5,9.0,1057.4,124.9,7,4.97,0,0.67,33,1.9953,1,4
2026-08-30 00:14:00+00:00,160m,1.8380593,GM4DTH,IO85,55.5,-3.0,11.9,167.2,-12,0.02,0,0.62,23,0.1995,1,-5
2026-08-30 00:18:00+00:00,80m,3.5700156,GX2PLX,JO02,52.5,1.0,434.3,141.0,5,-0.7,0,0.63,43,19.9526,1,-8
2026-08-30 00:18:00+00:00,80m,3.5700529,<OK1BF>,JO70UB,50.0625,15.708333,1396.3,108.4,-5,-0.02,0,0.58,23,0.1995,3,2
2026-08-30 00:18:00+00:00,80m,3.5701016,DF7PE,JN48,48.5,9.0,1138.1,128.9,-18,0.15,0,0.36,23,0.1995,1,-11
2026-08-30 00:18:00+00:00,80m,3.5701167,OZ8WSP,JO57,57.5,11.0,884.3,70.4,-22,0.24,0,0.17,27,0.5012,1,-19
2026-08-30 00:18:00+00:00,80m,3.5701234,EA6URP,JM19,39.5,3.0,1845.5,163.5,-11,0.37,0,0.38,23,0.1995,1,-4
2026-08-30 00:18:00+00:00,80m,3.5701304,G7UJY,IO93,53.5,-1.0,268.4,149.8,-8,1.18,0,0.5,23,0.1995,1,-1
2026-08-30 00:20:00+00:00,160m,1.8380005,2E0CIT,JO01,51.5,1.0,528.5,148.0,-9,0.19,0,0.58,27,0.5012,1,-6
2026-08-30 00:22:00+00:00,80m,3.5701505,G4GVZ,IO81,51.5,-3.0,456.4,179.6,-18,0.37,1,0.14,33,1.9953,1,-21
2026-08-30 00:22:00+00:00,80m,3.5701344,2E0FDM,IO81,51.5,-3.0,456.4,179.6,-14,0.37,0,0.3,23,0.1995,1,-7
2026-08-30 00:22:00+00:00,80m,3.5701682,SA0YRL,JO89,59.5,17.0,1265.8,61.8,-17,5.14,0,0.13,23,0.1995,1,-10
2026-08-30 00:22:00+00:00,80m,3.5702016,DD3MS,JN59,49.5,11.0,1163.6,119.8,-9,-0.02,0,0.6,20,0.1,1,1
2026-08-30 00:22:00+00:00,80m,3.5701266,G4HSB,IO94,54.5,-1.0,178.8,132.5,12,0.07,0,0.67,23,0.1995,1,19
2026-08-30 00:22:00+00:00,80m,3.5701936,LA4PGA,JP50,60.5,11.0,986.3,50.8,-17,0.07,0,0.31,23,0.1995,1,-10
2026-08-30 00:22:00+00:00,80m,3.5701014,LA9RKA,JP65,65.5,13.0,1398.6,31.8,-17,1.35,0,0.17,37,5.0119,1,-24
2026-08-30 00:22:00+00:00,80m,3.5701589,G3JKF,JO00,50.5,1.0,628.3,152.9,7,0.15,0,0.79,33,1.9953,1,4
2026-08-30 00:22:00+00:00,80m,3.5700903,LX1MGG,JN39,49.5,7.0,958.2,130.9,-16,1.99,0,0.17,23,0.1995,1,-9
2026-08-30 00:22:00+00:00,80m,3.5700766,DL4LL,JO54,54.5,11.0,901.2,92.0,-22,1.43,0,0.14,30,1.0,1,-22
2026-08-30 00:22:00+00:00,80m,3.5700713,M0NIF,IO90,50.5,-1.0,583.7,165.7,-22,0.28,-2,0.2,23,0.1995,1,-15
2026-08-30 00:22:00+00:00,80m,3.5700939,LA1ITS,JO59,59.5,11.0,940.6,56.8,-16,0.71,0,0.16,37,5.0119,1,-23
2026-08-30 00:22:00+00:00,80m,3.5700565,M7GOA,JO01,51.5,1.0,528.5,148.0,-25,0.19,0,0.16,27,0.5012,1,-22
2026-08-30 00:22:00+00:00,80m,3.570011,DL2TT,JO31,51.5,7.0,804.0,120.4,-8,-0.02,0,0.63,23,0.1995,1,-1
2026-08-30 00:22:00+00:00,80m,3.5700024,M8HYX,IO84,54.5,-3.0,122.8,178.7,-22,0.11,0,0.34,23,0.1995,1,-15
2026-08-30 00:24:00+00:00,40m,7.040128,IU0JJD,JN61,41.5,13.0,1953.0,136.7,-6,0.02,0,0.71,23,0.1995,1,1
2026-08-30 00:24:00+00:00,40m,7.0401061,<EA6URP>,JM19IN,39.5625,2.708333,1833.6,164.2,-15,0.37,0,0.55,23,0.1995,3,-8
2026-08-30 00:24:00+00:00,40m,7.0400779,EA5XQ,IM99,39.5,-1.0,1797.0,174.3,-24,3.82,0,0.21,23,0.1995,1,-17
2026-08-30 00:24:00+00:00,40m,7.0400497,I0LYO,JN52,42.5,11.0,1773.3,139.4,-22,0.37,0,0.28,23,0.1995,1,-15
2026-08-30 00:26:00+00:00,40m,7.0400241,EA5RKP,IM99,39.5,-1.0,1797.0,174.3,-21,0.02,0,0.43,23,0.1995,1,-14
2026-08-30 00:26:00+00:00,40m,7.0401,NI5F,EM70,30.5,-85.0,6767.7,282.4,-20,0.62,0,0.16,37,5.0119,1,-27
2026-08-30 00:26:00+00:00,40m,7.0401281,<IU0JJD>,JN61TP,41.645833,13.625,1966.6,135.1,-6,-0.02,0,0.73,23,0.1995,3,1
2026-08-30 00:26:00+00:00,40m,7.0401748,I0LYO,JN52,42.5,11.0,1773.3,139.4,-20,0.02,0,0.24,23,0.1995,1,-13
2026-08-30 00:34:00+00:00,40m,7.0401561,IU0JJD,JN61,41.5,13.0,1953.0,136.7,-11,-0.02,0,0.64,23,0.1995,1,-4
2026-08-30 00:34:00+00:00,40m,7.0401472,EA5RKP,IM99,39.5,-1.0,1797.0,174.3,-19,0.07,0,0.34,23,0.1995,1,-12
2026-08-30 00:34:00+00:00,40m,7.0400542,EA6URP,JM19,39.5,3.0,1845.5,163.5,-10,0.28,0,0.66,23,0.1995,1,-3
2026-08-30 00:34:00+00:00,40m,7.0400329,I0LYO,JN52,42.5,11.0,1773.3,139.4,-21,-0.15,0,0.27,23,0.1995,1,-14
2026-08-30 00:34:00+00:00,40m,7.040013,CT1BAT,IN50,40.5,-9.0,1735.3,197.1,-24,0.28,0,0.22,0,0.001,1,6
2026-08-30 00:36:00+00:00,80m,3.5701502,HB9AK,JN36,46.5,7.0,1229.2,141.2,-4,0.19,1,0.56,23,0.1995,1,3
2026-08-30 00:36:00+00:00,80m,3.5701097,DO5CTW,JO62,52.5,13.0,1099.6,101.6,-24,-0.79,0,0.14,23,0.1995,1,-17
2026-08-30 00:36:00+00:00,80m,3.5701015,HA7AA,JN97,47.5,19.0,1759.2,111.6,-22,0.11,0,0.24,23,0.1995,1,-15
2026-08-30 00:36:00+00:00,80m,3.570125,DL1FX,JN49,49.5,9.0,1057.4,124.9,-5,0.11,0,0.66,23,0.1995,1,2
2026-08-30 00:36:00+00:00,80m,3.5700686,EI0CF,IO65,55.5,-7.0,249.2,269.0,-21,0.24,0,0.27,23,0.1995,1,-14
2026-08-30 00:36:00+00:00,80m,3.5700346,HG7RED,JN97,47.5,19.0,1759.2,111.6,-16,0.28,0,0.49,23,0.1995,1,-9
2026-08-30 00:36:00+00:00,80m,3.5700086,LA4PGA,JP50,60.5,11.0,986.3,50.8,-27,-0.06,0,0.18,23,0.1995,1,-20
2026-08-30 00:36:00+00:00,80m,3.5700907,<LX1MGG>,JN39BN,49.5625,6.125,912.2,133.6,-14,2.03,0,0.55,23,0.1995,3,-7
2026-08-30 00:40:00+00:00,160m,1.838052,G3LRS,IO92,52.5,-1.0,370.0,158.1,-26,0.02,0,0.19,23,0.1995,1,-19
2026-08-30 00:40:00+00:00,160m,1.838198,M0XDC,JO01,51.5,1.0,528.5,148.0,-24,0.19,0,0.3,37,5.0119,1,-31
2026-08-30 00:42:00+00:00,80m,3.5701166,<HB9AR>,JN36BE,46.1875,6.125,1226.4,144.8,-29,-0.02,0,0.17,23,0.1995,3,-22
2026-08-30 00:42:00+00:00,80m,3.5701841,G4HSB,IO94,54.5,-1.0,178.8,132.5,12,-0.06,0,0.47,23,0.1995,1,19
2026-08-30 00:42:00+00:00,80m,3.5701592,G3JKF,JO00,50.5,1.0,628.3,152.9,1,0.15,0,0.58,33,1.9953,1,-2
2026-08-30 00:42:00+00:00,80m,3.5701531,F4WFT,IN98,48.5,-1.0,802.1,169.2,-6,0.11,0,0.39,23,0.1995,1,1
2026-08-30 00:42:00+00:00,80m,3.5701501,G4GVZ,IO81,51.5,-3.0,456.4,179.6,-10,0.19,0,0.31,33,1.9953,1,-13
2026-08-30 00:42:00+00:00,80m,3.5701018,DF7PE,JN48,48.5,9.0,1138.1,128.9,-21,0.15,0,0.13,23,0.1995,1,-14
2026-08-30 00:42:00+00:00,80m,3.5700008,F4EKH,JN05,45.5,1.0,1158.7,164.1,-4,-0.53,0,0.55,30,1.0,1,-4
2026-08-30 00:42:00+00:00,80m,3.5700257,EA6URP,JM19,39.5,3.0,1845.5,163.5,-7,0.28,0,0.64,23,0.1995,1,0
2026-08-30 00:42:00+00:00,80m,3.5700164,SA0YRL,JO89,59.5,17.0,1265.8,61.8,-25,5.27,0,0.15,23,0.1995,1,-18
2026-08-30 00:42:00+00:00,80m,3.57001,PE1ANW,JO31,51.5,7.0,804.0,120.4,-21,-0.23,0,0.16,23,0.1995,1,-14
2026-08-30 00:42:00+00:00,80m,3.5700052,2E0FDM,IO81,51.5,-3.0,456.4,179.6,-19,0.28,0,0.18,23,0.1995,1,-12
2026-08-30 00:42:00+00:00,80m,3.5700926,DL4XJ,JO42,52.5,9.0,857.0,108.7,3,0.15,0,0.6,30,1.0,1,3
2026-08-30 00:46:00+00:00,40m,7.0400173,EA5RKP,IM99,39.5,-1.0,1797.0,174.3,-22,0.02,0,0.21,23,0.1995,1,-15
2026-08-30 00:46:00+00:00,40m,7.0400312,EA6URP,JM19,39.5,3.0,1845.5,163.5,-11,0.32,0,0.63,23,0.1995,1,-4
2026-08-30 00:46:00+00:00,40m,7.0401001,NI5F,EM70,30.5,-85.0,6767.7,282.4,-22,0.75,0,0.2,37,5.0119,1,-29
2026-08-30 00:46:00+00:00,40m,7.0401183,<IU0JJD>,JN61TP,41.645833,13.625,1966.6,135.1,-17,-0.06,0,0.48,23,0.1995,3,-10
2026-08-30 00:46:00+00:00,40m,7.0401318,I0LYO,JN52,42.5,11.0,1773.3,139.4,-20,0.11,0,0.28,23,0.1995,1,-13
2026-08-30 00:52:00+00:00,160m,1.8381095,CT1ETL/1,,,,,,-22,0.32,0,0.35,33,1.9953,2,-25
2026-08-30 00:54:00+00:00,80m,3.5701888,G7UJY,IO93,53.5,-1.0,268.4,149.8,-13,1.13,0,0.56,23,0.1995,1,-6
2026-08-30 00:54:00+00:00,80m,3.570168,EA6URP,JM19,39.5,3.0,1845.5,163.5,-11,0.28,0,0.65,23,0.1995,1,-4
2026-08-30 00:54:00+00:00,80m,3.5701451,GM4DTH,IO85,55.5,-3.0,11.9,167.2,-15,-0.02,0,0.47,23,0.1995,1,-8
2026-08-30 00:54:00+00:00,80m,3.5701101,2E0CWP,IO94,54.5,-1.0,178.8,132.5,-18,-0.02,0,0.47,23,0.1995,1,-11
2026-08-30 00:54:00+00:00,80m,3.5700009,F4EKH,JN05,45.5,1.0,1158.7,164.1,1,-0.53,0,0.74,30,1.0,1,1
2026-08-30 00:54:00+00:00,80m,3.5700537,M0JGH,IO91,51.5,-1.0,475.8,162.7,-8,1.43,0,0.4,23,0.1995,1,-1
2026-08-30 00:54:00+00:00,80m,3.5700525,G4BOO,IO91,51.5,-1.0,475.8,162.7,2,0.88,0,0.54,37,5.0119,1,-5
2026-08-30 00:54:00+00:00,80m,3.5701018,DF7PE,JN48,48.5,9.0,1138.1,128.9,-23,0.11,0,0.3,23,0.1995,1,-16
2026-08-30 00:56:00+00:00,80m,3.5701901,GM8HHC,IO85,55.5,-3.0,11.9,167.2,-20,-0.02,0,0.32,23,0.1995,1,-13
2026-08-30 00:56:00+00:00,80m,3.5701677,<EA6URP>,JM19IN,39.5625,2.708333,1833.6,164.2,-10,0.28,0,0.59,23,0.1995,3,-3
2026-08-30 00:56:00+00:00,80m,3.5701558,PI4CC,JO21,51.5,5.0,699.6,127.4,-2,0.15,0,0.67,17,0.0501,1,11
2026-08-30 00:56:00+00:00,80m,3.5701347,G4UJS,IO82,52.5,-3.0,345.2,179.5,-9,0.37,0,0.46,23,0.1995,1,-2
2026-08-30 00:56:00+00:00,80m,3.570122,G8LIK,IO93,53.5,-1.0,268.4,149.8,-25,0.11,0,0.2,23,0.1995,1,-18
2026-08-30 00:56:00+00:00,80m,3.5701266,M8HYX,IO84,54.5,-3.0,122.8,178.7,-19,0.02,0,0.28,23,0.1995,1,-12
2026-08-30 00:56:00+00:00,80m,3.5701026,PE1ANW,JO31,51.5,7.0,804.0,120.4,-17,-0.27,0,0.34,23,0.1995,1,-10
2026-08-30 00:56:00+00:00,80m,3.5700996,PA5CA,JO32,52.5,7.0,739.9,113.6,-15,-0.27,0,0.38,10,0.01,1,5
2026-08-30 00:56:00+00:00,80m,3.5700639,M0OLS,IO81,51.5,-3.0,456.4,179.6,-19,0.15,0,0.28,23,0.1995,1,-12
2026-08-30 00:56:00+00:00,80m,3.570055,PC2A,JO21,51.5,5.0,699.6,127.4,-3,0.11,0,0.69,17,0.0501,1,10
2026-08-30 00:56:00+00:00,80m,3.5701094,PE1AHJ,JO32,52.5,7.0,739.9,113.6,-22,-0.57,0,0.23,10,0.01,1,-2
2026-08-30 00:58:00+00:00,40m,7.0400013,EA6URP,JM19,39.5,3.0,1845.5,163.5,-13,0.24,0,0.61,23,0.1995,1,-6
2026-08-30 00:58:00+00:00,40m,7.0401124,EA5RKP,IM99,39.5,-1.0,1797.0,174.3,-24,0.02,0,0.26,23,0.1995,1,-17
2026-08-30 00:58:00+00:00,40m,7.0401288,<EA6ANX>,JM19GM,39.520833,2.541667,1835.3,164.7,-17,0.11,0,0.46,23,0.1995,3,-10
2026-08-30 00:58:00+00:00,40m,7.040178,I0LYO,JN52,42.5,11.0,1773.3,139.4,-26,0.41,0,0.2,23,0.1995,1,-19
2026-08-30 01:00:00+00:00,160m,1.8380958,DL4XJ,JO42,52.5,9.0,857.0,108.7,-25,0.19,0,0.24,30,1.0,1,-25
2026-08-30 01:02:00+00:00,80m,3.5701825,<GM0PXV>,IO85IW,55.9375,-3.291667,40.2,337.2,-7,-0.06,0,0.29,23,0.1995,3,0
2026-08-30 01:02:00+00:00,80m,3.5701694,PE1AHJ,JO32,52.5,7.0,739.9,113.6,-22,-0.15,0,0.12,10,0.01,1,-2
2026-08-30 01:02:00+00:00,80m,3.5701591,G3JKF,JO00,50.5,1.0,628.3,152.9,2,0.11,0,0.51,33,1.9953,1,-1
2026-08-30 01:02:00+00:00,80m,3.570156,PI4CC,JO21,51.5,5.0,699.6,127.4,-4,0.11,0,0.4,17,0.0501,1,9
2026-08-30 01:02:00+00:00,80m,3.5701468,G4HSB,IO94,54.5,-1.0,178.8,132.5,11,0.02,0,0.42,23,0.1995,1,18
2026-08-30 01:02:00+00:00,80m,3.5700551,PC2A,JO21,51.5,5.0,699.6,127.4,-2,0.15,0,0.63,17,0.0501,1,11
2026-08-30 01:02:00+00:00,80m,3.5700897,PA5CA,JO32,52.5,7.0,739.9,113.6,-17,0.19,0,0.32,10,0.01,1,3
2026-08-30 01:02:00+00:00,80m,3.5700206,2E0FDM,IO81,51.5,-3.0,456.4,179.6,-22,0.54,0,0.16,23,0.1995,1,-15
2026-08-30 01:02:00+00:00,80m,3.5700104,GM7FIE,IO85,55.5,-3.0,11.9,167.2,-16,-0.02,0,0.2,23,0.1995,1,-9
2026-08-30 01:02:00+00:00,80m,3.5700008,F4EKH,JN05,45.5,1.0,1158.7,164.1,-1,-0.57,0,0.66,30,1.0,1,-1
2026-08-30 01:02:00+00:00,80m,3.5700988,DO7LIA,JO40,50.5,9.0,982.7,120.3,9,0.19,0,0.66,37,5.0119,1,2
2026-08-30 01:06:00+00:00,40m,7.0400779,EK1RR,LN20,40.5,45.0,3847.8,95.3,-20,0.71,0,0.35,30,1.0,1,-20
2026-08-30 01:06:00+00:00,40m,7.0400902,EA5RKP,IM99,39.5,-1.0,1797.0,174.3,-22,0.02,0,0.34,23,0.1995,1,-15
2026-08-30 01:06:00+00:00,40m,7.0401171,<IU0JJD>,JN61TP,41.645833,13.625,1966.6,135.1,-19,-0.02,0,0.42,23,0.1995,3,-12
2026-08-30 01:06:00+00:00,40m,7.0401817,I0LYO,JN52,42.5,11.0,1773.3,139.4,-24,0.02,0,0.21,23,0.1995,1,-17
2026-08-30 01:06:00+00:00,40m,7.0401961,CT1BAT,IN50,40.5,-9.0,1735.3,197.1,-22,0.24,0,0.35,0,0.001,1,8
2026-08-30 01:14:00+00:00,80m,3.5701592,PE1AHJ,JO32,52.5,7.0,739.9,113.6,-12,0.15,0,0.23,10,0.01,1,8
2026-08-30 01:14:00+00:00,80m,3.5701561,PI4CC,JO21,51.5,5.0,699.6,127.4,-11,0.11,0,0.32,17,0.0501,1,2
2026-08-30 01:14:00+00:00,80m,3.5702029,M0OLS,IO81,51.5,-3.0,456.4,179.6,-23,0.24,0,0.36,23,0.1995,1,-16
2026-08-30 01:14:00+00:00,80m,3.570057,PC2A,JO21,51.5,5.0,699.6,127.4,0,0.15,0,0.26,17,0.0501,1,13
2026-08-30 01:14:00+00:00,80m,3.5700525,G4BOO,IO91,51.5,-1.0,475.8,162.7,2,0.79,0,0.39,37,5.0119,1,-5
2026-08-30 01:14:00+00:00,80m,3.5700601,PA5CA,JO32,52.5,7.0,739.9,113.6,-14,-0.36,0,0.27,10,0.01,1,6
2026-08-30 01:18:00+00:00,40m,7.0399906,I0LYO,JN52,42.5,11.0,1773.3,139.4,-24,0.32,0,0.28,23,0.1995,1,-17
2026-08-30 01:18:00+00:00,40m,7.0400816,E79Q,JN83,43.5,17.0,1962.0,124.9,-26,0.32,0,0.17,23,0.1995,1,-19
2026-08-30 01:18:00+00:00,40m,7.0401931,EA5RKP,IM99,39.5,-1.0,1797.0,174.3,-25,0.02,0,0.29,23,0.1995,1,-18
2026-08-30 01:22:00+00:00,80m,3.5701594,G3JKF,JO00,50.5,1.0,628.3,152.9,-1,0.11,0,0.52,33,1.9953,1,-4
2026-08-30 01:22:00+00:00,80m,3.5701377,G4HSB,IO94,54.5,-1.0,178.8,132.5,7,0.02,0,0.33,23,0.1995,1,14
2026-08-30 01:22:00+00:00,80m,3.5701322,G4LEN,IO81,51.5,-3.0,456.4,179.6,6,0.11,0,0.38,37,5.0119,1,-1
2026-08-30 01:22:00+00:00,80m,3.5701143,GX2PLX,JO02,52.5,1.0,434.3,141.0,-2,-0.7,0,0.38,43,19.9526,1,-15
2026-08-30 01:22:00+00:00,80m,3.5701036,DL8FBN,JO51,51.5,11.0,1031.3,110.4,-17,-0.1,0,0.14,23,0.1995,1,-10
2026-08-30 01:22:00+00:00,80m,3.5701418,DD3MS,JN59,49.5,11.0,1163.6,119.8,-4,0.02,0,0.37,20,0.1,1,6
2026-08-30 01:22:00+00:00,80m,3.5700904,DO7RMO,JN68,48.5,13.0,1346.6,119.2,-8,0.19,0,0.56,40,10.0,1,-18
2026-08-30 01:22:00+00:00,80m,3.5700688,2E0FDM,IO81,51.5,-3.0,456.4,179.6,-22,0.49,0,0.24,23,0.1995,1,-15
2026-08-30 01:22:00+00:00,80m,3.5700525,G4BOO,IO91,51.5,-1.0,475.8,162.7,-2,0.62,0,0.51,37,5.0119,1,-9
2026-08-30 01:22:00+00:00,80m,3.5700355,OE7XZB,JN57,47.5,11.0,1320.1,127.2,-21,-0.02,0,0.3,23,0.1995,1,-14
2026-08-30 01:22:00+00:00,80m,3.5700134,<OK1BF>,JO70UB,50.0625,15.708333,1396.3,108.4,-9,0.02,0,0.58,23,0.1995,3,-2
2026-08-30 01:22:00+00:00,80m,3.570099,G6UZT,IO82,52.5,-3.0,345.2,179.5,-13,0.32,0,0.29,37,5.0119,1,-20
2026-08-30 01:26:00+00:00,40m,7.040011,EA5RKP,IM99,39.5,-1.0,1797.0,174.3,-19,-0.02,0,0.45,23,0.1995,1,-12
2026-08-30 01:26:00+00:00,40m,7.0400598,I0LYO,JN52,42.5,11.0,1773.3,139.4,-22,3.82,0,0.19,23,0.1995,1,-15
2026-08-30 01:26:00+00:00,40m,7.0401062,<IU0JJD>,JN61TP,41.645833,13.625,1966.6,135.1,-8,-0.06,0,0.7,23,0.1995,3,-1
2026-08-30 01:32:00+00:00,80m,3.570172,DL9ZY,JO30,50.5,7.0,877.5,126.1,9,0.19,0,0.62,37,5.0119,1,2
2026-08-30 01:32:00+00:00,80m,3.570156,PI4CC,JO21,51.5,5.0,699.6,127.4,-11,0.19,0,0.29,17,0.0501,1,2
2026-08-30 01:32:00+00:00,80m,3.5701448,G4HSB,IO94,54.5,-1.0,178.8,132.5,-8,-0.02,0,0.26,23,0.1995,1,-1
2026-08-30 01:32:00+00:00,80m,3.5701405,G4HSB,IO94,54.5,-1.0,178.8,132.5,5,0.02,0,0.3,23,0.1995,1,12
2026-08-30 01:32:00+00:00,80m,3.5700996,<EA6URP>,JM19IN,39.5625,2.708333,1833.6,164.2,-13,0.37,0,0.45,23,0.1995,3,-6
2026-08-30 01:32:00+00:00,80m,3.5700347,G7UJY,IO93,53.5,-1.0,268.4,149.8,-20,1.13,0,0.23,23,0.1995,1,-13
2026-08-30 01:32:00+00:00,80m,3.57008,PA5CA,JO32,52.5,7.0,739.9,113.6,-20,0.15,0,0.37,10,0.01,1,0
2026-08-30 01:32:00+00:00,80m,3.5700553,PC2A,JO21,51.5,5.0,699.6,127.4,-11,0.19,0,0.27,17,0.0501,1,2
2026-08-30 01:32:00+00:00,80m,3.5700536,M0JGH,IO91,51.5,-1.0,475.8,162.7,-16,1.39,0,0.25,23,0.1995,1,-9
2026-08-30 01:32:00+00:00,80m,3.5700007,F4EKH,JN05,45.5,1.0,1158.7,164.1,-6,-0.57,0,0.61,30,1.0,1,-6
2026-08-30 01:32:00+00:00,80m,3.5700907,<LX1MGG>,JN39BN,49.5625,6.125,912.2,133.6,-19,2.07,0,0.39,23,0.1995,3,-12
2026-08-30 01:34:00+00:00,40m,7.0400531,IU0JJD,JN61,41.5,13.0,1953.0,136.7,-6,-0.02,0,0.71,23,0.1995,1,1
2026-08-30 01:34:00+00:00,40m,7.0401561,EA6URP,JM19,39.5,3.0,1845.5,163.5,-15,0.32,0,0.57,23,0.1995,1,-8
2026-08-30 01:34:00+00:00,40m,7.0400317,<EA6ANX>,JM19GM,39.520833,2.541667,1835.3,164.7,-12,0.15,0,0.61,23,0.1995,3,-5
2026-08-30 01:34:00+00:00,40m,7.039999,EA5RKP,IM99,39.5,-1.0,1797.0,174.3,-20,0.02,0,0.35,23,0.1995,1,-13
2026-08-30 01:38:00+00:00,160m,1.8380505,GM4DTH,IO85,55.5,-3.0,11.9,167.2,-9,0.02,0,0.49,23,0.1995,1,-2
2026-08-30 01:40:00+00:00,160m,1.8380542,M0GUC,IO82,52.5,-3.0,345.2,179.5,-10,0.45,-1,0.42,37,5.0119,1,-17
2026-08-30 01:40:00+00:00,160m,1.8380962,DL4XJ,JO42,52.5,9.0,857.0,108.7,-23,0.15,0,0.22,30,1.0,1,-23
2026-08-30 01:40:00+00:00,160m,1.8381093,CT1ETL/1,,,,,,-26,0.41,0,0.15,33,1.9953,2,-29
2026-08-30 01:40:00+00:00,160m,1.8381591,G3JKF,JO00,50.5,1.0,628.3,152.9,-28,0.15,0,0.12,33,1.9953,1,-31
2026-08-30 01:40:00+00:00,160m,1.8381979,M0XDC,JO01,51.5,1.0,528.5,148.0,-28,0.19,0,0.25,37,5.0119,1,-35
2026-08-30 01:42:00+00:00,80m,3.5701592,G3JKF,JO00,50.5,1.0,628.3,152.9,-4,0.19,0,0.33,33,1.9953,1,-7
2026-08-30 01:42:00+00:00,80m,3.5701527,F4WFT,IN98,48.5,-1.0,802.1,169.2,-2,0.19,0,0.65,23,0.1995,1,5
2026-08-30 01:42:00+00:00,80m,3.5701346,EA6URP,JM19,39.5,3.0,1845.5,163.5,-15,0.37,0,0.4,23,0.1995,1,-8
2026-08-30 01:42:00+00:00,80m,3.570102,DF7PE,JN48,48.5,9.0,1138.1,128.9,-20,0.28,1,0.15,23,0.1995,1,-13
2026-08-30 01:42:00+00:00,80m,3.5701203,CS5WB,IM68,38.5,-7.0,1924.6,190.5,-29,0.11,0,0.17,23,0.1995,1,-22
2026-08-30 01:42:00+00:00,80m,3.5700597,OZ7IT,JO65,55.5,13.0,1006.8,84.0,-12,0.24,0,0.35,37,5.0119,1,-19
2026-08-30 01:42:00+00:00,80m,3.5700237,DK3SS,JN49,49.5,9.0,1057.4,124.9,9,4.93,0,0.73,33,1.9953,1,6
2026-08-30 01:42:00+00:00,80m,3.5699938,G4HSB,IO94,54.5,-1.0,178.8,132.5,1,-0.06,0,0.32,23,0.1995,1,8
2026-08-30 01:42:00+00:00,80m,3.5700985,G6UZT,IO82,52.5,-3.0,345.2,179.5,-19,0.28,0,0.16,37,5.0119,1,-26
2026-08-30 01:46:00+00:00,40m,7.0400211,EA5RKP,IM99,39.5,-1.0,1797.0,174.3,-21,0.02,0,0.28,23,0.1995,1,-14
2026-08-30 01:46:00+00:00,40m,7.0400264,<IU0JJD>,JN61TP,41.645833,13.625,1966.6,135.1,-15,-0.1,0,0.49,23,0.1995,3,-8
2026-08-30 01:46:00+00:00,40m,7.0401583,EA6URP,JM19,39.5,3.0,1845.5,163.5,-14,0.37,0,0.62,23,0.1995,1,-7
2026-08-30 01:52:00+00:00,40m,7.0401321,EA5XQ,IM99,39.5,-1.0,1797.0,174.3,-21,3.82,0,0.35,23,0.1995,1,-14
2026-08-30 01:56:00+00:00,160m,1.8380886,G4HSB,IO94,54.5,-1.0,178.8,132.5,6,0.32,0,0.34,23,0.1995,1,13
2026-08-30 01:56:00+00:00,160m,1.8381093,EI0CF,IO65,55.5,-7.0,249.2,269.0,-5,0.24,0,0.26,23,0.1995,1,2
2026-08-30 02:02:00+00:00,80m,3.5701306,2E0FDM,IO81,51.5,-3.0,456.4,179.6,-27,0.49,0,0.11,23,0.1995,1,-20
2026-08-30 02:02:00+00:00,80m,3.5701587,G3JKF,JO00,50.5,1.0,628.3,152.9,-3,0.15,0,0.43,33,1.9953,1,-6
2026-08-30 02:02:00+00:00,80m,3.5701558,PI4CC,JO21,51.5,5.0,699.6,127.4,-5,0.15,0,0.32,17,0.0501,1,8
2026-08-30 02:02:00+00:00,80m,3.5701191,CS5WB,IM68,38.5,-7.0,1924.6,190.5,-25,0.07,0,0.23,23,0.1995,1,-18
2026-08-30 02:02:00+00:00,80m,3.5701636,W1EZ,FN42,42.5,-71.0,4943.5,282.6,-17,0.32,0,0.2,40,10.0,1,-27
2026-08-30 02:02:00+00:00,80m,3.5700544,PC2A,JO21,51.5,5.0,699.6,127.4,-13,0.15,0,0.14,17,0.0501,1,0
2026-08-30 02:02:00+00:00,80m,3.5700006,<F4EKH>,JN05LU,45.854167,0.958333,1119.6,163.9,-4,-0.66,0,0.56,30,1.0,3,-4
2026-08-30 02:02:00+00:00,80m,3.5701093,PA5CA,JO32,52.5,7.0,739.9,113.6,-23,0.15,0,0.19,10,0.01,1,-3
2026-08-30 02:02:00+00:00,80m,3.570053,M0JGH,IO91,51.5,-1.0,475.8,162.7,-12,1.43,0,0.14,23,0.1995,1,-5
2026-08-30 02:06:00+00:00,40m,7.0400041,<IU0JJD>,JN61TP,41.645833,13.625,1966.6,135.1,-11,-0.02,0,0.64,23,0.1995,3,-4
2026-08-30 02:06:00+00:00,40m,7.0400874,CS5WB,IM68,38.5,-7.0,1924.6,190.5,-25,0.02,0,0.15,23,0.1995,1,-18
2026-08-30 02:06:00+00:00,40m,7.040111,EA5RKP,IM99,39.5,-1.0,1797.0,174.3,-23,0.02,0,0.3,23,0.1995,1,-16
2026-08-30 02:14:00+00:00,80m,3.5700198,R2BIY,KO85,55.5,37.0,2483.3,73.5,-29,0.49,0,0.13,37,5.0119,1,-36
2026-08-30 02:14:00+00:00,80m,3.5700905,<LX1MGG>,JN39BN,49.5625,6.125,912.2,133.6,-20,2.07,0,0.29,23,0.1995,3,-13
2026-08-30 02:14:00+00:00,80m,3.5701195,PA5CA,JO32,52.5,7.0,739.9,113.6,-24,-0.15,0,0.15,10,0.01,1,-4
2026-08-30 02:14:00+00:00,80m,3.5701556,PI4CC,JO21,51.5,5.0,699.6,127.4,-11,0.19,0,0.21,17,0.0501,1,2
2026-08-30 02:14:00+00:00,80m,3.5701637,W1EZ,FN42,42.5,-71.0,4943.5,282.6,-14,0.37,0,0.2,40,10.0,1,-24
2026-08-30 02:14:00+00:00,80m,3.5701717,DL9ZY,JO30,50.5,7.0,877.5,126.1,7,0.19,0,0.45,37,5.0119,1,0
2026-08-30 02:14:00+00:00,80m,3.5700548,PC2A,JO21,51.5,5.0,699.6,127.4,-12,0.15,0,0.43,17,0.0501,1,1
2026-08-30 02:16:00+00:00,80m,3.570168,VE2FU,FN46,46.5,-71.0,4657.5,287.1,-30,0.75,0,0.12,23,0.1995,1,-23
2026-08-30 02:16:00+00:00,80m,3.5700921,OE7XZB,JN57,47.5,11.0,1320.1,127.2,-17,0.02,0,0.34,23,0.1995,1,-10
2026-08-30 02:16:00+00:00,80m,3.5701416,G4UJS,IO82,52.5,-3.0,345.2,179.5,-20,0.49,0,0.13,23,0.1995,1,-13
2026-08-30 02:16:00+00:00,80m,3.570116,SA7CND,JO76,56.5,15.0,1121.5,77.5,-17,-0.02,0,0.3,20,0.1,1,-7
2026-08-30 02:16:00+00:00,80m,3.5700523,G4BOO,IO91,51.5,-1.0,475.8,162.7,-5,0.49,0,0.13,37,5.0119,1,-12
2026-08-30 02:16:00+00:00,80m,3.5700236,DK3SS,JN49,49.5,9.0,1057.4,124.9,6,5.1,0,0.47,33,1.9953,1,3
2026-08-30 02:16:00+00:00,80m,3.5700005,F4EKH,JN05,45.5,1.0,1158.7,164.1,0,-0.7,0,0.56,30,1.0,1,0
2026-08-30 02:16:00+00:00,80m,3.5700399,HB9BAX,JN36,46.5,7.0,1229.2,141.2,-10,0.19,0,0.42,23,0.1995,1,-3
2026-08-30 02:20:00+00:00,160m,1.8380962,DL4XJ,JO42,52.5,9.0,857.0,108.7,-26,0.11,0,0.16,30,1.0,1,-26
2026-08-30 02:20:00+00:00,160m,1.8381591,G3JKF,JO00,50.5,1.0,628.3,152.9,-27,0.07,0,0.19,33,1.9953,1,-30
2026-08-30 02:22:00+00:00,80m,3.5700247,DD3MS,JN59,49.5,11.0,1163.6,119.8,-13,0.02,0,0.55,20,0.1,1,-3
2026-08-30 02:22:00+00:00,80m,3.5700531,2E0FDM,IO81,51.5,-3.0,456.4,179.6,-29,0.37,0,0.11,23,0.1995,1,-22
2026-08-30 02:22:00+00:00,80m,3.5701325,<G4LEN>,IO81UT,51.8125,-2.291667,424.5,173.0,-2,0.07,0,0.3,37,5.0119,3,-9
2026-08-30 02:22:00+00:00,80m,3.5701594,G3JKF,JO00,50.5,1.0,628.3,152.9,0,0.07,0,0.4,33,1.9953,1,-3
2026-08-30 02:22:00+00:00,80m,3.5701716,DL9ZY,JO30,50.5,7.0,877.5,126.1,7,0.19,0,0.47,37,5.0119,1,0
2026-08-30 02:26:00+00:00,40m,7.0400455,E79Q,JN83,43.5,17.0,1962.0,124.9,-28,0.45,0,0.17,23,0.1995,1,-21
2026-08-30 02:26:00+00:00,40m,7.0401861,<IU0JJD>,JN61TP,41.645833,13.625,1966.6,135.1,-13,-0.02,0,0.62,23,0.1995,3,-6
2026-08-30 02:34:00+00:00,80m,3.5701061,SA7CND,JO76,56.5,15.0,1121.5,77.5,-17,0.02,0,0.22,20,0.1,1,-7
2026-08-30 02:34:00+00:00,80m,3.5701754,OE7XZB,JN57,47.5,11.0,1320.1,127.2,-22,-0.06,0,0.33,23,0.1995,1,-15
2026-08-30 02:34:00+00:00,80m,3.5701344,G7UJY,IO93,53.5,-1.0,268.4,149.8,-21,1.22,0,0.13,23,0.1995,1,-14
2026-08-30 02:34:00+00:00,80m,3.5700927,DL4XJ,JO42,52.5,9.0,857.0,108.7,-2,0.15,0,0.4,30,1.0,1,-2
2026-08-30 02:34:00+00:00,80m,3.5700539,M0JGH,IO91,51.5,-1.0,475.8,162.7,-17,1.39,0,0.1,23,0.1995,1,-10
2026-08-30 02:34:00+00:00,80m,3.5700599,EI7HZB,IO65,55.5,-7.0,249.2,269.0,-21,0.41,0,0.13,23,0.1995,1,-14
2026-08-30 02:34:00+00:00,80m,3.5700898,DO7RMO,JN68,48.5,13.0,1346.6,119.2,-3,0.15,0,0.28,40,10.0,1,-13
2026-08-30 02:34:00+00:00,80m,3.5700188,G4GCI,IO90,50.5,-1.0,583.7,165.7,-7,0.58,0,0.15,37,5.0119,1,-14
2026-08-30 02:36:00+00:00,160m,1.8380229,G4HSB,IO94,54.5,-1.0,178.8,132.5,9,0.41,0,0.42,23,0.1995,1,16
2026-08-30 02:36:00+00:00,160m,1.8381058,EI0CF,IO65,55.5,-7.0,249.2,269.0,-10,0.28,0,0.22,23,0.1995,1,-3
2026-08-30 02:40:00+00:00,160m,1.8380522,G3LRS,IO92,52.5,-1.0,370.0,158.1,-24,0.11,0,0.2,23,0.1995,1,-17
2026-08-30 02:40:00+00:00,160m,1.8380961,DL4XJ,JO42,52.5,9.0,857.0,108.7,-26,0.19,0,0.2,30,1.0,1,-26
2026-08-30 02:42:00+00:00,80m,3.5701893,CS5WB,IM68,38.5,-7.0,1924.6,190.5,-26,-0.06,0,0.18,23,0.1995,1,-19
2026-08-30 02:42:00+00:00,80m,3.5701584,G3JKF,JO00,50.5,1.0,628.3,152.9,-6,0.02,0,0.12,33,1.9953,1,-9
2026-08-30 02:42:00+00:00,80m,3.5701524,F4WFT,IN98,48.5,-1.0,802.1,169.2,-5,0.15,0,0.47,23,0.1995,1,2
2026-08-30 02:42:00+00:00,80m,3.5701091,CT1ETL/1,,,,,,-12,0.32,0,0.31,33,1.9953,2,-15
2026-08-30 02:42:00+00:00,80m,3.5701386,EA6URP,JM19,39.5,3.0,1845.5,163.5,-11,0.37,0,0.48,23,0.1995,1,-4
2026-08-30 02:42:00+00:00,80m,3.5700721,G7UJY,IO93,53.5,-1.0,268.4,149.8,-22,1.43,0,0.17,23,0.1995,1,-15
2026-08-30 02:42:00+00:00,80m,3.5700416,<OK1BF>,JO70UB,50.0625,15.708333,1396.3,108.4,-8,-0.02,0,0.57,23,0.1995,3,-1
2026-08-30 02:42:00+00:00,80m,3.5700175,GX2PLX,JO02,52.5,1.0,434.3,141.0,-11,-0.7,0,0.16,43,19.9526,1,-24
2026-08-30 02:42:00+00:00,80m,3.5700902,DO7RMO,JN68,48.5,13.0,1346.6,119.2,-9,0.24,0,0.59,40,10.0,1,-19
2026-08-30 02:46:00+00:00,40m,7.0400205,CS5WB,IM68,38.5,-7.0,1924.6,190.5,-31,0.07,0,0.16,23,0.1995,1,-24
2026-08-30 02:46:00+00:00,40m,7.0401812,<IU0JJD>,JN61TP,41.645833,13.625,1966.6,135.1,-11,-0.06,0,0.64,23,0.1995,3,-4
2026-08-30 02:54:00+00:00,160m,1.8380214,GM4DTH,IO85,55.5,-3.0,11.9,167.2,-13,0.07,0,0.46,23,0.1995,1,-6
2026-08-30 02:56:00+00:00,40m,7.0400401,<IU0JJD>,JN61TP,41.645833,13.625,1966.6,135.1,-4,-0.02,0,0.7,23,0.1995,3,3
2026-08-30 03:00:00+00:00,160m,1.8381138,<...>,IO82WL,52.479167,-2.125,352.6,169.9,-9,1.05,0,0.51,37,5.0119,3,-16
2026-08-30 03:02:00+00:00,80m,3.5700928,DL4XJ,JO42,52.5,9.0,857.0,108.7,1,0.15,0,0.58,30,1.0,1,1
2026-08-30 03:02:00+00:00,80m,3.5701679,DL9ZY,JO30,50.5,7.0,877.5,126.1,-19,0.19,0,0.12,37,5.0119,1,-26
2026-08-30 03:02:00+00:00,80m,3.570172,DL9ZY,JO30,50.5,7.0,877.5,126.1,6,0.19,0,0.57,37,5.0119,1,-1
2026-08-30 03:02:00+00:00,80m,3.5700899,DO7RMO,JN68,48.5,13.0,1346.6,119.2,-1,0.15,0,0.46,40,10.0,1,-11
2026-08-30 03:02:00+00:00,80m,3.5701592,G3JKF,JO00,50.5,1.0,628.3,152.9,-5,0.15,0,0.41,33,1.9953,1,-8
2026-08-30 03:02:00+00:00,80m,3.5700555,PC2A,JO21,51.5,5.0,699.6,127.4,-19,0.07,0,0.12,17,0.0501,1,-6
2026-08-30 03:02:00+00:00,80m,3.5700526,G4BOO,IO91,51.5,-1.0,475.8,162.7,-10,0.71,0,0.16,37,5.0119,1,-17
2026-08-30 03:02:00+00:00,80m,3.5700114,CS5WB,IM68,38.5,-7.0,1924.6,190.5,-31,-0.06,0,0.14,23,0.1995,1,-24
2026-08-30 03:02:00+00:00,80m,3.5700733,M0GUC,IO82,52.5,-3.0,345.2,179.5,-23,0.45,1,0.13,37,5.0119,1,-30
2026-08-30 03:04:00+00:00,40m,7.0399933,IU0JJD,JN61,41.5,13.0,1953.0,136.7,-8,-0.02,0,0.68,23,0.1995,1,-1
2026-08-30 03:04:00+00:00,40m,7.0401512,I0LYO,JN52,42.5,11.0,1773.3,139.4,-29,5.49,0,0.13,23,0.1995,1,-22
2026-08-30 03:06:00+00:00,40m,7.0399933,<IU0JJD>,JN61TP,41.645833,13.625,1966.6,135.1,-5,-0.02,0,0.72,23,0.1995,3,2
2026-08-30 03:14:00+00:00,80m,3.5700009,F4EKH,JN05,45.5,1.0,1158.7,164.1,-6,-0.83,0,0.59,30,1.0,1,-6
2026-08-30 03:14:00+00:00,80m,3.5700588,GX2PLX,JO02,52.5,1.0,434.3,141.0,-6,-0.66,0,0.12,43,19.9526,1,-19
2026-08-30 03:14:00+00:00,80m,3.5700903,DO7RMO,JN68,48.5,13.0,1346.6,119.2,-11,0.19,0,0.48,40,10.0,1,-21
2026-08-30 03:14:00+00:00,80m,3.5701564,PI4CC,JO21,51.5,5.0,699.6,127.4,-17,0.15,0,0.16,17,0.0501,1,-4
2026-08-30 03:16:00+00:00,80m,3.5701809,HG7RED,JN97,47.5,19.0,1759.2,111.6,-20,0.32,0,0.31,23,0.1995,1,-13
2026-08-30 03:16:00+00:00,80m,3.5701524,HB9BAX,JN36,46.5,7.0,1229.2,141.2,-18,0.19,0,0.3,23,0.1995,1,-11
2026-08-30 03:16:00+00:00,80m,3.5701188,G7UJY,IO93,53.5,-1.0,268.4,149.8,-19,1.13,0,0.12,23,0.1995,1,-12
2026-08-30 03:16:00+00:00,80m,3.5700905,<LX1MGG>,JN39BN,49.5625,6.125,912.2,133.6,-17,2.07,0,0.19,23,0.1995,3,-10
2026-08-30 03:16:00+00:00,80m,3.5700635,CT1BAT,IN50,40.5,-9.0,1735.3,197.1,-22,0.28,0,0.15,0,0.001,1,8
2026-08-30 03:16:00+00:00,80m,3.5700991,DO7LIA,JO40,50.5,9.0,982.7,120.3,8,0.19,0,0.65,37,5.0119,1,1
2026-08-30 03:20:00+00:00,160m,1.8381591,G3JKF,JO00,50.5,1.0,628.3,152.9,-27,0.24,0,0.16,33,1.9953,1,-30
2026-08-30 03:22:00+00:00,80m,3.5700167,DD3MS,JN59,49.5,11.0,1163.6,119.8,-6,-0.06,0,0.26,20,0.1,1,4
2026-08-30 03:22:00+00:00,80m,3.5700238,DK3SS,JN49,49.5,9.0,1057.4,124.9,10,5.06,0,0.74,33,1.9953,1,7
2026-08-30 03:22:00+00:00,80m,3.5700903,DO7RMO,JN68,48.5,13.0,1346.6,119.2,-12,0.19,0,0.31,40,10.0,1,-22
2026-08-30 03:22:00+00:00,80m,3.5700909,LX1MGG,JN39,49.5,7.0,958.2,130.9,-19,2.03,0,0.25,23,0.1995,1,-12
2026-08-30 03:22:00+00:00,80m,3.5701094,<CT1ETL/1>,IM58OB,38.0625,-8.791667,1997.3,194.8,-11,0.37,0,0.43,33,1.9953,3,-14
2026-08-30 03:22:00+00:00,80m,3.5701596,G3JKF,JO00,50.5,1.0,628.3,152.9,-8,0.15,0,0.54,33,1.9953,1,-11
2026-08-30 03:22:00+00:00,80m,3.5701887,CS5WB,IM68,38.5,-7.0,1924.6,190.5,-29,0.07,0,0.18,23,0.1995,1,-22
2026-08-30 03:24:00+00:00,40m,7.0400857,YO6FNF,KN25,45.5,25.0,2255.1,108.1,-19,-0.15,0,0.27,20,0.1,1,-9
2026-08-30 03:24:00+00:00,40m,7.0401623,IU0JJD,JN61,41.5,13.0,1953.0,136.7,-9,-0.02,0,0.66,23,0.1995,1,-2
2026-08-30 03:26:00+00:00,40m,7.0401624,<IU0JJD>,JN61TP,41.645833,13.625,1966.6,135.1,-10,-0.02,0,0.65,23,0.1995,3,-3
2026-08-30 03:26:00+00:00,40m,7.0400537,CS5WB,IM68,38.5,-7.0,1924.6,190.5,-26,-0.02,0,0.23,23,0.1995,1,-19
2026-08-30 03:32:00+00:00,40m,7.04013,EA5UV,IM99,39.5,-1.0,1797.0,174.3,-19,-0.02,0,0.32,23,0.1995,1,-12
2026-08-30 03:34:00+00:00,160m,1.8381707,GM4DTH,IO85,55.5,-3.0,11.9,167.2,-9,-0.02,0,0.49,23,0.1995,1,-2
2026-08-30 03:34:00+00:00,160m,1.8380704,GM4DTH,IO85,55.5,-3.0,11.9,167.2,-22,-0.02,0,0.27,23,0.1995,1,-15
2026-08-30 03:40:00+00:00,160m,1.8380521,G3LRS,IO92,52.5,-1.0,370.0,158.1,-19,0.02,0,0.41,23,0.1995,1,-12
2026-08-30 03:40:00+00:00,160m,1.8381005,SM6WZI,JO67,57.5,13.0,1003.0,71.3,-24,0.28,0,0.19,37,5.0119,1,-31
2026-08-30 03:40:00+00:00,160m,1.838159,G3JKF,JO00,50.5,1.0,628.3,152.9,-27,-0.02,0,0.19,33,1.9953,1,-30
2026-08-30 03:42:00+00:00,80m,3.570184,G7UJY,IO93,53.5,-1.0,268.4,149.8,-20,1.22,0,0.24,23,0.1995,1,-13
2026-08-30 03:42:00+00:00,80m,3.5701596,G3JKF,JO00,50.5,1.0,628.3,152.9,-2,0.07,0,0.52,33,1.9953,1,-5
2026-08-30 03:42:00+00:00,80m,3.5701529,F4WFT,IN98,48.5,-1.0,802.1,169.2,-5,0.19,0,0.53,23,0.1995,1,2
2026-08-30 03:42:00+00:00,80m,3.5701454,2E0FDM,IO81,51.5,-3.0,456.4,179.6,-22,0.37,0,0.13,23,0.1995,1,-15
2026-08-30 03:42:00+00:00,80m,3.5700751,EA6URP,JM19,39.5,3.0,1845.5,163.5,-15,0.41,0,0.33,23,0.1995,1,-8
2026-08-30 03:42:00+00:00,80m,3.5700604,EI7HZB,IO65,55.5,-7.0,249.2,269.0,-23,0.37,0,0.17,23,0.1995,1,-16
2026-08-30 03:42:00+00:00,80m,3.5700009,F4EKH,JN05,45.5,1.0,1158.7,164.1,-6,-0.96,0,0.6,30,1.0,1,-6
2026-08-30 03:42:00+00:00,80m,3.5700927,DL4XJ,JO42,52.5,9.0,857.0,108.7,0,0.15,0,0.61,30,1.0,1,0
2026-08-30 03:46:00+00:00,40m,7.0400023,<IU0JJD>,JN61TP,41.645833,13.625,1966.6,135.1,-16,-0.1,0,0.52,23,0.1995,3,-9
2026-08-30 03:46:00+00:00,40m,7.0400785,EA6URP,JM19,39.5,3.0,1845.5,163.5,-9,0.37,0,0.69,23,0.1995,1,-2
2026-08-30 03:46:00+00:00,40m,7.0401542,EA5RKP,IM99,39.5,-1.0,1797.0,174.3,-22,-0.02,0,0.33,23,0.1995,1,-15
2026-08-30 03:54:00+00:00,80m,3.5701062,EA6URP,JM19,39.5,3.0,1845.5,163.5,-12,0.37,0,0.5,23,0.1995,1,-5
2026-08-30 03:54:00+00:00,80m,3.5701721,DL9ZY,JO30,50.5,7.0,877.5,126.1,7,0.19,0,0.56,37,5.0119,1,0
2026-08-30 03:54:00+00:00,80m,3.5701019,DF7PE,JN48,48.5,9.0,1138.1,128.9,-29,0.15,0,0.18,23,0.1995,1,-22
2026-08-30 03:54:00+00:00,80m,3.5700008,<F4EKH>,JN05LU,45.854167,0.958333,1119.6,163.9,-4,-0.96,0,0.6,30,1.0,3,-4
2026-08-30 03:54:00+00:00,80m,3.5700239,DK3SS,JN49,49.5,9.0,1057.4,124.9,6,5.14,0,0.43,33,1.9953,1,3
2026-08-30 03:54:00+00:00,80m,3.5700527,G4BOO,IO91,51.5,-1.0,475.8,162.7,-9,0.83,0,0.36,37,5.0119,1,-16
2026-08-30 03:56:00+00:00,40m,7.0400861,YO6FNF,KN25,45.5,25.0,2255.1,108.1,-22,0.15,0,0.16,20,0.1,1,-12
2026-08-30 03:56:00+00:00,40m,7.0401025,SP8KM,KO00,50.5,21.0,1693.9,99.5,-20,6.17,0,0.28,30,1.0,1,-20
2026-08-30 03:56:00+00:00,40m,7.0401227,EA6ANX,JM19,39.5,3.0,1845.5,163.5,-3,0.15,0,0.75,23,0.1995,1,4
2026-08-30 03:56:00+00:00,40m,7.0401614,<IU0JJD>,JN61TP,41.645833,13.625,1966.6,135.1,-12,-0.15,0,0.35,23,0.1995,3,-5
2026-08-30 03:56:00+00:00,40m,7.0401658,EA5UV,IM99,39.5,-1.0,1797.0,174.3,-12,-0.1,0,0.37,23,0.1995,1,-5
2026-08-30 04:02:00+00:00,80m,3.570157,PI4CC,JO21,51.5,5.0,699.6,127.4,-14,-0.1,0,0.13,17,0.0501,1,-1
2026-08-30 04:02:00+00:00,80m,3.5702005,G7UJY,IO93,53.5,-1.0,268.4,149.8,-24,1.13,0,0.22,23,0.1995,1,-17
2026-08-30 04:02:00+00:00,80m,3.5701596,G3JKF,JO00,50.5,1.0,628.3,152.9,-2,0.02,0,0.31,33,1.9953,1,-5
2026-08-30 04:02:00+00:00,80m,3.5701595,GX2PLX,JO02,52.5,1.0,434.3,141.0,-8,-0.74,0,0.28,43,19.9526,1,-21
2026-08-30 04:02:00+00:00,80m,3.5701307,CS5WB,IM68,38.5,-7.0,1924.6,190.5,-18,0.11,0,0.47,23,0.1995,1,-11
2026-08-30 04:02:00+00:00,80m,3.5700504,<OK1BF>,JO70UB,50.0625,15.708333,1396.3,108.4,-13,-0.1,0,0.39,23,0.1995,3,-6
2026-08-30 04:02:00+00:00,80m,3.5701002,OZ4JJ,JO56,56.5,11.0,876.0,77.7,-26,0.15,0,0.19,13,0.02,1,-9
2026-08-30 04:02:00+00:00,80m,3.5700574,PC2A,JO21,51.5,5.0,699.6,127.4,-11,0.15,0,0.43,17,0.0501,1,2
2026-08-30 04:02:00+00:00,80m,3.5701135,PE1ANW,JO31,51.5,7.0,804.0,120.4,-23,-0.23,0,0.22,23,0.1995,1,-16
2026-08-30 04:02:00+00:00,80m,3.5700204,PA5CA,JO32,52.5,7.0,739.9,113.6,-21,-0.4,0,0.36,10,0.01,1,-1
2026-08-30 04:02:00+00:00,80m,3.5700009,<F4EKH>,JN05LU,45.854167,0.958333,1119.6,163.9,-8,-1.0,0,0.54,30,1.0,3,-8
2026-08-30 04:06:00+00:00,40m,7.040002,EA5RKP,IM99,39.5,-1.0,1797.0,174.3,-13,-0.06,0,0.35,23,0.1995,1,-6
2026-08-30 04:06:00+00:00,40m,7.0400047,<IU0JJD>,JN61TP,41.645833,13.625,1966.6,135.1,-12,-0.1,0,0.43,23,0.1995,3,-5
2026-08-30 04:06:00+00:00,40m,7.0401055,CS5WB,IM68,38.5,-7.0,1924.6,190.5,-22,0.02,0,0.32,23,0.1995,1,-15
2026-08-30 04:16:00+00:00,80m,3.5701832,PE1ANW,JO31,51.5,7.0,804.0,120.4,-24,-0.23,0,0.21,23,0.1995,1,-17
2026-08-30 04:16:00+00:00,80m,3.5700911,DO7RMO,JN68,48.5,13.0,1346.6,119.2,-9,0.19,0,0.29,40,10.0,1,-19
2026-08-30 04:16:00+00:00,80m,3.5702015,HB9BAX,JN36,46.5,7.0,1229.2,141.2,-18,0.15,0,0.4,23,0.1995,1,-11
2026-08-30 04:16:00+00:00,80m,3.5700476,PA2RDK,JO31,51.5,7.0,804.0,120.4,-24,-0.74,0,0.18,0,0.001,1,6
2026-08-30 04:16:00+00:00,80m,3.5700612,OK1BF,JO70,50.5,15.0,1327.6,107.8,-8,-0.02,0,0.55,23,0.1995,1,-1
2026-08-30 04:20:00+00:00,160m,1.8381982,M0XDC,JO01,51.5,1.0,528.5,148.0,-26,0.28,0,0.21,37,5.0119,1,-33
2026-08-30 04:22:00+00:00,80m,3.5700432,SA7CND,JO76,56.5,15.0,1121.5,77.5,-18,0.02,0,0.23,20,0.1,1,-8
2026-08-30 04:22:00+00:00,80m,3.5700529,G4BOO,IO91,51.5,-1.0,475.8,162.7,0,0.92,0,0.69,37,5.0119,1,-7
2026-08-30 04:22:00+00:00,80m,3.5700885,DD3MS,JN59,49.5,11.0,1163.6,119.8,-3,-0.1,0,0.7,20,0.1,1,7
2026-08-30 04:22:00+00:00,80m,3.5701093,CT1ETL/1,,,,,,-7,0.37,0,0.53,33,1.9953,2,-10
2026-08-30 04:22:00+00:00,80m,3.5701204,CS5WB,IM68,38.5,-7.0,1924.6,190.5,-23,0.07,0,0.21,23,0.1995,1,-16
2026-08-30 04:22:00+00:00,80m,3.5701411,<...>,IO82WL,52.479167,-2.125,352.6,169.9,-18,0.96,0,0.29,37,5.0119,3,-25
2026-08-30 04:22:00+00:00,80m,3.5701474,2E0FDM,IO81,51.5,-3.0,456.4,179.6,-23,0.41,0,0.17,23,0.1995,1,-16
2026-08-30 04:22:00+00:00,80m,3.5701595,G3JKF,JO00,50.5,1.0,628.3,152.9,2,-0.02,0,0.65,33,1.9953,1,-1
2026-08-30 04:22:00+00:00,80m,3.5701832,OE7XZB,JN57,47.5,11.0,1320.1,127.2,-19,-0.02,0,0.31,23,0.1995,1,-12
2026-08-30 04:24:00+00:00,40m,7.0401346,IU0JJD,JN61,41.5,13.0,1953.0,136.7,-15,-0.02,0,0.48,23,0.1995,1,-8
2026-08-30 04:24:00+00:00,40m,7.0401167,<EA6URP>,JM19IN,39.5625,2.708333,1833.6,164.2,-14,0.37,0,0.56,23,0.1995,3,-7
2026-08-30 04:24:00+00:00,40m,7.0401026,SP8KM,KO00,50.5,21.0,1693.9,99.5,-10,6.17,0,0.52,30,1.0,1,-10
2026-08-30 04:24:00+00:00,40m,7.0400724,EA5XQ,IM99,39.5,-1.0,1797.0,174.3,-18,3.78,0,0.49,23,0.1995,1,-11
2026-08-30 04:24:00+00:00,40m,7.0400009,F4EKH,JN05,45.5,1.0,1158.7,164.1,-23,-0.91,0,0.32,30,1.0,1,-23
2026-08-30 04:26:00+00:00,40m,7.0400544,I0LYO,JN52,42.5,11.0,1773.3,139.4,-23,0.49,0,0.29,23,0.1995,1,-16
2026-08-30 04:26:00+00:00,40m,7.0400878,SR9KRT,KN09,49.5,21.0,1750.2,102.7,-26,-0.1,0,0.16,3,0.002,1,1
2026-08-30 04:26:00+00:00,40m,7.0401347,<IU0JJD>,JN61TP,41.645833,13.625,1966.6,135.1,-15,-0.02,0,0.49,23,0.1995,3,-8
2026-08-30 04:26:00+00:00,40m,7.0401753,EA5RKP,IM99,39.5,-1.0,1797.0,174.3,-18,0.02,0,0.46,23,0.1995,1,-11
2026-08-30 04:32:00+00:00,40m,7.0400931,EA6ANX,JM19,39.5,3.0,1845.5,163.5,-11,0.19,0,0.63,23,0.1995,1,-4
2026-08-30 04:32:00+00:00,40m,7.0401024,SP8KM,KO00,50.5,21.0,1693.9,99.5,-20,6.08,0,0.3,30,1.0,1,-20
2026-08-30 04:32:00+00:00,40m,7.0401402,OK2SAM,JN99,49.5,19.0,1628.3,105.4,-25,1.01,0,0.13,27,0.5012,1,-22
2026-08-30 04:34:00+00:00,160m,1.8380093,GM4DTH,IO85,55.5,-3.0,11.9,167.2,-23,-0.1,0,0.25,23,0.1995,1,-16
2026-08-30 04:34:00+00:00,160m,1.8381093,GM4DTH,IO85,55.5,-3.0,11.9,167.2,-11,-0.06,0,0.34,23,0.1995,1,-4
2026-08-30 04:38:00+00:00,80m,3.5701565,PI4CC,JO21,51.5,5.0,699.6,127.4,-9,0.11,0,0.52,17,0.0501,1,4
2026-08-30 04:38:00+00:00,80m,3.5701101,PA5CA,JO32,52.5,7.0,739.9,113.6,-16,0.07,0,0.42,10,0.01,1,4
2026-08-30 04:38:00+00:00,80m,3.5700519,G3LRS,IO92,52.5,-1.0,370.0,158.1,-10,-0.02,0,0.27,27,0.5012,1,-7
2026-08-30 04:38:00+00:00,80m,3.5700573,PC2A,JO21,51.5,5.0,699.6,127.4,-8,0.11,0,0.38,17,0.0501,1,5
2026-08-30 04:40:00+00:00,160m,1.8380528,G3LRS,IO92,52.5,-1.0,370.0,158.1,-24,0.07,0,0.22,23,0.1995,1,-17
2026-08-30 04:40:00+00:00,160m,1.8381024,G7UJY,IO93,53.5,-1.0,268.4,149.8,-23,1.22,0,0.24,23,0.1995,1,-16
2026-08-30 04:40:00+00:00,160m,1.8381595,G3JKF,JO00,50.5,1.0,628.3,152.9,-23,0.19,0,0.26,33,1.9953,1,-26
2026-08-30 04:42:00+00:00,80m,3.5701975,M0XDC,JO01,51.5,1.0,528.5,148.0,2,0.15,0,0.63,37,5.0119,1,-5
2026-08-30 04:42:00+00:00,80m,3.570002,<F4EKH>,JN05LU,45.854167,0.958333,1119.6,163.9,-6,-1.09,0,0.32,30,1.0,3,-6
2026-08-30 04:42:00+00:00,80m,3.570024,DK3SS,JN49,49.5,9.0,1057.4,124.9,-4,5.06,0,0.6,33,1.9953,1,-7
2026-08-30 04:42:00+00:00,80m,3.5700931,DL4XJ,JO42,52.5,9.0,857.0,108.7,-4,0.15,-1,0.5,30,1.0,1,-4
2026-08-30 04:42:00+00:00,80m,3.5701096,<CT1ETL/1>,IM58OB,38.0625,-8.791667,1997.3,194.8,-13,0.37,0,0.26,33,1.9953,3,-16
2026-08-30 04:42:00+00:00,80m,3.5701336,EA6URP,JM19,39.5,3.0,1845.5,163.5,-16,0.28,1,0.13,23,0.1995,1,-9
2026-08-30 04:42:00+00:00,80m,3.5701535,F4WFT,IN98,48.5,-1.0,802.1,169.2,-5,0.11,0,0.41,23,0.1995,1,2
2026-08-30 04:42:00+00:00,80m,3.57016,G3JKF,JO00,50.5,1.0,628.3,152.9,-3,0.15,0,0.34,33,1.9953,1,-6
2026-08-30 04:46:00+00:00,40m,7.0401571,EA6URP,JM19,39.5,3.0,1845.5,163.5,-19,0.37,0,0.4,23,0.1995,1,-12
2026-08-30 04:46:00+00:00,40m,7.040167,EA5RKP,IM99,39.5,-1.0,1797.0,174.3,-22,-0.06,0,0.3,23,0.1995,1,-15
2026-08-30 04:46:00+00:00,40m,7.0400677,<IU0JJD>,JN61TP,41.645833,13.625,1966.6,135.1,-22,-0.1,0,0.26,23,0.1995,3,-15
2026-08-30 04:54:00+00:00,40m,7.0400269,EA5RKP,IM99,39.5,-1.0,1797.0,174.3,-27,0.02,0,0.23,23,0.1995,1,-20
2026-08-30 04:54:00+00:00,40m,7.0400929,CT1BAT,IN50,40.5,-9.0,1735.3,197.1,-23,0.37,0,0.19,0,0.001,1,7
2026-08-30 04:54:00+00:00,40m,7.0400984,<OK1BF>,JO70UB,50.0625,15.708333,1396.3,108.4,-17,-0.1,0,0.42,23,0.1995,3,-10
2026-08-30 04:54:00+00:00,40m,7.0401073,IU0JJD,JN61,41.5,13.0,1953.0,136.7,-19,-0.06,0,0.37,23,0.1995,1,-12
2026-08-30 04:58:00+00:00,160m,1.8380748,GM4DTH,IO85,55.5,-3.0,11.9,167.2,-25,-0.06,0,0.22,23,0.1995,1,-18
2026-08-30 04:58:00+00:00,160m,1.8381103,<CT1ETL/1>,IM58OB,38.0625,-8.791667,1997.3,194.8,-24,0.32,0,0.19,33,1.9953,3,-27
2026-08-30 04:58:00+00:00,160m,1.838166,G7UJY,IO93,53.5,-1.0,268.4,149.8,-26,1.13,0,0.2,23,0.1995,1,-19
2026-08-30 05:02:00+00:00,80m,3.5701593,G3JKF,JO00,50.5,1.0,628.3,152.9,-1,0.11,0,0.64,33,1.9953,1,-4
2026-08-30 05:02:00+00:00,80m,3.5700571,PC2A,JO21,51.5,5.0,699.6,127.4,-1,0.11,0,0.65,17,0.0501,1,12
2026-08-30 05:02:00+00:00,80m,3.5700933,2E0FDM,IO81,51.5,-3.0,456.4,179.6,-21,0.37,0,0.18,23,0.1995,1,-14
2026-08-30 05:02:00+00:00,80m,3.5701563,PI4CC,JO21,51.5,5.0,699.6,127.4,-1,0.11,0,0.63,17,0.0501,1,12
2026-08-30 05:02:00+00:00,80m,3.5701701,PA5CA,JO32,52.5,7.0,739.9,113.6,-22,-0.36,0,0.17,10,0.01,1,-2
2026-08-30 05:04:00+00:00,40m,7.0401148,EA5XQ,IM99,39.5,-1.0,1797.0,174.3,-27,3.82,0,0.2,23,0.1995,1,-20
2026-08-30 05:04:00+00:00,40m,7.0401023,SP8KM,KO00,50.5,21.0,1693.9,99.5,-25,6.04,0,0.17,30,1.0,1,-25
2026-08-30 05:04:00+00:00,40m,7.0400744,IU0JJD,JN61,41.5,13.0,1953.0,136.7,-22,-0.02,0,0.24,23,0.1995,1,-15
2026-08-30 05:04:00+00:00,40m,7.0400699,OH6CR,KP12,62.5,23.0,1659.1,51.9,-27,0.02,0,0.22,23,0.1995,1,-20
2026-08-30 05:06:00+00:00,40m,7.0400008,F4EKH,JN05,45.5,1.0,1158.7,164.1,-18,0.11,0,0.47,30,1.0,1,-18
2026-08-30 05:06:00+00:00,40m,7.0400744,<IU0JJD>,JN61TP,41.645833,13.625,1966.6,135.1,-23,-0.06,0,0.25,23,0.1995,3,-16
2026-08-30 05:06:00+00:00,40m,7.0401022,SP8KM,KO00,50.5,21.0,1693.9,99.5,-25,5.1,0,0.14,30,1.0,1,-25
2026-08-30 05:06:00+00:00,40m,7.0401618,EA5RKP,IM99,39.5,-1.0,1797.0,174.3,-25,-0.02,0,0.25,23,0.1995,1,-18
2026-08-30 05:08:00+00:00,30m,10.1401044,HA4GHR,JN97,47.5,19.0,1759.2,111.6,-19,-1.34,0,0.15,23,0.1995,1,-12
2026-08-30 05:12:00+00:00,80m,3.5700998,DO7LIA,JO40,50.5,9.0,982.7,120.3,5,0.24,0,0.64,37,5.0119,1,-2
2026-08-30 05:12:00+00:00,80m,3.5700653,G4UJS,IO82,52.5,-3.0,345.2,179.5,-11,0.49,0,0.49,23,0.1995,1,-4
2026-08-30 05:12:00+00:00,80m,3.5701684,VE2FU,FN46,46.5,-71.0,4657.5,287.1,-23,0.32,0,0.19,30,1.0,1,-23
2026-08-30 05:12:00+00:00,80m,3.5700126,SM7PNS,JO66,56.5,13.0,998.8,77.7,-22,0.45,0,0.3,23,0.1995,1,-15
2026-08-30 05:12:00+00:00,80m,3.5700014,<F4EKH>,JN05LU,45.854167,0.958333,1119.6,163.9,-12,0.11,0,0.32,30,1.0,3,-12
2026-08-30 05:12:00+00:00,80m,3.5700499,EI0CF,IO65,55.5,-7.0,249.2,269.0,-24,0.28,0,0.2,23,0.1995,1,-17
2026-08-30 05:12:00+00:00,80m,3.5701824,GM0PXV,IO85,55.5,-3.0,11.9,167.2,-16,-0.06,1,0.23,23,0.1995,1,-9
2026-08-30 05:14:00+00:00,160m,1.8381244,G4HSB,IO94,54.5,-1.0,178.8,132.5,-1,0.24,0,0.65,23,0.1995,1,6
2026-08-30 05:14:00+00:00,160m,1.8380358,GM4DTH,IO85,55.5,-3.0,11.9,167.2,-20,0.02,0,0.37,23,0.1995,1,-13
2026-08-30 05:22:00+00:00,80m,3.5701602,G3JKF,JO00,50.5,1.0,628.3,152.9,8,0.07,0,0.65,33,1.9953,1,5
2026-08-30 05:22:00+00:00,80m,3.5701724,DL9ZY,JO30,50.5,7.0,877.5,126.1,-3,0.28,0,0.26,37,5.0119,1,-10
2026-08-30 05:22:00+00:00,80m,3.5701692,GX2PLX,JO02,52.5,1.0,434.3,141.0,-3,-0.62,0,0.27,43,19.9526,1,-16
2026-08-30 05:22:00+00:00,80m,3.570164,W1EZ,FN42,42.5,-71.0,4943.5,282.6,-9,0.41,0,0.13,40,10.0,1,-19
2026-08-30 05:22:00+00:00,80m,3.5701426,GM8HHC,IO85,55.5,-3.0,11.9,167.2,-21,0.07,0,0.19,23,0.1995,1,-14
2026-08-30 05:22:00+00:00,80m,3.5700995,G6UZT,IO82,52.5,-3.0,345.2,179.5,-18,0.24,-1,0.33,37,5.0119,1,-25
2026-08-30 05:22:00+00:00,80m,3.5700608,EI7HZB,IO65,55.5,-7.0,249.2,269.0,-7,0.37,0,0.53,23,0.1995,1,0
2026-08-30 05:22:00+00:00,80m,3.5700397,KK1D,FN31,41.5,-73.0,5140.6,283.0,-28,0.19,0,0.19,30,1.0,1,-28
2026-08-30 05:22:00+00:00,80m,3.5701174,DD3MS,JN59,49.5,11.0,1163.6,119.8,-19,0.07,0,0.18,20,0.1,1,-9
2026-08-30 05:22:00+00:00,80m,3.5700603,OZ7IT,JO65,55.5,13.0,1006.8,84.0,-14,0.15,0,0.23,37,5.0119,1,-21
2026-08-30 05:24:00+00:00,40m,7.0400009,F4EKH,JN05,45.5,1.0,1158.7,164.1,-16,0.15,0,0.5,30,1.0,1,-16
2026-08-30 05:24:00+00:00,40m,7.0400184,<SG7SUN/B>,JO76OU,56.854167,15.208333,1133.1,75.4,-17,0.49,0,0.23,27,0.5012,3,-14
2026-08-30 05:24:00+00:00,40m,7.0400223,OK1BF,JO70,50.5,15.0,1327.6,107.8,-17,-0.06,0,0.39,23,0.1995,1,-10
2026-08-30 05:24:00+00:00,40m,7.0400368,<EA6URP>,JM19IN,39.5625,2.708333,1833.6,164.2,-25,0.41,0,0.19,23,0.1995,3,-18
2026-08-30 05:24:00+00:00,40m,7.0400385,DK2DB,JN48,48.5,9.0,1138.1,128.9,-19,0.19,0,0.27,37,5.0119,1,-26
2026-08-30 05:24:00+00:00,40m,7.0400638,SM3HZA,JP80,60.5,17.0,1292.0,56.9,-11,5.4,0,0.27,23,0.1995,1,-4
2026-08-30 05:24:00+00:00,40m,7.0400652,EA5UV,IM99,39.5,-1.0,1797.0,174.3,-15,-0.02,0,0.33,23,0.1995,1,-8
2026-08-30 05:24:00+00:00,40m,7.0400714,HB9IIU,JN36,46.5,7.0,1229.2,141.2,-15,0.02,0,0.46,23,0.1995,1,-8
2026-08-30 05:24:00+00:00,40m,7.0401521,HB9YC,JN46,46.5,9.0,1312.8,135.4,-19,0.11,0,0.35,30,1.0,1,-19
2026-08-30 05:26:00+00:00,40m,7.0401665,HB9T,JN36,46.5,7.0,1229.2,141.2,-23,0.41,0,0.21,23,0.1995,1,-16
2026-08-30 05:26:00+00:00,40m,7.0401376,F6EGX,JN35,45.5,7.0,1325.8,143.7,-3,0.19,0,0.57,37,5.0119,1,-10
2026-08-30 05:26:00+00:00,40m,7.0401045,DG2NPE,JN59,49.5,11.0,1163.6,119.8,-19,-0.02,0,0.26,0,0.001,1,11
2026-08-30 05:26:00+00:00,40m,7.0400744,DL6NL,JO50,50.5,11.0,1093.8,115.4,-18,0.66,0,0.11,27,0.5012,1,-15
2026-08-30 05:26:00+00:00,40m,7.0400338,SM3HZA,JP80,60.5,17.0,1292.0,56.9,-18,5.19,0,0.34,23,0.1995,1,-11
2026-08-30 05:26:00+00:00,40m,7.0400226,<OK1BF>,JO70UB,50.0625,15.708333,1396.3,108.4,-22,0.02,0,0.31,23,0.1995,3,-15
2026-08-30 05:34:00+00:00,40m,7.0400044,DB1IAT,JN48,48.5,9.0,1138.1,128.9,-18,0.79,0,0.36,30,1.0,1,-18
2026-08-30 05:34:00+00:00,40m,7.0400168,SM3HZA,JP80,60.5,17.0,1292.0,56.9,-10,4.8,0,0.47,23,0.1995,1,-3
2026-08-30 05:34:00+00:00,40m,7.0400388,DK2DB,JN48,48.5,9.0,1138.1,128.9,-3,0.24,0,0.61,37,5.0119,1,-10
2026-08-30 05:34:00+00:00,40m,7.0400742,DL6NL,JO50,50.5,11.0,1093.8,115.4,-24,0.66,0,0.2,27,0.5012,1,-21
2026-08-30 05:34:00+00:00,40m,7.0401042,DG2NPE,JN59,49.5,11.0,1163.6,119.8,-22,0.11,0,0.31,0,0.001,1,8
2026-08-30 05:34:00+00:00,40m,7.0401539,SA7RST,JO78,58.5,15.0,1133.7,66.1,-26,0.28,0,0.32,23,0.1995,1,-19
2026-08-30 05:34:00+00:00,40m,7.0401788,IU0JJD,JN61,41.5,13.0,1953.0,136.7,-31,0.02,1,0.12,23,0.1995,1,-24
2026-08-30 05:36:00+00:00,80m,3.5701782,EI0CF,IO65,55.5,-7.0,249.2,269.0,-19,0.28,0,0.36,23,0.1995,1,-12
2026-08-30 05:36:00+00:00,80m,3.5701514,HB9AK,JN36,46.5,7.0,1229.2,141.2,-19,0.24,0,0.25,23,0.1995,1,-12
2026-08-30 05:36:00+00:00,80m,3.5701262,DL1FX,JN49,49.5,9.0,1057.4,124.9,-18,0.02,0,0.14,23,0.1995,1,-11
2026-08-30 05:36:00+00:00,80m,3.5700462,<DL2TT>,JO31LL,51.479167,6.958333,803.2,120.7,-17,-0.06,0,0.19,23,0.1995,3,-10
2026-08-30 05:36:00+00:00,80m,3.5700238,DK3SS,JN49,49.5,9.0,1057.4,124.9,-15,5.14,0,0.45,33,1.9953,1,-18
2026-08-30 05:36:00+00:00,80m,3.5701049,EI7II,IO51,51.5,-9.0,602.2,223.2,1,0.54,0,0.73,23,0.1995,1,8
2026-08-30 05:42:00+00:00,80m,3.5701723,DL9ZY,JO30,50.5,7.0,877.5,126.1,1,0.24,0,0.42,37,5.0119,1,-6
2026-08-30 05:42:00+00:00,80m,3.5700014,F4EKH,JN05,45.5,1.0,1158.7,164.1,-15,0.11,0,0.5,30,1.0,1,-15
2026-08-30 05:42:00+00:00,80m,3.5700362,2E0FDM,IO81,51.5,-3.0,456.4,179.6,-18,0.49,0,0.46,23,0.1995,1,-11
2026-08-30 05:42:00+00:00,80m,3.5700394,KK1D,FN31,41.5,-73.0,5140.6,283.0,-29,0.19,0,0.12,30,1.0,1,-29
2026-08-30 05:42:00+00:00,80m,3.5700601,EI7HZB,IO65,55.5,-7.0,249.2,269.0,-15,0.41,0,0.54,23,0.1995,1,-8
2026-08-30 05:42:00+00:00,80m,3.5700952,<GM0PXV>,IO85IW,55.9375,-3.291667,40.2,337.2,-4,-0.02,0,0.54,23,0.1995,3,3
2026-08-30 05:42:00+00:00,80m,3.5700993,G6UZT,IO82,52.5,-3.0,345.2,179.5,-17,0.19,0,0.33,37,5.0119,1,-24
2026-08-30 05:42:00+00:00,80m,3.5701535,F4WFT,IN98,48.5,-1.0,802.1,169.2,-11,0.15,0,0.3,23,0.1995,1,-4
2026-08-30 05:42:00+00:00,80m,3.5701596,G3JKF,JO00,50.5,1.0,628.3,152.9,-2,-0.02,0,0.57,33,1.9953,1,-5
2026-08-30 05:44:00+00:00,40m,7.0401098,SM3HZA,JP80,60.5,17.0,1292.0,56.9,-14,5.27,0,0.42,23,0.1995,1,-7
2026-08-30 05:44:00+00:00,40m,7.0401023,SP8KM,KO00,50.5,21.0,1693.9,99.5,-20,6.13,0,0.33,30,1.0,1,-20
2026-08-30 05:44:00+00:00,40m,7.0400387,DK2DB,JN48,48.5,9.0,1138.1,128.9,-7,0.24,0,0.68,37,5.0119,1,-14
2026-08-30 05:44:00+00:00,40m,7.0400042,DB1IAT,JN48,48.5,9.0,1138.1,128.9,-23,0.88,0,0.26,30,1.0,1,-23
2026-08-30 05:44:00+00:00,40m,7.040055,SA7AHC,JO76,56.5,15.0,1121.5,77.5,-15,0.19,0,0.15,17,0.0501,1,-2
2026-08-30 05:46:00+00:00,40m,7.0401952,EA6URP,JM19,39.5,3.0,1845.5,163.5,-21,0.37,0,0.41,23,0.1995,1,-14
2026-08-30 05:46:00+00:00,40m,7.0400012,<F4EKH>,JN05LU,45.854167,0.958333,1119.6,163.9,-6,0.07,0,0.65,30,1.0,3,-6
2026-08-30 05:46:00+00:00,40m,7.0400388,<EA6ANX>,JM19GM,39.520833,2.541667,1835.3,164.7,-20,0.19,0,0.27,23,0.1995,3,-13
2026-08-30 05:46:00+00:00,40m,7.0400567,SM3HZA,JP80,60.5,17.0,1292.0,56.9,-16,5.23,0,0.38,23,0.1995,1,-9
2026-08-30 05:46:00+00:00,40m,7.0400738,DL6NL,JO50,50.5,11.0,1093.8,115.4,-21,0.66,0,0.3,27,0.5012,1,-18
2026-08-30 05:46:00+00:00,40m,7.040104,DG2NPE,JN59,49.5,11.0,1163.6,119.8,-26,0.11,0,0.16,0,0.001,1,4
2026-08-30 05:48:00+00:00,30m,10.1401999,HA6QL,JN97,47.5,19.0,1759.2,111.6,-25,0.15,0,0.26,33,1.9953,1,-28
2026-08-30 05:48:00+00:00,30m,10.1402693,EA6ANX,JM19,39.5,3.0,1845.5,163.5,-26,0.24,0,0.11,23,0.1995,1,-19
2026-08-30 05:48:00+00:00,30m,10.1400927,ES1RCG,KO29,59.5,25.0,1714.0,63.9,-26,0.15,-1,0.3,23,0.1995,1,-19
2026-08-30 05:48:00+00:00,30m,10.140277,EA5RKP,IM99,39.5,-1.0,1797.0,174.3,-12,0.02,0,0.6,23,0.1995,1,-5
2026-08-30 05:52:00+00:00,80m,3.5701224,G8LIK,IO93,53.5,-1.0,268.4,149.8,-18,0.15,0,0.38,23,0.1995,1,-11
2026-08-30 05:52:00+00:00,80m,3.5701254,<DL1FX>,JN49GR,49.729167,8.541667,1016.0,125.2,-17,0.11,0,0.43,23,0.1995,3,-10
2026-08-30 05:52:00+00:00,80m,3.5701098,CT1ETL/1,,,,,,-19,0.32,0,0.3,33,1.9953,2,-22
2026-08-30 05:52:00+00:00,80m,3.5700557,EI7II,IO51,51.5,-9.0,602.2,223.2,1,0.79,0,0.42,23,0.1995,1,8
2026-08-30 05:52:00+00:00,80m,3.5700526,G4BOO,IO91,51.5,-1.0,475.8,162.7,3,0.83,0,0.58,37,5.0119,1,-4
2026-08-30 05:52:00+00:00,80m,3.5700239,DK3SS,JN49,49.5,9.0,1057.4,124.9,-8,5.1,0,0.54,33,1.9953,1,-11
2026-08-30 05:54:00+00:00,160m,1.8380755,GM4DTH,IO85,55.5,-3.0,11.9,167.2,-21,0.02,0,0.27,23,0.1995,1,-14
2026-08-30 05:54:00+00:00,160m,1.8381169,G4HSB,IO94,54.5,-1.0,178.8,132.5,4,0.32,0,0.78,23,0.1995,1,11
2026-08-30 05:56:00+00:00,80m,3.5700571,PC2A,JO21,51.5,5.0,699.6,127.4,1,0.15,0,0.79,17,0.0501,1,14
2026-08-30 05:56:00+00:00,80m,3.5700735,GM8HHC,IO85,55.5,-3.0,11.9,167.2,-21,0.11,0,0.27,23,0.1995,1,-14
2026-08-30 05:56:00+00:00,80m,3.5701562,PI4CC,JO21,51.5,5.0,699.6,127.4,-1,0.15,0,0.79,17,0.0501,1,12
2026-08-30 05:56:00+00:00,80m,3.5701721,DL9ZY,JO30,50.5,7.0,877.5,126.1,-5,0.24,0,0.55,37,5.0119,1,-12
2026-08-30 05:58:00+00:00,40m,7.0401607,DL7AG,JO62,52.5,13.0,1099.6,101.6,-15,0.45,0,0.48,23,0.1995,1,-8
2026-08-30 05:58:00+00:00,40m,7.040156,EA6URP,JM19,39.5,3.0,1845.5,163.5,-20,0.41,0,0.36,23,0.1995,1,-13
2026-08-30 05:58:00+00:00,40m,7.0400708,SM3HZA,JP80,60.5,17.0,1292.0,56.9,-16,5.44,0,0.33,23,0.1995,1,-9
2026-08-30 05:58:00+00:00,40m,7.040077,SA7AHC,JO76,56.5,15.0,1121.5,77.5,-17,0.37,0,0.11,17,0.0501,1,-4
2026-08-30 05:58:00+00:00,40m,7.0401136,<DG1GHR>,JN48AO,48.604167,8.041667,1083.3,131.3,-22,0.19,0,0.29,37,5.0119,3,-29
2026-08-30 06:02:00+00:00,80m,3.5701598,G3JKF,JO00,50.5,1.0,628.3,152.9,-3,-0.06,0,0.36,33,1.9953,1,-6
2026-08-30 06:02:00+00:00,80m,3.5702,2E0FDM,IO81,51.5,-3.0,456.4,179.6,-17,0.45,0,0.48,23,0.1995,1,-10
2026-08-30 06:02:00+00:00,80m,3.5701706,PA5CA,JO32,52.5,7.0,739.9,113.6,-20,-0.19,0,0.2,10,0.01,1,0
2026-08-30 06:02:00+00:00,80m,3.5701561,PI4CC,JO21,51.5,5.0,699.6,127.4,-6,0.07,0,0.31,17,0.0501,1,7
2026-08-30 06:02:00+00:00,80m,3.5700274,<EI4GXB>,IO52QQ,52.6875,-8.625,487.0,230.6,-19,-0.1,0,0.47,23,0.1995,3,-12
2026-08-30 06:02:00+00:00,80m,3.5700763,M8HYX,IO84,54.5,-3.0,122.8,178.7,-18,-0.02,0,0.44,23,0.1995,1,-11
2026-08-30 06:02:00+00:00,80m,3.570057,PC2A,JO21,51.5,5.0,699.6,127.4,-10,0.11,0,0.49,17,0.0501,1,3
2026-08-30 06:02:00+00:00,80m,3.5700098,GM4DTH,IO85,55.5,-3.0,11.9,167.2,-24,-0.06,0,0.31,23,0.1995,1,-17
2026-08-30 06:02:00+00:00,80m,3.5701393,M0OLS,IO81,51.5,-3.0,456.4,179.6,-25,0.28,0,0.18,23,0.1995,1,-18
2026-08-30 06:04:00+00:00,30m,10.1401194,DL2NED,JN59,49.5,11.0,1163.6,119.8,-25,0.32,0,0.19,23,0.1995,1,-18
2026-08-30 06:04:00+00:00,30m,10.1401489,EA5RKP,IM99,39.5,-1.0,1797.0,174.3,-10,-0.02,0,0.64,23,0.1995,1,-3
2026-08-30 06:04:00+00:00,30m,10.1401675,F4GMT,IN93,43.5,-1.0,1353.8,173.0,-23,-0.06,0,0.22,23,0.1995,1,-16
2026-08-30 06:06:00+00:00,40m,7.0401014,DM2KG,JN49,49.5,9.0,1057.4,124.9,-10,0.79,0,0.57,23,0.1995,1,-3
2026-08-30 06:06:00+00:00,40m,7.0401827,F4HHR,JN07,47.5,1.0,943.1,161.2,-26,-0.83,0,0.15,10,0.01,1,-6
2026-08-30 06:06:00+00:00,40m,7.0401192,HB9IIU,JN36,46.5,7.0,1229.2,141.2,-24,-0.15,0,0.12,23,0.1995,1,-17
2026-08-30 06:06:00+00:00,40m,7.0400859,DL4XJ,JO42,52.5,9.0,857.0,108.7,-13,0.15,0,0.43,30,1.0,1,-13
2026-08-30 06:06:00+00:00,40m,7.0400736,DL6NL,JO50,50.5,11.0,1093.8,115.4,-21,0.71,0,0.27,27,0.5012,1,-18
2026-08-30 06:06:00+00:00,40m,7.0400157,TI4JWC,EK70,10.5,-85.0,8541.6,269.4,-25,0.54,0,0.14,30,1.0,1,-25
2026-08-30 06:06:00+00:00,40m,7.0400035,DB1IAT,JN48,48.5,9.0,1138.1,128.9,-28,0.83,0,0.15,30,1.0,1,-28
2026-08-30 06:06:00+00:00,40m,7.0400829,SA7AHC,JO76,56.5,15.0,1121.5,77.5,-14,0.15,0,0.25,17,0.0501,1,-1
2026-08-30 06:08:00+00:00,30m,10.1401473,IK5ZAI,JN53,43.5,11.0,1677.8,137.5,-26,-0.06,0,0.24,23,0.1995,1,-19
2026-08-30 06:08:00+00:00,30m,10.1402049,EA5RKP,IM99,39.5,-1.0,1797.0,174.3,-16,0.02,0,0.43,23,0.1995,1,-9
2026-08-30 06:08:00+00:00,30m,10.1402542,F1JSC,JN03,43.5,1.0,1376.5,166.2,-1,0.15,0,0.7,33,1.9953,1,-4
2026-08-30 06:10:00+00:00,20m,14.0970982,<IU0JJD>,JN61TP,41.645833,13.625,1966.6,135.1,-25,0.02,0,0.25,23,0.1995,3,-18
2026-08-30 06:12:00+00:00,80m,3.5701721,DL9ZY,JO30,50.5,7.0,877.5,126.1,-3,0.19,0,0.61,37,5.0119,1,-10
2026-08-30 06:12:00+00:00,80m,3.5700994,DO7LIA,JO40,50.5,9.0,982.7,120.3,-7,0.24,0,0.54,37,5.0119,1,-14
2026-08-30 06:12:00+00:00,80m,3.5701184,EI0CF,IO65,55.5,-7.0,249.2,269.0,-9,0.28,0,0.45,23,0.1995,1,-2
2026-08-30 06:12:00+00:00,80m,3.5701221,G8LIK,IO93,53.5,-1.0,268.4,149.8,-12,0.32,-1,0.2,23,0.1995,1,-5
2026-08-30 06:18:00+00:00,40m,7.040039,SA7RST,JO78,58.5,15.0,1133.7,66.1,-14,0.19,0,0.4,23,0.1995,1,-7
2026-08-30 06:18:00+00:00,40m,7.0400153,TI4JWC,EK70,10.5,-85.0,8541.6,269.4,-25,0.75,0,0.2,30,1.0,1,-25
2026-08-30 06:22:00+00:00,80m,3.5700012,F4EKH,JN05,45.5,1.0,1158.7,164.1,-26,-0.02,0,0.32,30,1.0,1,-26
2026-08-30 06:22:00+00:00,80m,3.570142,GM7FIE,IO85,55.5,-3.0,11.9,167.2,1,-0.02,0,0.49,23,0.1995,1,8
2026-08-30 06:22:00+00:00,80m,3.5701594,G3JKF,JO00,50.5,1.0,628.3,152.9,-2,0.11,0,0.61,33,1.9953,1,-5
2026-08-30 06:22:00+00:00,80m,3.5701646,W1EZ,FN42,42.5,-71.0,4943.5,282.6,-17,0.45,0,0.17,40,10.0,1,-27
2026-08-30 06:22:00+00:00,80m,3.5701731,G7UJY,IO93,53.5,-1.0,268.4,149.8,0,1.22,0,0.76,23,0.1995,1,7
2026-08-30 06:22:00+00:00,80m,3.5701949,2E0FDM,IO81,51.5,-3.0,456.4,179.6,-11,0.41,0,0.57,23,0.1995,1,-4
2026-08-30 06:24:00+00:00,40m,7.0401306,<EA6URP>,JM19IN,39.5625,2.708333,1833.6,164.2,-22,0.41,0,0.23,23,0.1995,3,-15
2026-08-30 06:24:00+00:00,40m,7.0401253,PA2PGU,JO32,52.5,7.0,739.9,113.6,-20,-0.1,0,0.37,23,0.1995,1,-13
2026-08-30 06:24:00+00:00,40m,7.04014,DL8FBN,JO51,51.5,11.0,1031.3,110.4,-26,-0.06,0,0.16,23,0.1995,1,-19
2026-08-30 06:24:00+00:00,40m,7.0400154,TI4JWC,EK70,10.5,-85.0,8541.6,269.4,-21,1.3,0,0.24,30,1.0,1,-21
2026-08-30 06:24:00+00:00,40m,7.0400442,DL4BG,JO43,53.5,9.0,809.8,101.8,-10,0.32,0,0.62,30,1.0,1,-10
2026-08-30 06:24:00+00:00,40m,7.0401648,<DG1GHR>,JN48AO,48.604167,8.041667,1083.3,131.3,-25,0.19,0,0.25,37,5.0119,3,-32
2026-08-30 06:26:00+00:00,40m,7.0401236,SM7PNS,JO66,56.5,13.0,998.8,77.7,-24,0.45,0,0.17,23,0.1995,1,-17
2026-08-30 06:26:00+00:00,40m,7.040183,F4HHR,JN07,47.5,1.0,943.1,161.2,-31,-0.79,0,0.14,10,0.01,1,-11
2026-08-30 06:26:00+00:00,40m,7.0401022,SP8KM,KO00,50.5,21.0,1693.9,99.5,-13,6.13,0,0.32,30,1.0,1,-13
2026-08-30 06:26:00+00:00,40m,7.0401095,F6KPL,IN99,49.5,-1.0,692.6,167.7,-19,4.08,0,0.35,30,1.0,1,-19
2026-08-30 06:26:00+00:00,40m,7.0400253,SM6YPE,JO67,57.5,13.0,1003.0,71.3,-15,0.41,0,0.49,23,0.1995,1,-8
2026-08-30 06:26:00+00:00,40m,7.0400857,DL4XJ,JO42,52.5,9.0,857.0,108.7,-6,0.19,0,0.71,30,1.0,1,-6
2026-08-30 06:26:00+00:00,40m,7.0400154,TI4JWC,EK70,10.5,-85.0,8541.6,269.4,-23,0.71,0,0.23,30,1.0,1,-23
2026-08-30 06:26:00+00:00,40m,7.040001,<F4EKH>,JN05LU,45.854167,0.958333,1119.6,163.9,-14,-0.06,0,0.56,30,1.0,3,-14
2026-08-30 06:28:00+00:00,30m,10.1401019,HP1GDP,FJ09,9.5,-79.0,8256.7,263.8,-22,0.45,0,0.16,23,0.1995,1,-15
2026-08-30 06:28:00+00:00,30m,10.1401149,HB9AR,JN36,46.5,7.0,1229.2,141.2,-22,-0.06,0,0.15,23,0.1995,1,-15
2026-08-30 06:28:00+00:00,30m,10.1401439,EA5RKP,IM99,39.5,-1.0,1797.0,174.3,-18,-0.02,0,0.38,23,0.1995,1,-11
2026-08-30 06:30:00+00:00,20m,14.09706,<IU0JJD>,JN61TP,41.645833,13.625,1966.6,135.1,-20,0.02,0,0.42,23,0.1995,3,-13
2026-08-30 06:32:00+00:00,80m,3.5701561,PI4CC,JO21,51.5,5.0,699.6,127.4,-11,0.15,0,0.62,17,0.0501,1,2
2026-08-30 06:32:00+00:00,80m,3.5701226,G8LIK,IO93,53.5,-1.0,268.4,149.8,-18,0.15,0,0.3,23,0.1995,1,-11
2026-08-30 06:32:00+00:00,80m,3.5701361,G4UJS,IO82,52.5,-3.0,345.2,179.5,-2,0.41,0,0.78,23,0.1995,1,5
2026-08-30 06:32:00+00:00,80m,3.5700569,PC2A,JO21,51.5,5.0,699.6,127.4,-8,0.11,0,0.47,17,0.0501,1,5
2026-08-30 06:32:00+00:00,80m,3.5700536,M0JGH,IO91,51.5,-1.0,475.8,162.7,-10,1.39,0,0.3,23,0.1995,1,-3
2026-08-30 06:32:00+00:00,80m,3.5700991,<...>,IO83TM,53.520833,-2.375,235.6,169.2,1,2.03,0,0.73,37,5.0119,3,-6
2026-08-30 06:34:00+00:00,160m,1.838008,G4HSB,IO94,54.5,-1.0,178.8,132.5,5,0.37,0,0.84,23,0.1995,1,12
2026-08-30 06:34:00+00:00,160m,1.8380375,GM4DTH,IO85,55.5,-3.0,11.9,167.2,-20,0.07,0,0.11,23,0.1995,1,-13
2026-08-30 06:34:00+00:00,160m,1.8381375,GM4DTH,IO85,55.5,-3.0,11.9,167.2,-18,-0.02,0,0.47,23,0.1995,1,-11
2026-08-30 06:36:00+00:00,80m,3.5700699,EI0CF,IO65,55.5,-7.0,249.2,269.0,-9,0.28,0,0.63,23,0.1995,1,-2
2026-08-30 06:36:00+00:00,80m,3.5700935,GM0PXV,IO85,55.5,-3.0,11.9,167.2,3,-0.02,0,0.76,23,0.1995,1,10
2026-08-30 06:36:00+00:00,80m,3.5700992,DO7LIA,JO40,50.5,9.0,982.7,120.3,-17,0.28,0,0.26,37,5.0119,1,-24
2026-08-30 06:36:00+00:00,80m,3.5701224,G8LIK,IO93,53.5,-1.0,268.4,149.8,-19,0.24,0,0.35,23,0.1995,1,-12
2026-08-30 06:36:00+00:00,80m,3.5701659,M8HYX,IO84,54.5,-3.0,122.8,178.7,-25,-0.02,0,0.18,23,0.1995,1,-18
2026-08-30 06:38:00+00:00,160m,1.8380695,GM4DTH,IO85,55.5,-3.0,11.9,167.2,-19,0.02,0,0.45,23,0.1995,1,-12
2026-08-30 06:42:00+00:00,80m,3.5701531,F4WFT,IN98,48.5,-1.0,802.1,169.2,-20,0.15,0,0.28,23,0.1995,1,-13
2026-08-30 06:42:00+00:00,80m,3.5701159,GX2PLX,JO02,52.5,1.0,434.3,141.0,4,-0.66,0,0.75,43,19.9526,1,-9
2026-08-30 06:42:00+00:00,80m,3.5701323,G4LEN,IO81,51.5,-3.0,456.4,179.6,1,0.02,0,0.69,37,5.0119,1,-6
2026-08-30 06:42:00+00:00,80m,3.5700238,DK3SS,JN49,49.5,9.0,1057.4,124.9,-18,5.19,0,0.51,33,1.9953,1,-21
2026-08-30 06:42:00+00:00,80m,3.5701003,OZ2JBR,JO65,55.5,13.0,1006.8,84.0,-22,0.24,0,0.19,37,5.0119,1,-29
2026-08-30 06:42:00+00:00,80m,3.5700029,2E0FDM,IO81,51.5,-3.0,456.4,179.6,-23,0.45,0,0.42,23,0.1995,1,-16
2026-08-30 06:44:00+00:00,30m,10.1401154,TI4JWC,EK70,10.5,-85.0,8541.6,269.4,-25,0.71,0,0.19,30,1.0,1,-25
2026-08-30 06:44:00+00:00,30m,10.1401518,OH3HE,KP32,62.5,27.0,1859.1,53.5,-24,0.11,0,0.22,23,0.1995,1,-17
2026-08-30 06:44:00+00:00,30m,10.1401617,DL6NL,JO50,50.5,11.0,1093.8,115.4,-21,1.94,0,0.37,20,0.1,1,-11
2026-08-30 06:46:00+00:00,40m,7.0401833,F4HHR,JN07,47.5,1.0,943.1,161.2,-28,-0.83,0,0.18,10,0.01,1,-8
2026-08-30 06:46:00+00:00,40m,7.0401531,F4WFT,IN98,48.5,-1.0,802.1,169.2,-22,0.19,0,0.31,23,0.1995,1,-15
2026-08-30 06:46:00+00:00,40m,7.0401185,OZ8PZ,JO47,57.5,9.0,766.4,69.1,-18,0.28,0,0.36,23,0.1995,1,-11
2026-08-30 06:46:00+00:00,40m,7.0400638,OZ9ACF,JO65,55.5,13.0,1006.8,84.0,-11,0.28,0,0.59,37,5.0119,1,-18
2026-08-30 06:46:00+00:00,40m,7.0400442,DL4BG,JO43,53.5,9.0,809.8,101.8,-14,0.37,0,0.53,30,1.0,1,-14
2026-08-30 06:46:00+00:00,40m,7.0400156,TI4JWC,EK70,10.5,-85.0,8541.6,269.4,-22,0.75,0,0.21,30,1.0,1,-22
2026-08-30 06:48:00+00:00,30m,10.1402607,EA5RKP,IM99,39.5,-1.0,1797.0,174.3,-25,0.02,0,0.17,23,0.1995,1,-18
2026-08-30 06:48:00+00:00,30m,10.14023,DF6TV,JN39,49.5,7.0,958.2,130.9,-25,0.32,0,0.21,23,0.1995,1,-18
2026-08-30 06:48:00+00:00,30m,10.1402784,IZ2FER,JN45,45.5,9.0,1405.1,138.1,-33,0.19,0,0.14,20,0.1,1,-23
2026-08-30 06:48:00+00:00,30m,10.1402196,DD3MS,JN59,49.5,11.0,1163.6,119.8,-25,-0.02,0,0.23,20,0.1,1,-15
2026-08-30 06:48:00+00:00,30m,10.1401963,OE9PTI,JN47,47.5,9.0,1223.5,132.4,-24,0.11,0,0.15,23,0.1995,1,-17
2026-08-30 06:48:00+00:00,30m,10.140133,CT1BAT,IN50,40.5,-9.0,1735.3,197.1,-22,0.28,1,0.22,0,0.001,1,8
2026-08-30 06:48:00+00:00,30m,10.1401678,DL0NOT,JO40,50.5,9.0,982.7,120.3,-23,0.49,0,0.14,23,0.1995,1,-16
2026-08-30 06:48:00+00:00,30m,10.1401506,HB9YC,JN46,46.5,9.0,1312.8,135.4,2,0.15,1,0.78,30,1.0,1,2
2026-08-30 06:48:00+00:00,30m,10.1401154,TI4JWC,EK70,10.5,-85.0,8541.6,269.4,-22,0.88,0,0.28,30,1.0,1,-22
2026-08-30 06:48:00+00:00,30m,10.1400918,ES1RCG,KO29,59.5,25.0,1714.0,63.9,-16,0.19,-1,0.52,23,0.1995,1,-9
2026-08-30 06:48:00+00:00,30m,10.1401904,OK1BF,JO70,50.5,15.0,1327.6,107.8,-20,0.02,0,0.36,23,0.1995,1,-13
2026-08-30 06:50:00+00:00,20m,14.0971,HA6QL,JN97,47.5,19.0,1759.2,111.6,-9,0.15,0,0.61,33,1.9953,1,-12
2026-08-30 06:50:00+00:00,20m,14.0971016,EA6ALL,JM19,39.5,3.0,1845.5,163.5,-24,0.11,-1,0.24,23,0.1995,1,-17
2026-08-30 06:52:00+00:00,40m,7.0401218,<PA7D>,JO23VF,53.229167,5.791667,629.0,111.2,-7,0.19,0,0.69,23,0.1995,3,0
2026-08-30 06:52:00+00:00,40m,7.0401974,SK7BQ,JO76,56.5,15.0,1121.5,77.5,-25,0.49,0,0.19,23,0.1995,1,-18
2026-08-30 06:52:00+00:00,40m,7.0401826,F4HHR,JN07,47.5,1.0,943.1,161.2,-26,-0.79,0,0.18,10,0.01,1,-6
2026-08-30 06:52:00+00:00,40m,7.0401173,OZ8WSP,JO57,57.5,11.0,884.3,70.4,-21,0.24,0,0.24,27,0.5012,1,-18
2026-08-30 06:52:00+00:00,40m,7.0402005,DB0SFA,JO42,52.5,9.0,857.0,108.7,-24,0.11,0,0.33,23,0.1995,1,-17
2026-08-30 06:52:00+00:00,40m,7.0400916,DL7AG,JO62,52.5,13.0,1099.6,101.6,-26,0.37,0,0.18,23,0.1995,1,-19
2026-08-30 06:52:00+00:00,40m,7.0400017,DL0PBS,JO33,53.5,7.0,687.8,105.7,-28,0.19,0,0.29,23,0.1995,1,-21
2026-08-30 06:52:00+00:00,40m,7.040102,SP8KM,KO00,50.5,21.0,1693.9,99.5,-26,6.13,0,0.11,30,1.0,1,-26
2026-08-30 06:52:00+00:00,40m,7.0400491,EA5UV,IM99,39.5,-1.0,1797.0,174.3,-24,-0.02,0,0.32,23,0.1995,1,-17
2026-08-30 06:52:00+00:00,40m,7.0400155,TI4JWC,EK70,10.5,-85.0,8541.6,269.4,-28,0.58,0,0.18,30,1.0,1,-28
2026-08-30 06:54:00+00:00,160m,1.8380275,GM4DTH,IO85,55.5,-3.0,11.9,167.2,-19,0.02,0,0.5,23,0.1995,1,-12
2026-08-30 06:54:00+00:00,160m,1.838128,G4HSB,IO94,54.5,-1.0,178.8,132.5,-2,0.37,0,0.8,23,0.1995,1,5
2026-08-30 06:56:00+00:00,30m,10.1401048,EA5RKP,IM99,39.5,-1.0,1797.0,174.3,-21,0.11,0,0.16,23,0.1995,1,-14
2026-08-30 06:56:00+00:00,30m,10.1401154,TI4JWC,EK70,10.5,-85.0,8541.6,269.4,-20,0.92,0,0.25,30,1.0,1,-20
2026-08-30 06:56:00+00:00,30m,10.1402625,HB9ZIC,JN47,47.5,9.0,1223.5,132.4,-34,0.02,0,0.12,23,0.1995,1,-27
2026-08-30 06:58:00+00:00,20m,14.0970511,IU0JJD,JN61,41.5,13.0,1953.0,136.7,-18,0.02,0,0.44,23,0.1995,1,-11
2026-08-30 07:02:00+00:00,80m,3.5701507,2E0FDM,IO81,51.5,-3.0,456.4,179.6,-15,0.49,0,0.3,23,0.1995,1,-8
2026-08-30 07:02:00+00:00,80m,3.5701322,G4LEN,IO81,51.5,-3.0,456.4,179.6,-2,0.02,0,0.74,37,5.0119,1,-9
2026-08-30 07:02:00+00:00,80m,3.570163,G7UJY,IO93,53.5,-1.0,268.4,149.8,-5,1.26,0,0.71,23,0.1995,1,2
2026-08-30 07:02:00+00:00,80m,3.5700533,M0JGH,IO91,51.5,-1.0,475.8,162.7,-16,1.43,0,0.2,23,0.1995,1,-9
2026-08-30 07:02:00+00:00,80m,3.570057,PC2A,JO21,51.5,5.0,699.6,127.4,-13,0.19,0,0.46,17,0.0501,1,0
2026-08-30 07:02:00+00:00,80m,3.570156,PI4CC,JO21,51.5,5.0,699.6,127.4,-13,0.11,0,0.37,17,0.0501,1,0
2026-08-30 07:04:00+00:00,20m,14.0970997,HA6QL,JN97,47.5,19.0,1759.2,111.6,-20,0.11,0,0.38,33,1.9953,1,-23
2026-08-30 07:06:00+00:00,40m,7.040086,LA1ITS,JO59,59.5,11.0,940.6,56.8,0,0.88,0,0.75,37,5.0119,1,-7
2026-08-30 07:06:00+00:00,40m,7.0400962,DL7VXX,JO62,52.5,13.0,1099.6,101.6,-18,-0.49,0,0.2,33,1.9953,1,-21
2026-08-30 07:06:00+00:00,40m,7.0401726,SA7CND,JO76,56.5,15.0,1121.5,77.5,-25,0.02,0,0.21,20,0.1,1,-15
2026-08-30 07:06:00+00:00,40m,7.0401813,PA2PGU,JO32,52.5,7.0,739.9,113.6,-25,-0.1,0,0.21,23,0.1995,1,-18
2026-08-30 07:06:00+00:00,40m,7.0401823,F4HHR,JN07,47.5,1.0,943.1,161.2,-18,-0.79,0,0.33,10,0.01,1,2
2026-08-30 07:08:00+00:00,30m,10.140115,TI4JWC,EK70,10.5,-85.0,8541.6,269.4,-22,1.05,0,0.18,30,1.0,1,-22
2026-08-30 07:08:00+00:00,30m,10.1401614,DL6NL,JO50,50.5,11.0,1093.8,115.4,-24,2.03,0,0.11,20,0.1,1,-14
2026-08-30 07:08:00+00:00,30m,10.1401766,EA5RKP,IM99,39.5,-1.0,1797.0,174.3,-25,0.07,0,0.15,23,0.1995,1,-18
2026-08-30 07:08:00+00:00,30m,10.140204,DG0JAJ,JN57,47.5,11.0,1320.1,127.2,-26,0.37,0,0.14,23,0.1995,1,-19
2026-08-30 07:10:00+00:00,20m,14.0971011,EA6ALL,JM19,39.5,3.0,1845.5,163.5,-22,0.19,-1,0.34,23,0.1995,1,-15
2026-08-30 07:10:00+00:00,20m,14.0971243,VK3QN,QF22,-37.5,145.0,16896.5,63.3,-24,0.41,0,0.16,37,5.0119,1,-31
2026-08-30 07:14:00+00:00,80m,3.570156,PI4CC,JO21,51.5,5.0,699.6,127.4,-16,0.15,0,0.44,17,0.0501,1,-3
2026-08-30 07:14:00+00:00,80m,3.5701818,<GD3MAN>,IO74QE,54.1875,-4.625,187.2,213.4,-23,0.02,0,0.23,23,0.1995,3,-16
2026-08-30 07:14:00+00:00,80m,3.570139,GX2PLX,JO02,52.5,1.0,434.3,141.0,-3,-0.66,0,0.72,43,19.9526,1,-16
2026-08-30 07:14:00+00:00,80m,3.5700599,OZ7IT,JO65,55.5,13.0,1006.8,84.0,-15,0.15,0,0.45,37,5.0119,1,-22
2026-08-30 07:14:00+00:00,80m,3.570057,PC2A,JO21,51.5,5.0,699.6,127.4,-14,0.15,0,0.53,17,0.0501,1,-1
2026-08-30 07:14:00+00:00,80m,3.5700916,GM4DTH,IO85,55.5,-3.0,11.9,167.2,-19,0.11,0,0.38,23,0.1995,1,-12
2026-08-30 07:16:00+00:00,30m,10.1401413,F4GMT,IN93,43.5,-1.0,1353.8,173.0,-7,0.45,0,0.59,23,0.1995,1,0
2026-08-30 07:16:00+00:00,30m,10.1401838,DG6RCH,JN68,48.5,13.0,1346.6,119.2,-23,0.19,1,0.18,23,0.1995,1,-16
2026-08-30 07:16:00+00:00,30m,10.1402707,EA5RKP,IM99,39.5,-1.0,1797.0,174.3,-29,0.02,0,0.19,23,0.1995,1,-22
2026-08-30 07:18:00+00:00,160m,1.8381595,GM4DTH,IO85,55.5,-3.0,11.9,167.2,-21,0.07,0,0.35,23,0.1995,1,-14
2026-08-30 07:22:00+00:00,80m,3.5701581,<EI4GXB>,IO52QQ,52.6875,-8.625,487.0,230.6,-26,-0.02,0,0.17,23,0.1995,3,-19
2026-08-30 07:22:00+00:00,80m,3.5701718,DL9ZY,JO30,50.5,7.0,877.5,126.1,-20,0.19,0,0.37,37,5.0119,1,-27
2026-08-30 07:22:00+00:00,80m,3.5701348,2E0FDM,IO81,51.5,-3.0,456.4,179.6,-21,0.49,0,0.34,23,0.1995,1,-14
2026-08-30 07:26:00+00:00,40m,7.0400445,PA7D,JO23,53.5,5.0,568.5,111.0,-6,0.19,0,0.41,23,0.1995,1,1
2026-08-30 07:26:00+00:00,40m,7.0400652,OZ9ACF,JO65,55.5,13.0,1006.8,84.0,-21,0.28,1,0.13,37,5.0119,1,-28
2026-08-30 07:26:00+00:00,40m,7.0400868,LA1ITS,JO59,59.5,11.0,940.6,56.8,-3,0.83,0,0.57,37,5.0119,1,-10
2026-08-30 07:26:00+00:00,40m,7.0400994,F6KPL,IN99,49.5,-1.0,692.6,167.7,-7,4.12,0,0.63,30,1.0,1,-7
2026-08-30 07:26:00+00:00,40m,7.0400997,DK9ES,JO31,51.5,7.0,804.0,120.4,-20,0.15,0,0.2,23,0.1995,1,-13
2026-08-30 07:26:00+00:00,40m,7.040183,F4HHR,JN07,47.5,1.0,943.1,161.2,-23,-0.79,0,0.34,10,0.01,1,-3
2026-08-30 07:28:00+00:00,30m,10.1402538,F1JSC,JN03,43.5,1.0,1376.5,166.2,-15,0.15,0,0.54,33,1.9953,1,-18
2026-08-30 07:28:00+00:00,30m,10.1402754,LA3JJ/2,,,,,,-23,0.24,0,0.27,30,1.0,2,-23
2026-08-30 07:28:00+00:00,30m,10.1402433,F5EFK,IN87,47.5,-3.0,901.1,179.8,-23,4.76,0,0.25,23,0.1995,1,-16
2026-08-30 07:28:00+00:00,30m,10.1400901,F4GMT,IN93,43.5,-1.0,1353.8,173.0,-23,0.79,0,0.28,23,0.1995,1,-16
2026-08-30 07:28:00+00:00,30m,10.140173,GJ7DNI,IN89,49.5,-3.0,678.8,179.7,-24,5.36,0,0.21,23,0.1995,1,-17
2026-08-30 07:28:00+00:00,30m,10.1401561,OZ7IT,JO65,55.5,13.0,1006.8,84.0,-14,0.15,0,0.55,37,5.0119,1,-21
2026-08-30 07:28:00+00:00,30m,10.1402299,DF6TV,JN39,49.5,7.0,958.2,130.9,-26,0.37,0,0.11,23,0.1995,1,-19
2026-08-30 07:30:00+00:00,20m,14.0971059,<IU0JJD>,JN61TP,41.645833,13.625,1966.6,135.1,-22,-0.06,0,0.29,23,0.1995,3,-15
2026-08-30 07:30:00+00:00,20m,14.0971248,VK3QN,QF22,-37.5,145.0,16896.5,63.3,-22,0.28,0,0.2,37,5.0119,1,-29
2026-08-30 07:32:00+00:00,80m,3.5700553,PC2A,JO21,51.5,5.0,699.6,127.4,-16,0.19,0,0.49,17,0.0501,1,-3
2026-08-30 07:32:00+00:00,80m,3.5700944,GM4DTH,IO85,55.5,-3.0,11.9,167.2,-19,0.11,0,0.28,23,0.1995,1,-12
2026-08-30 07:32:00+00:00,80m,3.5700955,GM0PXV,IO85,55.5,-3.0,11.9,167.2,-3,0.07,0,0.68,23,0.1995,1,4
2026-08-30 07:32:00+00:00,80m,3.5701223,G8LIK,IO93,53.5,-1.0,268.4,149.8,-24,0.28,0,0.15,23,0.1995,1,-17
2026-08-30 07:32:00+00:00,80m,3.5701559,PI4CC,JO21,51.5,5.0,699.6,127.4,-13,0.15,0,0.59,17,0.0501,1,0
2026-08-30 07:34:00+00:00,160m,1.8381645,GM4DTH,IO85,55.5,-3.0,11.9,167.2,-23,0.02,0,0.35,23,0.1995,1,-16
2026-08-30 07:36:00+00:00,30m,10.1402258,EA5RKP,IM99,39.5,-1.0,1797.0,174.3,-20,0.07,0,0.25,23,0.1995,1,-13
2026-08-30 07:36:00+00:00,30m,10.14023,F6CBA,IN93,43.5,-1.0,1353.8,173.0,-9,0.24,0,0.5,0,0.001,1,21
2026-08-30 07:36:00+00:00,30m,10.1402418,EB5DQ,IM99,39.5,-1.0,1797.0,174.3,-16,-0.87,0,0.42,30,1.0,1,-16
2026-08-30 07:36:00+00:00,30m,10.140175,GJ7DNI,IN89,49.5,-3.0,678.8,179.7,-13,5.06,0,0.51,23,0.1995,1,-6
2026-08-30 07:36:00+00:00,30m,10.1401514,HB9YC,JN46,46.5,9.0,1312.8,135.4,-11,0.15,1,0.48,30,1.0,1,-11
2026-08-30 07:36:00+00:00,30m,10.1401637,HB9AR,JN36,46.5,7.0,1229.2,141.2,-24,0.11,0,0.14,23,0.1995,1,-17
2026-08-30 07:36:00+00:00,30m,10.1401162,F4GMT,IN93,43.5,-1.0,1353.8,173.0,-6,0.49,0,0.55,23,0.1995,1,1
2026-08-30 07:38:00+00:00,40m,7.0400203,LA4PGA,JP50,60.5,11.0,986.3,50.8,-28,-0.02,0,0.16,23,0.1995,1,-21
2026-08-30 07:38:00+00:00,40m,7.0400999,OZ4JJ,JO56,56.5,11.0,876.0,77.7,-13,0.11,0,0.35,13,0.02,1,4
2026-08-30 07:38:00+00:00,40m,7.0401007,F6KPL,IN99,49.5,-1.0,692.6,167.7,-3,4.08,0,0.39,30,1.0,1,-3
2026-08-30 07:38:00+00:00,40m,7.0401553,PA7D,JO23,53.5,5.0,568.5,111.0,2,0.15,0,0.59,23,0.1995,1,9
2026-08-30 07:38:00+00:00,40m,7.040183,F4HHR,JN07,47.5,1.0,943.1,161.2,-20,-0.79,0,0.31,10,0.01,1,0
2026-08-30 07:42:00+00:00,80m,3.5701198,2E0FDM,IO81,51.5,-3.0,456.4,179.6,-24,0.62,0,0.15,23,0.1995,1,-17
2026-08-30 07:42:00+00:00,80m,3.5701206,GM7FIE,IO85,55.5,-3.0,11.9,167.2,-14,0.07,0,0.44,23,0.1995,1,-7
2026-08-30 07:42:00+00:00,80m,3.5701569,G7UJY,IO93,53.5,-1.0,268.4,149.8,-3,1.22,0,0.63,23,0.1995,1,4
2026-08-30 07:42:00+00:00,80m,3.5701592,G3JKF,JO00,50.5,1.0,628.3,152.9,-14,0.19,0,0.41,33,1.9953,1,-17
2026-08-30 07:42:00+00:00,80m,3.570172,DL9ZY,JO30,50.5,7.0,877.5,126.1,-19,0.19,0,0.29,37,5.0119,1,-26
2026-08-30 07:46:00+00:00,40m,7.040188,SA7RST,JO78,58.5,15.0,1133.7,66.1,-23,0.24,0,0.2,23,0.1995,1,-16
2026-08-30 07:46:00+00:00,40m,7.0401831,F4HHR,JN07,47.5,1.0,943.1,161.2,-20,-0.83,0,0.37,10,0.01,1,0
2026-08-30 07:46:00+00:00,40m,7.0401595,G3JKF,JO00,50.5,1.0,628.3,152.9,-7,0.15,0,0.72,33,1.9953,1,-10
2026-08-30 07:46:00+00:00,40m,7.0401535,F4WFT,IN98,48.5,-1.0,802.1,169.2,-20,0.11,0,0.2,23,0.1995,1,-13
2026-08-30 07:46:00+00:00,40m,7.0401182,OZ8PZ,JO47,57.5,9.0,766.4,69.1,-10,0.19,0,0.65,23,0.1995,1,-3
2026-08-30 07:46:00+00:00,40m,7.0400858,LA1ITS,JO59,59.5,11.0,940.6,56.8,-14,0.79,1,0.35,37,5.0119,1,-21
2026-08-30 07:46:00+00:00,40m,7.0400518,DL7AG,JO62,52.5,13.0,1099.6,101.6,-20,0.37,0,0.36,23,0.1995,1,-13
2026-08-30 07:46:00+00:00,40m,7.0400171,G4TNU,IO91,51.5,-1.0,475.8,162.7,-29,0.28,0,0.19,23,0.1995,1,-22
2026-08-30 07:46:00+00:00,40m,7.0400008,<F4EKH>,JN05LU,45.854167,0.958333,1119.6,163.9,-24,-0.32,0,0.22,30,1.0,3,-24
2026-08-30 07:48:00+00:00,30m,10.140138,<...>,JO61DH,51.3125,12.291667,1118.6,108.9,-18,0.02,0,0.26,23,0.1995,3,-11
2026-08-30 07:48:00+00:00,30m,10.1401507,HB9YC,JN46,46.5,9.0,1312.8,135.4,-3,0.11,1,0.65,30,1.0,1,-3
2026-08-30 07:48:00+00:00,30m,10.1401617,DL6NL,JO50,50.5,11.0,1093.8,115.4,-25,1.99,0,0.15,20,0.1,1,-15
2026-08-30 07:48:00+00:00,30m,10.1402003,HA6QL,JN97,47.5,19.0,1759.2,111.6,-19,0.11,0,0.27,33,1.9953,1,-22
2026-08-30 07:48:00+00:00,30m,10.1402149,GJ7DNI,IN89,49.5,-3.0,678.8,179.7,-20,5.4,0,0.38,23,0.1995,1,-13
2026-08-30 07:48:00+00:00,30m,10.1402418,EB5DQ,IM99,39.5,-1.0,1797.0,174.3,-26,-0.62,0,0.2,30,1.0,1,-26
2026-08-30 07:48:00+00:00,30m,10.1402596,G3JKF,JO00,50.5,1.0,628.3,152.9,-22,0.11,0,0.38,33,1.9953,1,-25
2026-08-30 07:48:00+00:00,30m,10.1402666,EA5RKP,IM99,39.5,-1.0,1797.0,174.3,-27,0.02,0,0.25,23,0.1995,1,-20
2026-08-30 07:48:00+00:00,30m,10.1402779,DD3MS,JN59,49.5,11.0,1163.6,119.8,-25,-0.02,0,0.33,20,0.1,1,-15
2026-08-30 07:50:00+00:00,20m,14.0971164,OE1ELW,JN88,48.5,17.0,1573.5,111.7,-21,0.96,1,0.29,37,5.0119,1,-28
2026-08-30 07:50:00+00:00,20m,14.0970998,HA6QL,JN97,47.5,19.0,1759.2,111.6,-17,0.07,0,0.37,33,1.9953,1,-20
2026-08-30 07:50:00+00:00,20m,14.097022,OH3FZQ,KP11,61.5,23.0,1632.6,55.7,-10,0.24,0,0.67,33,1.9953,1,-13
2026-08-30 07:50:00+00:00,20m,14.0970531,<IU0JJD>,JN61TP,41.645833,13.625,1966.6,135.1,-14,-0.06,0,0.55,23,0.1995,3,-7
2026-08-30 07:52:00+00:00,40m,7.0401625,SK7BQ,JO76,56.5,15.0,1121.5,77.5,-20,0.41,0,0.27,23,0.1995,1,-13
2026-08-30 07:52:00+00:00,40m,7.0400019,DL0PBS,JO33,53.5,7.0,687.8,105.7,-22,0.11,0,0.38,23,0.1995,1,-15
2026-08-30 07:52:00+00:00,40m,7.0400047,DB0SFA,JO42,52.5,9.0,857.0,108.7,-23,0.07,0,0.37,23,0.1995,1,-16
2026-08-30 07:52:00+00:00,40m,7.0400388,DK2DB,JN48,48.5,9.0,1138.1,128.9,-21,0.15,0,0.27,37,5.0119,1,-28
2026-08-30 07:52:00+00:00,40m,7.0400511,SA7AHC,JO76,56.5,15.0,1121.5,77.5,-17,0.24,0,0.21,17,0.0501,1,-4
2026-08-30 07:52:00+00:00,40m,7.0400566,M7GOA,JO01,51.5,1.0,528.5,148.0,-26,0.24,0,0.17,27,0.5012,1,-23
2026-08-30 07:52:00+00:00,40m,7.0401101,G7SYO,IO90,50.5,-1.0,583.7,165.7,-8,0.28,0,0.57,27,0.5012,1,-5
2026-08-30 07:52:00+00:00,40m,7.0401172,OZ8WSP,JO57,57.5,11.0,884.3,70.4,-20,0.11,0,0.15,27,0.5012,1,-17
2026-08-30 07:52:00+00:00,40m,7.040121,ON4WS,JO20,50.5,5.0,780.7,133.3,-21,0.32,0,0.12,30,1.0,1,-21
2026-08-30 07:52:00+00:00,40m,7.040129,<PA7D>,JO23VF,53.229167,5.791667,629.0,111.2,3,0.11,0,0.74,23,0.1995,3,10
2026-08-30 07:52:00+00:00,40m,7.0401496,<OZ1DEO>,JO55VS,55.770833,11.791667,928.2,82.7,-20,-1.9,0,0.25,30,1.0,3,-20
2026-08-30 07:52:00+00:00,40m,7.0401832,F4HHR,JN07,47.5,1.0,943.1,161.2,-23,-0.79,0,0.23,10,0.01,1,-3
2026-08-30 07:54:00+00:00,160m,1.8380935,GM4DTH,IO85,55.5,-3.0,11.9,167.2,-22,0.07,0,0.35,23,0.1995,1,-15
2026-08-30 07:56:00+00:00,80m,3.5700282,EI4GXB,IO52,52.5,-9.0,519.7,230.9,-31,0.02,0,0.16,23,0.1995,1,-24
2026-08-30 07:56:00+00:00,80m,3.5700553,PC2A,JO21,51.5,5.0,699.6,127.4,-22,0.15,0,0.35,17,0.0501,1,-9
2026-08-30 07:56:00+00:00,80m,3.5701559,PI4CC,JO21,51.5,5.0,699.6,127.4,-16,0.11,0,0.54,17,0.0501,1,-3
2026-08-30 07:56:00+00:00,80m,3.5701718,DL9ZY,JO30,50.5,7.0,877.5,126.1,-16,0.19,0,0.47,37,5.0119,1,-23
2026-08-30 07:58:00+00:00,30m,10.1401399,OE3WFA,JN78,48.5,15.0,1458.3,115.3,-13,0.19,0,0.49,30,1.0,1,-13
2026-08-30 07:58:00+00:00,30m,10.1401682,DL0NOT,JO40,50.5,9.0,982.7,120.3,-20,0.45,0,0.31,23,0.1995,1,-13
2026-08-30 07:58:00+00:00,30m,10.1402005,DF7PE,JN48,48.5,9.0,1138.1,128.9,-26,0.15,0,0.18,23,0.1995,1,-19
2026-08-30 07:58:00+00:00,30m,10.14022,SM7PNS,JO66,56.5,13.0,998.8,77.7,-21,0.49,0,0.31,23,0.1995,1,-14
2026-08-30 07:58:00+00:00,30m,10.1402298,F6CBA,IN93,43.5,-1.0,1353.8,173.0,-12,0.15,0,0.61,0,0.001,1,18
2026-08-30 07:58:00+00:00,30m,10.1402328,DC8SE,JO61,51.5,13.0,1150.4,106.7,-15,0.11,0,0.48,23,0.1995,1,-8
2026-08-30 08:02:00+00:00,80m,3.5701574,<GM0PXV>,IO85IW,55.9375,-3.291667,40.2,337.2,-4,-0.06,0,0.49,23,0.1995,3,3
2026-08-30 08:02:00+00:00,80m,3.5701591,G3JKF,JO00,50.5,1.0,628.3,152.9,-14,0.07,0,0.34,33,1.9953,1,-17
2026-08-30 08:02:00+00:00,80m,3.570156,PI4CC,JO21,51.5,5.0,699.6,127.4,-15,0.11,0,0.26,17,0.0501,1,-2
2026-08-30 08:02:00+00:00,80m,3.5701369,GX2PLX,JO02,52.5,1.0,434.3,141.0,-1,-0.7,0,0.83,43,19.9526,1,-14
2026-08-30 08:02:00+00:00,80m,3.5700554,PC2A,JO21,51.5,5.0,699.6,127.4,-24,0.15,0,0.27,17,0.0501,1,-11
2026-08-30 08:02:00+00:00,80m,3.5700296,2E0FDM,IO81,51.5,-3.0,456.4,179.6,-31,0.49,0,0.16,23,0.1995,1,-24
2026-08-30 08:04:00+00:00,20m,14.0970716,CT1DJG,IN61,41.5,-7.0,1594.5,192.0,-22,-0.1,0,0.25,23,0.1995,1,-15
2026-08-30 08:04:00+00:00,20m,14.0970997,HA6QL,JN97,47.5,19.0,1759.2,111.6,-23,0.02,0,0.3,33,1.9953,1,-26
2026-08-30 08:04:00+00:00,20m,14.0971261,EA1RJ,IN71,41.5,-5.0,1574.8,186.0,-17,4.72,-1,0.3,23,0.1995,1,-10
2026-08-30 08:06:00+00:00,40m,7.0401596,G3JKF,JO00,50.5,1.0,628.3,152.9,-4,0.11,0,0.69,33,1.9953,1,-7
2026-08-30 08:06:00+00:00,40m,7.0401432,G4TNU,IO91,51.5,-1.0,475.8,162.7,-18,0.37,0,0.36,23,0.1995,1,-11
2026-08-30 08:06:00+00:00,40m,7.0401378,G4VNM,IO90,50.5,-1.0,583.7,165.7,-19,-0.62,0,0.24,23,0.1995,1,-12
2026-08-30 08:06:00+00:00,40m,7.0401149,LA4PGA,JP50,60.5,11.0,986.3,50.8,-13,0.02,0,0.51,23,0.1995,1,-6
2026-08-30 08:06:00+00:00,40m,7.0401053,G1FXB,IO91,51.5,-1.0,475.8,162.7,-22,0.19,-4,0.25,20,0.1,1,-12
2026-08-30 08:06:00+00:00,40m,7.0401045,<M0NIF>,IO90HX,50.979167,-1.375,526.0,167.2,-17,0.24,0,0.32,23,0.1995,3,-10
2026-08-30 08:06:00+00:00,40m,7.0400736,PE1KWH,JO22,52.5,5.0,627.7,120.0,-19,-0.23,0,0.4,20,0.1,1,-9
2026-08-30 08:06:00+00:00,40m,7.0400657,OZ9ACF,JO65,55.5,13.0,1006.8,84.0,-22,0.54,0,0.3,37,5.0119,1,-29
2026-08-30 08:06:00+00:00,40m,7.0400564,PA2PGU,JO32,52.5,7.0,739.9,113.6,-19,-0.19,0,0.44,23,0.1995,1,-12
2026-08-30 08:06:00+00:00,40m,7.0400172,<OK1BF>,JO70UB,50.0625,15.708333,1396.3,108.4,-34,-0.1,0,0.14,23,0.1995,3,-27
2026-08-30 08:06:00+00:00,40m,7.040001,<F4EKH>,JN05LU,45.854167,0.958333,1119.6,163.9,-20,-0.23,0,0.45,30,1.0,3,-20
2026-08-30 08:06:00+00:00,40m,7.040093,PA3EDR/G,,,,,,-27,0.11,0,0.18,10,0.01,2,-7
2026-08-30 08:08:00+00:00,30m,10.1402296,F6CBA,IN93,43.5,-1.0,1353.8,173.0,-8,0.19,0,0.52,0,0.001,1,22
2026-08-30 08:08:00+00:00,30m,10.1402856,CT7AMG,IM58,38.5,-9.0,1953.0,195.6,-25,0.02,0,0.18,23,0.1995,1,-18
2026-08-30 08:08:00+00:00,30m,10.1402597,G3JKF,JO00,50.5,1.0,628.3,152.9,-22,0.11,0,0.23,33,1.9953,1,-25
2026-08-30 08:08:00+00:00,30m,10.1402537,F1JSC,JN03,43.5,1.0,1376.5,166.2,-20,0.15,0,0.31,33,1.9953,1,-23
2026-08-30 08:08:00+00:00,30m,10.1402303,DF6TV,JN39,49.5,7.0,958.2,130.9,-19,0.28,0,0.23,23,0.1995,1,-12
2026-08-30 08:08:00+00:00,30m,10.1402184,F4ASK,IN96,46.5,-1.0,1022.2,171.2,0,0.83,0,0.78,37,5.0119,1,-7
2026-08-30 08:08:00+00:00,30m,10.1402784,LX0QRP,JN39,49.5,7.0,958.2,130.9,-22,0.15,0,0.29,23,0.1995,1,-15
2026-08-30 08:08:00+00:00,30m,10.140196,DL4XU,JO53,53.5,11.0,933.5,98.7,-19,1.77,0,0.32,30,1.0,1,-19
2026-08-30 08:08:00+00:00,30m,10.1400904,F4GMT,IN93,43.5,-1.0,1353.8,173.0,-20,0.66,0,0.38,23,0.1995,1,-13
2026-08-30 08:08:00+00:00,30m,10.1401392,OE3WFA,JN78,48.5,15.0,1458.3,115.3,-17,0.19,0,0.38,30,1.0,1,-17
2026-08-30 08:08:00+00:00,30m,10.1401961,SA5JBN,JO89,59.5,17.0,1265.8,61.8,-12,0.28,0,0.38,20,0.1,1,-2
2026-08-30 08:08:00+00:00,30m,10.1401696,DK4TJ,JO31,51.5,7.0,804.0,120.4,-17,-0.1,-1,0.18,23,0.1995,1,-10
2026-08-30 08:08:00+00:00,30m,10.1401788,LA1ITS,JO59,59.5,11.0,940.6,56.8,-6,0.83,0,0.77,37,5.0119,1,-13
2026-08-30 08:08:00+00:00,30m,10.1401651,DJ2TS,JO40,50.5,9.0,982.7,120.3,-19,0.24,0,0.22,30,1.0,1,-19
2026-08-30 08:10:00+00:00,20m,14.0970801,<IU0JJD>,JN61TP,41.645833,13.625,1966.6,135.1,-14,-0.06,0,0.57,23,0.1995,3,-7
2026-08-30 08:10:00+00:00,20m,14.0971529,EA1RJ,IN71,41.5,-5.0,1574.8,186.0,-21,4.89,-1,0.25,23,0.1995,1,-14
2026-08-30 08:10:00+00:00,20m,14.0971005,EA6ALL,JM19,39.5,3.0,1845.5,163.5,-24,0.15,-1,0.18,23,0.1995,1,-17
2026-08-30 08:12:00+00:00,160m,1.8381209,G4HSB,IO94,54.5,-1.0,178.8,132.5,-5,0.24,0,0.77,23,0.1995,1,2
2026-08-30 08:14:00+00:00,80m,3.5700396,GM7FIE,IO85,55.5,-3.0,11.9,167.2,-18,0.02,0,0.46,23,0.1995,1,-11
2026-08-30 08:14:00+00:00,80m,3.5700553,PC2A,JO21,51.5,5.0,699.6,127.4,-24,-0.02,0,0.13,17,0.0501,1,-11
2026-08-30 08:14:00+00:00,80m,3.5700559,M0GUC,IO82,52.5,-3.0,345.2,179.5,-15,0.37,0,0.41,37,5.0119,1,-22
2026-08-30 08:14:00+00:00,80m,3.570156,PI4CC,JO21,51.5,5.0,699.6,127.4,-18,0.11,0,0.5,17,0.0501,1,-5
2026-08-30 08:16:00+00:00,30m,10.1403019,F5EFK/12,,,,,,-12,0.75,0,0.43,23,0.1995,2,-5
2026-08-30 08:16:00+00:00,30m,10.1401859,<...>,JO41XK,51.4375,9.958333,974.2,113.0,-23,0.32,0,0.32,23,0.1995,3,-16
2026-08-30 08:16:00+00:00,30m,10.1401938,OK2SAM,JN99,49.5,19.0,1628.3,105.4,-24,1.18,0,0.3,30,1.0,1,-24
2026-08-30 08:16:00+00:00,30m,10.1401694,DK4TJ,JO31,51.5,7.0,804.0,120.4,-22,-0.27,-2,0.21,23,0.1995,1,-15
2026-08-30 08:16:00+00:00,30m,10.1401077,EA5RKP,IM99,39.5,-1.0,1797.0,174.3,-26,0.11,0,0.22,23,0.1995,1,-19
2026-08-30 08:16:00+00:00,30m,10.1401604,SM7PNS,JO66,56.5,13.0,998.8,77.7,-23,0.49,0,0.2,23,0.1995,1,-16
2026-08-30 08:18:00+00:00,40m,7.0400264,M0GUC,IO82,52.5,-3.0,345.2,179.5,3,0.45,0,0.64,37,5.0119,1,-4
2026-08-30 08:18:00+00:00,40m,7.0400383,SO2O,JO94,54.5,19.0,1403.4,85.9,-20,0.07,0,0.14,23,0.1995,1,-13
2026-08-30 08:18:00+00:00,40m,7.0400508,SA7CND,JO76,56.5,15.0,1121.5,77.5,-22,0.02,0,0.12,20,0.1,1,-12
2026-08-30 08:18:00+00:00,40m,7.0401477,G4HSB,IO94,54.5,-1.0,178.8,132.5,-26,0.02,0,0.11,23,0.1995,1,-19
2026-08-30 08:18:00+00:00,40m,7.0401625,PA2PGU,JO32,52.5,7.0,739.9,113.6,-21,-0.15,0,0.35,23,0.1995,1,-14
2026-08-30 08:22:00+00:00,80m,3.5700177,2E0FDM,IO81,51.5,-3.0,456.4,179.6,-30,0.37,0,0.16,23,0.1995,1,-23
2026-08-30 08:22:00+00:00,80m,3.5701592,G3JKF,JO00,50.5,1.0,628.3,152.9,-22,-0.02,0,0.37,33,1.9953,1,-25
2026-08-30 08:24:00+00:00,20m,14.097116,OE1ELW,JN88,48.5,17.0,1573.5,111.7,-26,1.01,0,0.18,37,5.0119,1,-33
2026-08-30 08:24:00+00:00,20m,14.0971374,F6EGX,JN35,45.5,7.0,1325.8,143.7,-24,0.19,0,0.22,37,5.0119,1,-31
2026-08-30 08:26:00+00:00,40m,7.0401419,PA7D,JO23,53.5,5.0,568.5,111.0,-2,0.07,0,0.6,23,0.1995,1,5
2026-08-30 08:26:00+00:00,40m,7.0401673,G4UJS,IO82,52.5,-3.0,345.2,179.5,-15,0.41,0,0.41,23,0.1995,1,-8
2026-08-30 08:26:00+00:00,40m,7.0401593,G3JKF,JO00,50.5,1.0,628.3,152.9,0,0.02,0,0.7,33,1.9953,1,-3
2026-08-30 08:26:00+00:00,40m,7.0401504,OZ1DEO,JO55,55.5,11.0,881.8,84.9,-20,-1.98,0,0.14,30,1.0,1,-20
2026-08-30 08:26:00+00:00,40m,7.0401832,G4TNU,IO91,51.5,-1.0,475.8,162.7,-19,0.32,0,0.33,23,0.1995,1,-12
2026-08-30 08:26:00+00:00,40m,7.0400856,DL4XJ,JO42,52.5,9.0,857.0,108.7,-18,0.07,0,0.26,30,1.0,1,-18
2026-08-30 08:26:00+00:00,40m,7.0400796,2E0FDM,IO81,51.5,-3.0,456.4,179.6,-23,0.45,0,0.21,23,0.1995,1,-16
2026-08-30 08:26:00+00:00,40m,7.0400775,F6KPL,IN99,49.5,-1.0,692.6,167.7,-6,4.03,0,0.67,30,1.0,1,-6
2026-08-30 08:26:00+00:00,40m,7.0400643,OZ9ACF,JO65,55.5,13.0,1006.8,84.0,-4,0.19,0,0.52,37,5.0119,1,-11
2026-08-30 08:26:00+00:00,40m,7.0400009,<F4EKH>,JN05LU,45.854167,0.958333,1119.6,163.9,-12,-0.36,0,0.59,30,1.0,3,-12
2026-08-30 08:26:00+00:00,40m,7.0401381,G4VNM,IO90,50.5,-1.0,583.7,165.7,-10,-0.62,0,0.43,23,0.1995,1,-3
2026-08-30 08:28:00+00:00,30m,10.1401291,F4GMT,IN93,43.5,-1.0,1353.8,173.0,-22,0.49,0,0.25,23,0.1995,1,-15
2026-08-30 08:28:00+00:00,30m,10.1401392,OE3WFA,JN78,48.5,15.0,1458.3,115.3,-17,0.24,0,0.43,30,1.0,1,-17
2026-08-30 08:28:00+00:00,30m,10.1401681,DL0NOT,JO40,50.5,9.0,982.7,120.3,-13,0.37,0,0.58,23,0.1995,1,-6
2026-08-30 08:28:00+00:00,30m,10.1402295,F6CBA,IN93,43.5,-1.0,1353.8,173.0,-19,0.15,0,0.43,0,0.001,1,11
2026-08-30 08:28:00+00:00,30m,10.1402431,GJ7DNI,IN89,49.5,-3.0,678.8,179.7,-25,5.19,0,0.17,23,0.1995,1,-18
2026-08-30 08:28:00+00:00,30m,10.1402506,F5EFK/12,,,,,,-12,-0.15,0,0.42,23,0.1995,2,-5
2026-08-30 08:28:00+00:00,30m,10.1402607,EA5RKP,IM99,39.5,-1.0,1797.0,174.3,-22,0.02,0,0.3,23,0.1995,1,-15
2026-08-30 08:28:00+00:00,30m,10.1402761,G7HIP,IO90,50.5,-1.0,583.7,165.7,-23,-0.06,0,0.35,23,0.1995,1,-16
2026-08-30 08:30:00+00:00,20m,14.0970998,EA6ALL,JM19,39.5,3.0,1845.5,163.5,-24,0.19,-1,0.23,23,0.1995,1,-17
2026-08-30 08:30:00+00:00,20m,14.0971447,EA3AGU,JN01,41.5,1.0,1595.6,167.7,-26,0.15,0,0.17,37,5.0119,1,-33
2026-08-30 08:30:00+00:00,20m,14.0970023,OH6OHX,KP03,63.5,21.0,1599.4,47.0,-22,-0.02,0,0.32,23,0.1995,1,-15
2026-08-30 08:30:00+00:00,20m,14.0970087,<OK1BF>,JO70UB,50.0625,15.708333,1396.3,108.4,-25,-0.15,0,0.21,23,0.1995,3,-18
2026-08-30 08:32:00+00:00,80m,3.5700555,PC2A,JO21,51.5,5.0,699.6,127.4,-29,0.19,0,0.14,17,0.0501,1,-16
2026-08-30 08:32:00+00:00,80m,3.5701559,PI4CC,JO21,51.5,5.0,699.6,127.4,-27,0.02,0,0.18,17,0.0501,1,-14
2026-08-30 08:34:00+00:00,160m,1.8381095,GM4DTH,IO85,55.5,-3.0,11.9,167.2,-24,0.02,0,0.27,23,0.1995,1,-17
2026-08-30 08:36:00+00:00,20m,14.0970621,<...>,JN75BD,45.145833,14.125,1675.0,126.8,-26,-0.1,0,0.21,23,0.1995,3,-19
2026-08-30 08:38:00+00:00,30m,10.1402896,F5EFK/12,,,,,,-21,0.41,0,0.31,23,0.1995,2,-14
2026-08-30 08:38:00+00:00,30m,10.1402784,LX0QRP,JN39,49.5,7.0,958.2,130.9,-22,0.19,0,0.33,23,0.1995,1,-15
2026-08-30 08:38:00+00:00,30m,10.1402441,OH3FR,KP20,60.5,25.0,1722.0,60.1,-13,2.16,0,0.21,33,1.9953,1,-16
2026-08-30 08:38:00+00:00,30m,10.1402437,SA7CND,JO76,56.5,15.0,1121.5,77.5,-16,0.02,0,0.35,20,0.1,1,-6
2026-08-30 08:38:00+00:00,30m,10.1401616,DL6NL,JO50,50.5,11.0,1093.8,115.4,-25,1.86,0,0.24,20,0.1,1,-15
2026-08-30 08:38:00+00:00,30m,10.140162,DJ2TS,JO40,50.5,9.0,982.7,120.3,-19,0.19,0,0.26,30,1.0,1,-19
2026-08-30 08:38:00+00:00,30m,10.1401363,GX2PLX,JO02,52.5,1.0,434.3,141.0,-24,-0.74,0,0.2,43,19.9526,1,-37
2026-08-30 08:38:00+00:00,30m,10.1401221,F4GMT,IN93,43.5,-1.0,1353.8,173.0,-17,0.02,0,0.34,23,0.1995,1,-10
2026-08-30 08:38:00+00:00,30m,10.1402385,GJ7DNI,IN89,49.5,-3.0,678.8,179.7,-8,5.83,0,0.48,23,0.1995,1,-1
2026-08-30 08:42:00+00:00,80m,3.5701768,G7UJY,IO93,53.5,-1.0,268.4,149.8,-14,1.22,0,0.56,23,0.1995,1,-7
2026-08-30 08:42:00+00:00,80m,3.5701966,M0XDC,JO01,51.5,1.0,528.5,148.0,-19,0.11,0,0.41,37,5.0119,1,-26
2026-08-30 08:42:00+00:00,80m,3.5701718,DL9ZY,JO30,50.5,7.0,877.5,126.1,-19,0.19,0,0.15,37,5.0119,1,-26
2026-08-30 08:42:00+00:00,80m,3.5700534,M0JGH,IO91,51.5,-1.0,475.8,162.7,-26,1.47,0,0.21,23,0.1995,1,-19
2026-08-30 08:42:00+00:00,80m,3.5701377,2E0FDM,IO81,51.5,-3.0,456.4,179.6,-24,0.58,0,0.11,23,0.1995,1,-17
2026-08-30 08:42:00+00:00,80m,3.5701322,<G4LEN>,IO81UT,51.8125,-2.291667,424.5,173.0,-16,-0.06,0,0.51,37,5.0119,3,-23
2026-08-30 08:42:00+00:00,80m,3.5701592,G3JKF,JO00,50.5,1.0,628.3,152.9,-21,-0.02,0,0.29,33,1.9953,1,-24
2026-08-30 08:44:00+00:00,40m,7.0400009,<F4EKH>,JN05LU,45.854167,0.958333,1119.6,163.9,-20,-0.36,0,0.37,30,1.0,3,-20
2026-08-30 08:44:00+00:00,40m,7.040007,G6CKK,JO01,51.5,1.0,528.5,148.0,-13,-0.06,0,0.57,23,0.1995,1,-6
2026-08-30 08:44:00+00:00,40m,7.0400247,G7UJY,IO93,53.5,-1.0,268.4,149.8,-28,1.26,0,0.14,23,0.1995,1,-21
2026-08-30 08:44:00+00:00,40m,7.0400736,PE1KWH,JO22,52.5,5.0,627.7,120.0,-26,-0.32,0,0.19,20,0.1,1,-16
2026-08-30 08:44:00+00:00,40m,7.0401117,<G7SYO>,IO90DR,50.729167,-1.708333,549.3,170.2,-7,0.32,0,0.66,27,0.5012,3,-4
2026-08-30 08:44:00+00:00,40m,7.0401953,DL6OBU,JO43,53.5,9.0,809.8,101.8,-28,0.58,0,0.19,23,0.1995,1,-21
2026-08-30 08:46:00+00:00,40m,7.0401722,G4TNU,IO91,51.5,-1.0,475.8,162.7,-21,0.28,0,0.27,23,0.1995,1,-14
2026-08-30 08:46:00+00:00,40m,7.0401653,PA0RDT,JO11,51.5,3.0,605.8,136.4,-12,0.02,0,0.48,37,5.0119,1,-19
2026-08-30 08:46:00+00:00,40m,7.0401595,G3JKF,JO00,50.5,1.0,628.3,152.9,-5,-0.02,0,0.67,33,1.9953,1,-8
2026-08-30 08:46:00+00:00,40m,7.0401442,GM4DTH,IO85,55.5,-3.0,11.9,167.2,-8,0.07,0,0.59,23,0.1995,1,-1
2026-08-30 08:46:00+00:00,40m,7.0401379,G4VNM,IO90,50.5,-1.0,583.7,165.7,-13,-0.57,0,0.48,23,0.1995,1,-6
2026-08-30 08:46:00+00:00,40m,7.0401183,OZ8PZ,JO47,57.5,9.0,766.4,69.1,-22,0.19,0,0.25,23,0.1995,1,-15
2026-08-30 08:46:00+00:00,40m,7.040081,2E0FDM,IO81,51.5,-3.0,456.4,179.6,-20,0.49,0,0.27,23,0.1995,1,-13
2026-08-30 08:46:00+00:00,40m,7.0400779,GM1BAN,IO88,58.5,-3.0,322.0,0.4,-25,0.49,0,0.18,23,0.1995,1,-18
2026-08-30 08:46:00+00:00,40m,7.0400645,M0OLS,IO81,51.5,-3.0,456.4,179.6,-14,0.32,0,0.56,23,0.1995,1,-7
2026-08-30 08:46:00+00:00,40m,7.0400525,OZ7IT,JO65,55.5,13.0,1006.8,84.0,-14,0.19,0,0.57,37,5.0119,1,-21
2026-08-30 08:46:00+00:00,40m,7.0400176,G7MNP,IO83,53.5,-3.0,234.0,179.3,-28,5.1,0,0.17,23,0.1995,1,-21
2026-08-30 08:46:00+00:00,40m,7.0400855,DL4XJ,JO42,52.5,9.0,857.0,108.7,-19,0.02,0,0.17,30,1.0,1,-19
2026-08-30 08:48:00+00:00,30m,10.140252,EA5RKP,IM99,39.5,-1.0,1797.0,174.3,-21,-0.06,0,0.28,23,0.1995,1,-14
2026-08-30 08:48:00+00:00,30m,10.1402424,EB5DQ,IM99,39.5,-1.0,1797.0,174.3,-18,-0.91,0,0.39,30,1.0,1,-18
2026-08-30 08:48:00+00:00,30m,10.14023,F6CBA,IN93,43.5,-1.0,1353.8,173.0,-16,0.19,0,0.41,0,0.001,1,14
2026-08-30 08:48:00+00:00,30m,10.1402186,OZ8PZ,JO47,57.5,9.0,766.4,69.1,-15,0.11,0,0.44,23,0.1995,1,-8
2026-08-30 08:48:00+00:00,30m,10.1402157,DD3MS,JN59,49.5,11.0,1163.6,119.8,-15,0.02,0,0.43,20,0.1,1,-5
2026-08-30 08:48:00+00:00,30m,10.1401998,HA6QL,JN97,47.5,19.0,1759.2,111.6,-15,0.07,0,0.49,33,1.9953,1,-18
2026-08-30 08:48:00+00:00,30m,10.140168,DL0NOT,JO40,50.5,9.0,982.7,120.3,-19,0.49,0,0.14,23,0.1995,1,-12
2026-08-30 08:48:00+00:00,30m,10.1401692,DK4TJ,JO31,51.5,7.0,804.0,120.4,-14,-0.1,-2,0.21,23,0.1995,1,-7
2026-08-30 08:48:00+00:00,30m,10.1401562,OZ7IT,JO65,55.5,13.0,1006.8,84.0,-1,0.15,0,0.77,37,5.0119,1,-8
2026-08-30 08:48:00+00:00,30m,10.1401533,F4WFT,IN98,48.5,-1.0,802.1,169.2,-3,0.15,0,0.72,23,0.1995,1,4
2026-08-30 08:48:00+00:00,30m,10.1401389,OE3WFA,JN78,48.5,15.0,1458.3,115.3,-14,0.19,0,0.42,30,1.0,1,-14
2026-08-30 08:48:00+00:00,30m,10.1401386,<DC8SE>,JO61DH,51.3125,12.291667,1118.6,108.9,-24,-0.23,0,0.16,23,0.1995,3,-17
2026-08-30 08:48:00+00:00,30m,10.1401751,GJ7DNI,IN89,49.5,-3.0,678.8,179.7,-9,5.23,0,0.47,23,0.1995,1,-2
2026-08-30 08:50:00+00:00,20m,14.0971527,F1JSC,JN03,43.5,1.0,1376.5,166.2,-19,0.19,0,0.25,33,1.9953,1,-22
2026-08-30 08:50:00+00:00,20m,14.0971012,EA6ALL,JM19,39.5,3.0,1845.5,163.5,-25,0.07,0,0.17,23,0.1995,1,-18
2026-08-30 08:50:00+00:00,20m,14.0970998,HA6QL,JN97,47.5,19.0,1759.2,111.6,-14,0.15,0,0.44,33,1.9953,1,-17
2026-08-30 08:50:00+00:00,20m,14.0970411,<IU0JJD>,JN61TP,41.645833,13.625,1966.6,135.1,-23,-0.06,0,0.27,23,0.1995,3,-16
2026-08-30 08:50:00+00:00,20m,14.097027,OE5MMP,JN68,48.5,13.0,1346.6,119.2,-24,-0.02,1,0.25,23,0.1995,1,-17
2026-08-30 08:50:00+00:00,20m,14.0969996,OH6OHX,KP03,63.5,21.0,1599.4,47.0,-27,0.07,0,0.21,23,0.1995,1,-20
2026-08-30 08:52:00+00:00,30m,10.140225,<DL1FX>,JN49GR,49.729167,8.541667,1016.0,125.2,-22,0.02,0,0.22,20,0.1,3,-12
2026-08-30 08:52:00+00:00,30m,10.1402181,ON4WS,JO20,50.5,5.0,780.7,133.3,-10,0.19,0,0.31,20,0.1,1,0
2026-08-30 08:52:00+00:00,30m,10.1402177,F4ASK,IN96,46.5,-1.0,1022.2,171.2,-1,0.83,0,0.5,37,5.0119,1,-8
2026-08-30 08:52:00+00:00,30m,10.1402167,SA0YRL,JO89,59.5,17.0,1265.8,61.8,-14,5.49,0,0.26,23,0.1995,1,-7
2026-08-30 08:52:00+00:00,30m,10.1402071,SM6YPE,JO67,57.5,13.0,1003.0,71.3,-22,0.28,0,0.24,23,0.1995,1,-15
2026-08-30 08:52:00+00:00,30m,10.1401212,GJ7DNI,IN89,49.5,-3.0,678.8,179.7,-11,5.06,0,0.49,23,0.1995,1,-4
2026-08-30 08:52:00+00:00,30m,10.1401617,DL6NL,JO50,50.5,11.0,1093.8,115.4,-19,1.9,0,0.44,20,0.1,1,-9
2026-08-30 08:52:00+00:00,30m,10.1401423,F4GMT,IN93,43.5,-1.0,1353.8,173.0,-24,0.24,0,0.21,23,0.1995,1,-17
2026-08-30 08:52:00+00:00,30m,10.1400959,G8NXD,IO70,50.5,-5.0,582.4,193.8,0,-0.19,0,0.58,37,5.0119,1,-7
2026-08-30 08:52:00+00:00,30m,10.140175,EA5RKP,IM99,39.5,-1.0,1797.0,174.3,-23,0.02,0,0.23,23,0.1995,1,-16
2026-08-30 08:56:00+00:00,40m,7.0401513,2E0CWP,IO94,54.5,-1.0,178.8,132.5,-23,0.11,0,0.31,23,0.1995,1,-16
2026-08-30 08:56:00+00:00,40m,7.0400526,OZ7IT,JO65,55.5,13.0,1006.8,84.0,-19,0.24,0,0.38,37,5.0119,1,-26
2026-08-30 08:56:00+00:00,40m,7.0400962,PA2W,JO22,52.5,5.0,627.7,120.0,-19,-0.02,0,0.35,37,5.0119,1,-26
2026-08-30 08:56:00+00:00,40m,7.0401002,G4RAF,IO82,52.5,-3.0,345.2,179.5,-26,-0.02,0,0.22,13,0.02,1,-9
2026-08-30 08:58:00+00:00,80m,3.5700364,<GM0PXV>,IO85IW,55.9375,-3.291667,40.2,337.2,-4,0.02,0,0.74,23,0.1995,3,3
2026-08-30 08:58:00+00:00,80m,3.5701269,G7UJY,IO93,53.5,-1.0,268.4,149.8,-18,1.22,0,0.47,23,0.1995,1,-11
2026-08-30 08:58:00+00:00,80m,3.5700122,GM4HAM,IO85,55.5,-3.0,11.9,167.2,-3,0.02,0,0.74,23,0.1995,1,4
2026-08-30 09:02:00+00:00,80m,3.5700974,GM4DTH,IO85,55.5,-3.0,11.9,167.2,-16,0.11,0,0.45,23,0.1995,1,-9
2026-08-30 09:02:00+00:00,80m,3.5701558,PI4CC,JO21,51.5,5.0,699.6,127.4,-25,0.11,0,0.13,17,0.0501,1,-12
2026-08-30 09:02:00+00:00,80m,3.5701592,G3JKF,JO00,50.5,1.0,628.3,152.9,-19,0.15,0,0.36,33,1.9953,1,-22
2026-08-30 09:02:00+00:00,80m,3.5701834,GM7FIE,IO85,55.5,-3.0,11.9,167.2,-13,0.02,0,0.55,23,0.1995,1,-6
2026-08-30 09:02:00+00:00,80m,3.5701965,M0XDC,JO01,51.5,1.0,528.5,148.0,-17,0.15,0,0.49,37,5.0119,1,-24
2026-08-30 09:04:00+00:00,80m,3.5701322,<G4LEN>,IO81UT,51.8125,-2.291667,424.5,173.0,-22,-0.06,0,0.35,37,5.0119,3,-29
2026-08-30 09:06:00+00:00,40m,7.0401016,LA9RKA,JP65,65.5,13.0,1398.6,31.8,-13,0.19,1,0.26,37,5.0119,1,-20
2026-08-30 09:06:00+00:00,40m,7.0401594,G3JKF,JO00,50.5,1.0,628.3,152.9,-7,0.11,0,0.63,33,1.9953,1,-10
2026-08-30 09:06:00+00:00,40m,7.0401562,G4TNU,IO91,51.5,-1.0,475.8,162.7,-21,0.28,0,0.24,23,0.1995,1,-14
2026-08-30 09:06:00+00:00,40m,7.0401519,G3LRS,IO92,52.5,-1.0,370.0,158.1,-5,0.07,0,0.7,27,0.5012,1,-2
2026-08-30 09:06:00+00:00,40m,7.0400655,OZ9ACF,JO65,55.5,13.0,1006.8,84.0,-12,0.19,0,0.51,37,5.0119,1,-19
2026-08-30 09:06:00+00:00,40m,7.0400976,G6UZT,IO82,52.5,-3.0,345.2,179.5,2,0.32,-2,0.64,37,5.0119,1,-5
2026-08-30 09:06:00+00:00,40m,7.0400265,PA2PGU,JO32,52.5,7.0,739.9,113.6,-16,-0.1,0,0.44,23,0.1995,1,-9
2026-08-30 09:06:00+00:00,40m,7.0400193,SM6YPE,JO67,57.5,13.0,1003.0,71.3,-26,0.28,0,0.19,23,0.1995,1,-19
2026-08-30 09:06:00+00:00,40m,7.040001,F4EKH,JN05,45.5,1.0,1158.7,164.1,-19,-0.4,0,0.38,30,1.0,1,-19
2026-08-30 09:06:00+00:00,40m,7.0399989,G7MNP,IO83,53.5,-3.0,234.0,179.3,-27,4.97,0,0.24,23,0.1995,1,-20
2026-08-30 09:06:00+00:00,40m,7.0400281,2E0FDM,IO81,51.5,-3.0,456.4,179.6,-24,0.45,0,0.23,23,0.1995,1,-17
2026-08-30 09:08:00+00:00,30m,10.1402697,EA5RKP,IM99,39.5,-1.0,1797.0,174.3,-23,-0.02,0,0.23,23,0.1995,1,-16
2026-08-30 09:08:00+00:00,30m,10.1400929,GJ7DNI,IN89,49.5,-3.0,678.8,179.7,-11,5.1,0,0.55,23,0.1995,1,-4
2026-08-30 09:08:00+00:00,30m,10.1401002,DL0PBS,JO33,53.5,7.0,687.8,105.7,-20,0.15,0,0.47,23,0.1995,1,-13
2026-08-30 09:08:00+00:00,30m,10.1401599,DJ2TS,JO40,50.5,9.0,982.7,120.3,-25,0.28,0,0.3,30,1.0,1,-25
2026-08-30 09:08:00+00:00,30m,10.1401687,DK4TJ,JO31,51.5,7.0,804.0,120.4,-22,-0.15,0,0.21,23,0.1995,1,-15
2026-08-30 09:08:00+00:00,30m,10.1402086,SM6YPE,JO67,57.5,13.0,1003.0,71.3,-16,0.32,0,0.55,23,0.1995,1,-9
2026-08-30 09:08:00+00:00,30m,10.1402439,<OZ1DEO>,JO55VS,55.770833,11.791667,928.2,82.7,-1,-1.85,0,0.74,30,1.0,3,-1
2026-08-30 09:08:00+00:00,30m,10.1402631,F5EFK/12,,,,,,-21,-0.1,0,0.27,23,0.1995,2,-14
2026-08-30 09:08:00+00:00,30m,10.1402783,LX0QRP,JN39,49.5,7.0,958.2,130.9,-24,0.19,0,0.23,23,0.1995,1,-17
2026-08-30 09:10:00+00:00,20m,14.0971527,F1JSC,JN03,43.5,1.0,1376.5,166.2,-17,0.11,0,0.46,33,1.9953,1,-20
2026-08-30 09:10:00+00:00,20m,14.0971473,OH6OHX,KP03,63.5,21.0,1599.4,47.0,-22,-0.02,0,0.24,23,0.1995,1,-15
2026-08-30 09:10:00+00:00,20m,14.0970224,OH3FZQ,KP11,61.5,23.0,1632.6,55.7,-17,0.28,0,0.54,33,1.9953,1,-20
2026-08-30 09:10:00+00:00,20m,14.0971158,OE1ELW,JN88,48.5,17.0,1573.5,111.7,-23,1.05,0,0.32,37,5.0119,1,-30
2026-08-30 09:12:00+00:00,160m,1.838048,G4HSB,IO94,54.5,-1.0,178.8,132.5,-18,0.28,0,0.45,23,0.1995,1,-11
2026-08-30 09:14:00+00:00,40m,7.040001,F4EKH,JN05,45.5,1.0,1158.7,164.1,-26,-0.36,0,0.19,30,1.0,1,-26
2026-08-30 09:14:00+00:00,40m,7.0400266,G7MNP,IO83,53.5,-3.0,234.0,179.3,-23,5.66,0,0.16,23,0.1995,1,-16
2026-08-30 09:14:00+00:00,40m,7.0400336,<G7SYO>,IO90DR,50.729167,-1.708333,549.3,170.2,-9,0.28,0,0.62,27,0.5012,3,-6
2026-08-30 09:14:00+00:00,40m,7.040061,<EI4GXB>,IO52QQ,52.6875,-8.625,487.0,230.6,-18,-0.06,0,0.3,23,0.1995,3,-11
2026-08-30 09:14:00+00:00,40m,7.0400654,<...>,IO93ET,53.8125,-1.625,219.0,154.9,-23,-0.1,0,0.21,23,0.1995,3,-16
2026-08-30 09:14:00+00:00,40m,7.0400711,<...>,IO91PH,51.3125,-0.708333,501.5,161.1,-13,0.41,0,0.19,23,0.1995,3,-6
2026-08-30 09:14:00+00:00,40m,7.0400757,M7VKF,IO81,51.5,-3.0,456.4,179.6,-7,-0.1,0,0.68,23,0.1995,1,0
2026-08-30 09:14:00+00:00,40m,7.0400998,G4RAF,IO82,52.5,-3.0,345.2,179.5,-15,0.07,0,0.38,13,0.02,1,2
2026-08-30 09:14:00+00:00,40m,7.0401088,PA7D,JO23,53.5,5.0,568.5,111.0,0,0.11,0,0.65,23,0.1995,1,7
2026-08-30 09:14:00+00:00,40m,7.0401343,M0NIF,IO90,50.5,-1.0,583.7,165.7,-16,0.19,0,0.43,23,0.1995,1,-9
2026-08-30 09:18:00+00:00,30m,10.140242,EB5DQ,IM99,39.5,-1.0,1797.0,174.3,-17,-1.13,0,0.46,30,1.0,1,-17
2026-08-30 09:18:00+00:00,30m,10.1402185,OZ8PZ,JO47,57.5,9.0,766.4,69.1,-21,0.19,-1,0.38,23,0.1995,1,-14
2026-08-30 09:18:00+00:00,30m,10.1401996,HA6QL,JN97,47.5,19.0,1759.2,111.6,-26,0.11,0,0.16,33,1.9953,1,-29
2026-08-30 09:18:00+00:00,30m,10.1401466,DG8GAD,JN48,48.5,9.0,1138.1,128.9,-31,-0.49,0,0.1,30,1.0,1,-31
2026-08-30 09:18:00+00:00,30m,10.1400979,GJ7DNI,IN89,49.5,-3.0,678.8,179.7,-27,5.44,0,0.19,23,0.1995,1,-20
2026-08-30 09:18:00+00:00,30m,10.1401679,DL0NOT,JO40,50.5,9.0,982.7,120.3,-22,0.45,0,0.29,23,0.1995,1,-15
2026-08-30 09:22:00+00:00,80m,3.5700182,G7UJY,IO93,53.5,-1.0,268.4,149.8,-14,1.22,1,0.6,23,0.1995,1,-7
2026-08-30 09:22:00+00:00,80m,3.5700676,<GD3MAN>,IO74QE,54.1875,-4.625,187.2,213.4,-22,-0.06,0,0.31,23,0.1995,3,-15
2026-08-30 09:22:00+00:00,80m,3.5701029,GX2PLX,JO02,52.5,1.0,434.3,141.0,-11,-0.7,0,0.68,43,19.9526,1,-24
2026-08-30 09:22:00+00:00,80m,3.5701593,G3JKF,JO00,50.5,1.0,628.3,152.9,-25,0.11,0,0.24,33,1.9953,1,-28
2026-08-30 09:24:00+00:00,20m,14.097097,OH5XO,KP41,61.5,29.0,1947.4,57.3,-22,0.19,-1,0.22,27,0.5012,1,-19
2026-08-30 09:24:00+00:00,20m,14.097129,EA1RJ,IN71,41.5,-5.0,1574.8,186.0,-6,4.16,-1,0.5,23,0.1995,1,1
2026-08-30 09:26:00+00:00,40m,7.040134,PA7D,JO23,53.5,5.0,568.5,111.0,3,0.02,0,0.67,23,0.1995,1,10
2026-08-30 09:26:00+00:00,40m,7.040166,G4TNU,IO91,51.5,-1.0,475.8,162.7,-20,0.28,0,0.23,23,0.1995,1,-13
2026-08-30 09:26:00+00:00,40m,7.0401595,G3JKF,JO00,50.5,1.0,628.3,152.9,-5,0.11,0,0.7,33,1.9953,1,-8
2026-08-30 09:26:00+00:00,40m,7.0400961,PA2W,JO22,52.5,5.0,627.7,120.0,-17,-0.06,0,0.19,37,5.0119,1,-24
2026-08-30 09:26:00+00:00,40m,7.0400922,G4USI/W,,,,,,-16,0.54,1,0.39,23,0.1995,2,-9
2026-08-30 09:26:00+00:00,40m,7.0400745,F6KPL,IN99,49.5,-1.0,692.6,167.7,-6,4.08,0,0.69,30,1.0,1,-6
2026-08-30 09:26:00+00:00,40m,7.0400526,OZ7IT,JO65,55.5,13.0,1006.8,84.0,-21,0.19,0,0.29,37,5.0119,1,-28
2026-08-30 09:26:00+00:00,40m,7.0400285,2E0FDM,IO81,51.5,-3.0,456.4,179.6,-24,0.45,0,0.33,23,0.1995,1,-17
2026-08-30 09:26:00+00:00,40m,7.039997,<GD3MAN>,IO74QE,54.1875,-4.625,187.2,213.4,-32,-0.1,0,0.22,23,0.1995,3,-25
2026-08-30 09:28:00+00:00,30m,10.1402541,F1JSC,JN03,43.5,1.0,1376.5,166.2,-21,0.11,0,0.25,33,1.9953,1,-24
2026-08-30 09:28:00+00:00,30m,10.1402301,DF6TV,JN39,49.5,7.0,958.2,130.9,-25,0.19,0,0.15,23,0.1995,1,-18
2026-08-30 09:28:00+00:00,30m,10.1402369,GJ7DNI,IN89,49.5,-3.0,678.8,179.7,-17,5.06,0,0.4,23,0.1995,1,-10
2026-08-30 09:28:00+00:00,30m,10.1401792,DL4XJ,JO42,52.5,9.0,857.0,108.7,-23,0.19,-1,0.2,30,1.0,1,-23
2026-08-30 09:28:00+00:00,30m,10.1401564,OZ7IT,JO65,55.5,13.0,1006.8,84.0,-2,0.11,0,0.68,37,5.0119,1,-9
2026-08-30 09:28:00+00:00,30m,10.1402197,SM7PNS,JO66,56.5,13.0,998.8,77.7,-26,0.41,0,0.19,23,0.1995,1,-19
2026-08-30 09:30:00+00:00,20m,14.0970896,OH6OHX,KP03,63.5,21.0,1599.4,47.0,-9,-0.02,0,0.56,23,0.1995,1,-2
2026-08-30 09:30:00+00:00,20m,14.0970998,EA1RJ,IN71,41.5,-5.0,1574.8,186.0,-4,4.25,-1,0.49,23,0.1995,1,3
2026-08-30 09:32:00+00:00,30m,10.1402048,F6CIU,JO65,55.5,13.0,1006.8,84.0,-22,-0.87,0,0.27,17,0.0501,1,-9
2026-08-30 09:32:00+00:00,30m,10.1402774,LX0QRP,JN39,49.5,7.0,958.2,130.9,-25,0.24,0,0.24,23,0.1995,1,-18
2026-08-30 09:32:00+00:00,30m,10.1402397,<PA0MLC>,JO31AW,51.9375,6.041667,722.0,120.6,-9,0.24,0,0.66,27,0.5012,3,-6
2026-08-30 09:32:00+00:00,30m,10.1402181,ON4WS,JO20,50.5,5.0,780.7,133.3,-18,0.15,0,0.4,20,0.1,1,-8
2026-08-30 09:32:00+00:00,30m,10.1401809,EA5RKP,IM99,39.5,-1.0,1797.0,174.3,-25,-0.06,0,0.19,23,0.1995,1,-18
2026-08-30 09:32:00+00:00,30m,10.1401346,SA0YRL,JO89,59.5,17.0,1265.8,61.8,-8,5.1,0,0.54,23,0.1995,1,-1
2026-08-30 09:32:00+00:00,30m,10.1401614,DL6NL,JO50,50.5,11.0,1093.8,115.4,-23,1.99,0,0.18,20,0.1,1,-13
2026-08-30 09:32:00+00:00,30m,10.1401587,DJ2TS,JO40,50.5,9.0,982.7,120.3,-27,0.28,0,0.14,30,1.0,1,-27
2026-08-30 09:32:00+00:00,30m,10.1401537,SA7CND,JO76,56.5,15.0,1121.5,77.5,-19,-0.06,0,0.39,20,0.1,1,-9
2026-08-30 09:32:00+00:00,30m,10.1401008,DL0PBS,JO33,53.5,7.0,687.8,105.7,-24,0.11,0,0.28,23,0.1995,1,-17
2026-08-30 09:32:00+00:00,30m,10.140169,DK4TJ,JO31,51.5,7.0,804.0,120.4,-21,-0.15,-1,0.16,23,0.1995,1,-14
2026-08-30 09:34:00+00:00,80m,3.5701075,<...>,IO82WL,52.479167,-2.125,352.6,169.9,-13,1.05,0,0.26,37,5.0119,3,-20
2026-08-30 09:34:00+00:00,80m,3.5701106,GM7FIE,IO85,55.5,-3.0,11.9,167.2,-12,-0.06,0,0.43,23,0.1995,1,-5
2026-08-30 09:36:00+00:00,20m,14.097137,F6EGX,JN35,45.5,7.0,1325.8,143.7,-21,0.15,0,0.24,37,5.0119,1,-28
2026-08-30 09:36:00+00:00,20m,14.0970135,EA1RJ,IN71,41.5,-5.0,1574.8,186.0,0,4.12,0,0.52,23,0.1995,1,7
2026-08-30 09:38:00+00:00,40m,7.0401419,PA7D,JO23,53.5,5.0,568.5,111.0,0,0.02,0,0.75,23,0.1995,1,7
2026-08-30 09:38:00+00:00,40m,7.0400952,G4HSB,IO94,54.5,-1.0,178.8,132.5,-10,-0.06,0,0.52,23,0.1995,1,-3
2026-08-30 09:38:00+00:00,40m,7.0401492,OZ1DEO,JO55,55.5,11.0,881.8,84.9,-18,-1.94,0,0.19,30,1.0,1,-18
2026-08-30 09:38:00+00:00,40m,7.0401377,G4VNM,IO90,50.5,-1.0,583.7,165.7,-15,-0.62,0,0.32,23,0.1995,1,-8
2026-08-30 09:38:00+00:00,40m,7.0400009,<F4EKH>,JN05LU,45.854167,0.958333,1119.6,163.9,-28,-0.45,0,0.25,30,1.0,3,-28
2026-08-30 09:38:00+00:00,40m,7.0400794,F6KPL,IN99,49.5,-1.0,692.6,167.7,-7,4.03,0,0.72,30,1.0,1,-7
2026-08-30 09:38:00+00:00,40m,7.0401289,<...>,IO82WL,52.479167,-2.125,352.6,169.9,-5,0.96,0,0.51,37,5.0119,3,-12
2026-08-30 09:42:00+00:00,80m,3.570149,G7UJY,IO93,53.5,-1.0,268.4,149.8,-12,1.18,0,0.59,23,0.1995,1,-5
2026-08-30 09:42:00+00:00,80m,3.5701593,G3JKF,JO00,50.5,1.0,628.3,152.9,-24,0.11,0,0.18,33,1.9953,1,-27
2026-08-30 09:44:00+00:00,80m,3.5700554,PC2A,JO21,51.5,5.0,699.6,127.4,-26,0.19,0,0.2,17,0.0501,1,-13
2026-08-30 09:44:00+00:00,80m,3.5701274,GM8HHC,IO85,55.5,-3.0,11.9,167.2,-23,-0.15,0,0.25,23,0.1995,1,-16
2026-08-30 09:44:00+00:00,80m,3.570156,PI4CC,JO21,51.5,5.0,699.6,127.4,-23,0.07,0,0.32,17,0.0501,1,-10
2026-08-30 09:46:00+00:00,40m,7.0401653,PA0RDT,JO11,51.5,3.0,605.8,136.4,-13,0.75,0,0.49,37,5.0119,1,-20
2026-08-30 09:46:00+00:00,40m,7.040135,G4TNU,IO91,51.5,-1.0,475.8,162.7,-20,0.19,0,0.3,23,0.1995,1,-13
2026-08-30 09:46:00+00:00,40m,7.040118,OZ8PZ,JO47,57.5,9.0,766.4,69.1,-24,0.11,0,0.18,23,0.1995,1,-17
2026-08-30 09:46:00+00:00,40m,7.0401594,G3JKF,JO00,50.5,1.0,628.3,152.9,-1,0.07,0,0.74,33,1.9953,1,-4
2026-08-30 09:46:00+00:00,40m,7.0400792,<PA1RMC>,JO32IG,52.270833,6.708333,737.1,116.1,-25,-0.1,0,0.2,23,0.1995,3,-18
2026-08-30 09:46:00+00:00,40m,7.0400657,SH6OMP,JO66,56.5,13.0,998.8,77.7,-26,-0.06,0,0.25,23,0.1995,1,-19
2026-08-30 09:46:00+00:00,40m,7.0400313,2E0FDM,IO81,51.5,-3.0,456.4,179.6,-25,0.45,0,0.33,23,0.1995,1,-18
2026-08-30 09:46:00+00:00,40m,7.0401001,G4RAF,IO82,52.5,-3.0,345.2,179.5,-24,-0.02,0,0.27,13,0.02,1,-7
2026-08-30 09:48:00+00:00,30m,10.1401147,DD3MS,JN59,49.5,11.0,1163.6,119.8,-21,-0.06,0,0.45,20,0.1,1,-11
2026-08-30 09:48:00+00:00,30m,10.14015,HB9YC,JN46,46.5,9.0,1312.8,135.4,-18,0.11,0,0.34,30,1.0,1,-18
2026-08-30 09:48:00+00:00,30m,10.1401531,F4WFT,IN98,48.5,-1.0,802.1,169.2,-17,0.07,0,0.5,23,0.1995,1,-10
2026-08-30 09:48:00+00:00,30m,10.1401686,DK4TJ,JO31,51.5,7.0,804.0,120.4,-17,-0.23,0,0.28,23,0.1995,1,-10
2026-08-30 09:48:00+00:00,30m,10.1401795,OZ2JBR,JO65,55.5,13.0,1006.8,84.0,-8,0.19,0,0.66,37,5.0119,1,-15
2026-08-30 09:48:00+00:00,30m,10.1401886,<DC8SE>,JO61DH,51.3125,12.291667,1118.6,108.9,-17,-0.06,0,0.42,23,0.1995,3,-10
2026-08-30 09:48:00+00:00,30m,10.1401999,HA6QL,JN97,47.5,19.0,1759.2,111.6,-23,0.15,0,0.19,33,1.9953,1,-26
2026-08-30 09:48:00+00:00,30m,10.1402175,F4ASK,IN96,46.5,-1.0,1022.2,171.2,2,0.83,0,0.84,37,5.0119,1,-5
2026-08-30 09:48:00+00:00,30m,10.1402415,PA3AKP,JO22,52.5,5.0,627.7,120.0,-23,0.11,0,0.26,10,0.01,1,-3
2026-08-30 09:48:00+00:00,30m,10.1402422,EB5DQ,IM99,39.5,-1.0,1797.0,174.3,-18,-1.26,0,0.26,30,1.0,1,-18
2026-08-30 09:50:00+00:00,20m,14.0971446,<OK1BF>,JO70UB,50.0625,15.708333,1396.3,108.4,-16,-0.06,0,0.51,23,0.1995,3,-9
2026-08-30 09:50:00+00:00,20m,14.0970997,HA6QL,JN97,47.5,19.0,1759.2,111.6,-12,0.11,0,0.57,33,1.9953,1,-15
2026-08-30 09:50:00+00:00,20m,14.0969976,OH6OHX,KP03,63.5,21.0,1599.4,47.0,-26,-0.02,0,0.26,23,0.1995,1,-19
2026-08-30 09:50:00+00:00,20m,14.0970921,<IU0JJD>,JN61TP,41.645833,13.625,1966.6,135.1,-19,-0.15,0,0.35,23,0.1995,3,-12
2026-08-30 09:52:00+00:00,160m,1.838091,G4HSB,IO94,54.5,-1.0,178.8,132.5,-16,0.28,0,0.52,23,0.1995,1,-9
2026-08-30 09:54:00+00:00,30m,10.140242,EB5DQ,IM99,39.5,-1.0,1797.0,174.3,-24,-1.04,0,0.22,30,1.0,1,-24
2026-08-30 09:54:00+00:00,30m,10.1401163,SK7BQ,JO76,56.5,15.0,1121.5,77.5,-15,0.24,0,0.41,23,0.1995,1,-8
2026-08-30 09:54:00+00:00,30m,10.140139,OE3WFA,JN78,48.5,15.0,1458.3,115.3,-18,0.28,0,0.21,30,1.0,1,-18
2026-08-30 09:54:00+00:00,30m,10.1401403,<...>,JP53FJ,63.395833,10.458333,1149.1,35.6,-14,-0.06,0,0.3,23,0.1995,3,-7
2026-08-30 09:54:00+00:00,30m,10.140156,OZ7IT,JO65,55.5,13.0,1006.8,84.0,-2,0.15,0,0.6,37,5.0119,1,-9
2026-08-30 09:54:00+00:00,30m,10.140168,DL0NOT,JO40,50.5,9.0,982.7,120.3,-23,0.37,0,0.16,23,0.1995,1,-16
2026-08-30 09:54:00+00:00,30m,10.1402017,SM3ESX,JP82,62.5,17.0,1370.0,47.9,-21,0.66,-1,0.25,23,0.1995,1,-14
2026-08-30 09:54:00+00:00,30m,10.1402399,PA3AKP,JO22,52.5,5.0,627.7,120.0,-18,0.15,0,0.32,10,0.01,1,2
2026-08-30 09:56:00+00:00,80m,3.5701559,PI4CC,JO21,51.5,5.0,699.6,127.4,-29,0.11,0,0.17,17,0.0501,1,-16
2026-08-30 09:56:00+00:00,80m,3.5700543,GM4DTH,IO85,55.5,-3.0,11.9,167.2,-13,0.02,0,0.35,23,0.1995,1,-6
2026-08-30 09:56:00+00:00,80m,3.5699999,G4HSB,IO94,54.5,-1.0,178.8,132.5,16,-0.02,0,0.88,23,0.1995,1,23
2026-08-30 09:58:00+00:00,20m,14.0970904,CT1DJG,IN61,41.5,-7.0,1594.5,192.0,-19,-0.7,0,0.28,23,0.1995,1,-12
2026-08-30 09:58:00+00:00,20m,14.0970955,OE3KFB,JN78,48.5,15.0,1458.3,115.3,-24,0.11,-1,0.18,37,5.0119,1,-31
2026-08-30 09:58:00+00:00,20m,14.0971471,IU0JJD,JN61,41.5,13.0,1953.0,136.7,-20,-0.06,0,0.34,23,0.1995,1,-13
2026-08-30 10:02:00+00:00,80m,3.570159,G3JKF,JO00,50.5,1.0,628.3,152.9,-22,0.07,0,0.32,33,1.9953,1,-25
2026-08-30 10:02:00+00:00,80m,3.5700554,PC2A,JO21,51.5,5.0,699.6,127.4,-29,0.07,0,0.17,17,0.0501,1,-16
2026-08-30 10:02:00+00:00,80m,3.5701559,PI4CC,JO21,51.5,5.0,699.6,127.4,-22,0.11,0,0.34,17,0.0501,1,-9
2026-08-30 10:04:00+00:00,40m,7.0400798,G6CKK,JO01,51.5,1.0,528.5,148.0,-12,0.02,0,0.49,23,0.1995,1,-5
2026-08-30 10:04:00+00:00,40m,7.0401377,G4VNM,IO90,50.5,-1.0,583.7,165.7,-11,-0.62,0,0.55,23,0.1995,1,-4
2026-08-30 10:04:00+00:00,40m,7.0400016,DL0PBS,JO33,53.5,7.0,687.8,105.7,-25,0.24,-1,0.12,23,0.1995,1,-18
2026-08-30 10:04:00+00:00,40m,7.0400467,<G7SYO>,IO90DR,50.729167,-1.708333,549.3,170.2,-3,0.24,0,0.7,27,0.5012,3,0
2026-08-30 10:06:00+00:00,40m,7.0401624,PA2PGU,JO32,52.5,7.0,739.9,113.6,-8,-0.02,0,0.66,23,0.1995,1,-1
2026-08-30 10:06:00+00:00,40m,7.0401595,G3JKF,JO00,50.5,1.0,628.3,152.9,-3,0.02,0,0.72,33,1.9953,1,-6
2026-08-30 10:06:00+00:00,40m,7.0401519,G3LRS,IO92,52.5,-1.0,370.0,158.1,-18,0.02,0,0.32,27,0.5012,1,-15
2026-08-30 10:06:00+00:00,40m,7.0401789,2E0FDM,IO81,51.5,-3.0,456.4,179.6,-23,0.45,0,0.25,23,0.1995,1,-16
2026-08-30 10:06:00+00:00,40m,7.0401378,G4VNM,IO90,50.5,-1.0,583.7,165.7,-11,-0.62,0,0.53,23,0.1995,1,-4
2026-08-30 10:06:00+00:00,40m,7.0401022,G1FXB,IO91,51.5,-1.0,475.8,162.7,-24,0.37,1,0.13,20,0.1,1,-14
2026-08-30 10:06:00+00:00,40m,7.0401185,G7GGK,IO80,50.5,-3.0,567.6,179.7,-13,-0.06,0,0.46,23,0.1995,1,-6
2026-08-30 10:06:00+00:00,40m,7.0400938,PA7D,JO23,53.5,5.0,568.5,111.0,0,0.07,0,0.71,23,0.1995,1,7
2026-08-30 10:06:00+00:00,40m,7.0400792,SM6YPE,JO67,57.5,13.0,1003.0,71.3,-22,0.11,0,0.2,23,0.1995,1,-15
2026-08-30 10:06:00+00:00,40m,7.0400732,G4TNU,IO91,51.5,-1.0,475.8,162.7,-25,0.15,0,0.13,23,0.1995,1,-18
2026-08-30 10:06:00+00:00,40m,7.0400275,G7UJY,IO93,53.5,-1.0,268.4,149.8,-25,1.13,0,0.27,23,0.1995,1,-18
2026-08-30 10:08:00+00:00,30m,10.1402536,F1JSC,JN03,43.5,1.0,1376.5,166.2,-22,0.24,0,0.26,33,1.9953,1,-25
2026-08-30 10:08:00+00:00,30m,10.1402467,SA7CND,JO76,56.5,15.0,1121.5,77.5,-10,-0.02,0,0.65,20,0.1,1,0
2026-08-30 10:08:00+00:00,30m,10.1402384,DK5BK,JO32,52.5,7.0,739.9,113.6,-18,0.96,0,0.34,33,1.9953,1,-21
2026-08-30 10:08:00+00:00,30m,10.1402992,SM6YPE,JO67,57.5,13.0,1003.0,71.3,-8,0.19,0,0.7,23,0.1995,1,-1
2026-08-30 10:08:00+00:00,30m,10.1402146,EA5RKP,IM99,39.5,-1.0,1797.0,174.3,-25,0.02,0,0.16,23,0.1995,1,-18
2026-08-30 10:08:00+00:00,30m,10.1401582,OZ9ACF,JO65,55.5,13.0,1006.8,84.0,-20,0.19,0,0.43,37,5.0119,1,-27
2026-08-30 10:08:00+00:00,30m,10.1401024,<DL2TT>,JO31LL,51.479167,6.958333,803.2,120.7,-20,-0.1,0,0.44,23,0.1995,3,-13
2026-08-30 10:08:00+00:00,30m,10.1402369,GJ7DNI,IN89,49.5,-3.0,678.8,179.7,-25,5.14,0,0.13,23,0.1995,1,-18
2026-08-30 10:10:00+00:00,20m,14.0971476,CT1DJG,IN61,41.5,-7.0,1594.5,192.0,-20,-0.79,0,0.19,23,0.1995,1,-13
2026-08-30 10:12:00+00:00,30m,10.1402826,SA0YRL,JO89,59.5,17.0,1265.8,61.8,-20,4.89,0,0.25,23,0.1995,1,-13
2026-08-30 10:12:00+00:00,30m,10.1402688,EA5RKP,IM99,39.5,-1.0,1797.0,174.3,-28,0.02,0,0.19,23,0.1995,1,-21
2026-08-30 10:12:00+00:00,30m,10.1402523,PA3DSC,JO21,51.5,5.0,699.6,127.4,-22,0.49,0,0.34,30,1.0,1,-22
2026-08-30 10:12:00+00:00,30m,10.1402419,EB5DQ,IM99,39.5,-1.0,1797.0,174.3,-26,-0.66,0,0.18,30,1.0,1,-26
2026-08-30 10:12:00+00:00,30m,10.1401997,OZ4JJ,JO56,56.5,11.0,876.0,77.7,-23,0.11,0,0.31,13,0.02,1,-6
2026-08-30 10:12:00+00:00,30m,10.1401471,HB9AK,JN36,46.5,7.0,1229.2,141.2,-24,0.19,-2,0.3,23,0.1995,1,-17
2026-08-30 10:12:00+00:00,30m,10.140098,GJ7DNI,IN89,49.5,-3.0,678.8,179.7,-27,5.02,0,0.26,23,0.1995,1,-20
2026-08-30 10:12:00+00:00,30m,10.1401681,DL0NOT,JO40,50.5,9.0,982.7,120.3,-24,0.32,0,0.32,23,0.1995,1,-17
2026-08-30 10:14:00+00:00,40m,7.0401837,<G7SYO>,IO90DR,50.729167,-1.708333,549.3,170.2,-5,0.24,0,0.71,27,0.5012,3,-2
2026-08-30 10:14:00+00:00,40m,7.0401377,G4VNM,IO90,50.5,-1.0,583.7,165.7,-9,-0.57,0,0.56,23,0.1995,1,-2
2026-08-30 10:14:00+00:00,40m,7.0401493,OZ1DEO,JO55,55.5,11.0,881.8,84.9,-22,-1.9,0,0.2,30,1.0,1,-22
2026-08-30 10:16:00+00:00,20m,14.0971547,CT1DJG,IN61,41.5,-7.0,1594.5,192.0,-25,-0.83,0,0.21,23,0.1995,1,-18
2026-08-30 10:16:00+00:00,20m,14.0971699,DG6RCH,JN68,48.5,13.0,1346.6,119.2,-26,-0.06,-1,0.13,23,0.1995,1,-19
2026-08-30 10:16:00+00:00,20m,14.0970949,OH5XO,KP41,61.5,29.0,1947.4,57.3,-22,0.11,-2,0.31,27,0.5012,1,-19
2026-08-30 10:18:00+00:00,80m,3.5700741,GM4HAM,IO85,55.5,-3.0,11.9,167.2,-7,0.02,0,0.71,23,0.1995,1,0
2026-08-30 10:22:00+00:00,80m,3.5700617,GM7FIE,IO85,55.5,-3.0,11.9,167.2,-19,-0.02,0,0.4,23,0.1995,1,-12
2026-08-30 10:22:00+00:00,80m,3.5701277,<GD3MAN>,IO74QE,54.1875,-4.625,187.2,213.4,-25,-0.02,0,0.17,23,0.1995,3,-18
2026-08-30 10:22:00+00:00,80m,3.5701544,<GM0PXV>,IO85IW,55.9375,-3.291667,40.2,337.2,-6,-0.02,0,0.67,23,0.1995,3,1
2026-08-30 10:22:00+00:00,80m,3.5701592,G3JKF,JO00,50.5,1.0,628.3,152.9,-22,0.02,0,0.15,33,1.9953,1,-25
2026-08-30 10:22:00+00:00,80m,3.5701965,M0XDC,JO01,51.5,1.0,528.5,148.0,-19,0.19,0,0.41,37,5.0119,1,-26
2026-08-30 10:24:00+00:00,40m,7.0401227,PA2PGU,JO32,52.5,7.0,739.9,113.6,-22,-0.06,0,0.28,23,0.1995,1,-15
2026-08-30 10:24:00+00:00,40m,7.0401758,GM7FIE,IO85,55.5,-3.0,11.9,167.2,-24,0.02,0,0.3,23,0.1995,1,-17
2026-08-30 10:24:00+00:00,40m,7.0401527,SA7CND,JO76,56.5,15.0,1121.5,77.5,-25,0.07,0,0.23,20,0.1,1,-15
2026-08-30 10:24:00+00:00,40m,7.0401003,G4RAF,IO82,52.5,-3.0,345.2,179.5,-19,0.07,0,0.19,13,0.02,1,-2
2026-08-30 10:24:00+00:00,40m,7.0400864,G8GZN,IO90,50.5,-1.0,583.7,165.7,-14,-0.96,0,0.46,30,1.0,1,-14
2026-08-30 10:24:00+00:00,40m,7.0400397,EI7II,IO51,51.5,-9.0,602.2,223.2,-7,0.45,0,0.6,23,0.1995,1,0
2026-08-30 10:24:00+00:00,40m,7.0400367,M0NIF,IO90,50.5,-1.0,583.7,165.7,-12,0.41,0,0.37,23,0.1995,1,-5
2026-08-30 10:24:00+00:00,40m,7.0400065,GM0PXV,IO85,55.5,-3.0,11.9,167.2,-21,-0.02,0,0.2,23,0.1995,1,-14
2026-08-30 10:24:00+00:00,40m,7.0400004,F4EKH,JN05,45.5,1.0,1158.7,164.1,-20,-0.57,0,0.33,30,1.0,1,-20
2026-08-30 10:24:00+00:00,40m,7.0400688,<G7SYO>,IO90DR,50.729167,-1.708333,549.3,170.2,-1,0.19,0,0.73,27,0.5012,3,2
2026-08-30 10:26:00+00:00,40m,7.0400859,DL4XJ,JO42,52.5,9.0,857.0,108.7,-21,0.28,0,0.21,30,1.0,1,-21
2026-08-30 10:26:00+00:00,40m,7.0401593,G3JKF,JO00,50.5,1.0,628.3,152.9,-8,-0.02,0,0.58,33,1.9953,1,-11
2026-08-30 10:26:00+00:00,40m,7.040101,OZ2JBR,JO65,55.5,13.0,1006.8,84.0,-16,0.24,0,0.38,37,5.0119,1,-23
2026-08-30 10:26:00+00:00,40m,7.0400999,G4RAF,IO82,52.5,-3.0,345.2,179.5,-27,0.07,0,0.22,13,0.02,1,-10
2026-08-30 10:26:00+00:00,40m,7.0400793,F6KPL,IN99,49.5,-1.0,692.6,167.7,-5,4.08,0,0.68,30,1.0,1,-5
2026-08-30 10:26:00+00:00,40m,7.0401831,LA4PGA,JP50,60.5,11.0,986.3,50.8,-16,-0.02,0,0.42,23,0.1995,1,-9
2026-08-30 10:26:00+00:00,40m,7.0400643,OZ9ACF,JO65,55.5,13.0,1006.8,84.0,-18,0.28,0,0.39,37,5.0119,1,-25
2026-08-30 10:26:00+00:00,40m,7.0400431,2E0CWP,IO94,54.5,-1.0,178.8,132.5,-24,-0.02,0,0.24,23,0.1995,1,-17
2026-08-30 10:26:00+00:00,40m,7.040037,<M0NIF>,IO90HX,50.979167,-1.375,526.0,167.2,-12,0.19,0,0.5,23,0.1995,3,-5
2026-08-30 10:26:00+00:00,40m,7.0400062,<GM0PXV>,IO85IW,55.9375,-3.291667,40.2,337.2,-22,-0.06,0,0.32,23,0.1995,3,-15
2026-08-30 10:26:00+00:00,40m,7.0400734,PE1KWH,JO22,52.5,5.0,627.7,120.0,-21,-0.27,0,0.16,20,0.1,1,-11
2026-08-30 10:28:00+00:00,30m,10.1402299,DF6TV,JN39,49.5,7.0,958.2,130.9,-25,0.32,0,0.21,23,0.1995,1,-18
2026-08-30 10:28:00+00:00,30m,10.14017,GJ7DNI,IN89,49.5,-3.0,678.8,179.7,-18,5.1,0,0.4,23,0.1995,1,-11
2026-08-30 10:28:00+00:00,30m,10.1401519,EA5RKP,IM99,39.5,-1.0,1797.0,174.3,-28,0.07,0,0.12,23,0.1995,1,-21
2026-08-30 10:30:00+00:00,20m,14.0969896,OH6OHX,KP03,63.5,21.0,1599.4,47.0,-24,0.07,0,0.35,23,0.1995,1,-17
2026-08-30 10:30:00+00:00,20m,14.0970284,EA1RJ,IN71,41.5,-5.0,1574.8,186.0,-14,3.86,-1,0.39,23,0.1995,1,-7
2026-08-30 10:30:00+00:00,20m,14.0971451,EA3AGU,JN01,41.5,1.0,1595.6,167.7,-25,0.19,0,0.24,37,5.0119,1,-32
2026-08-30 10:30:00+00:00,20m,14.0971602,DK7MI,JN67,47.5,13.0,1423.2,122.6,-24,0.41,0,0.32,20,0.1,1,-14
2026-08-30 10:32:00+00:00,160m,1.8381479,G4HSB,IO94,54.5,-1.0,178.8,132.5,-13,0.24,0,0.61,23,0.1995,1,-6
2026-08-30 10:38:00+00:00,80m,3.5700355,GM7FIE,IO85,55.5,-3.0,11.9,167.2,-12,-0.02,0,0.55,23,0.1995,1,-5
2026-08-30 10:38:00+00:00,80m,3.5700511,G3LRS,IO92,52.5,-1.0,370.0,158.1,-11,0.02,0,0.57,27,0.5012,1,-8
2026-08-30 10:38:00+00:00,80m,3.5700582,GM4HAM,IO85,55.5,-3.0,11.9,167.2,-5,0.02,0,0.68,23,0.1995,1,2
2026-08-30 10:38:00+00:00,80m,3.5701558,PI4CC,JO21,51.5,5.0,699.6,127.4,-25,0.11,0,0.28,17,0.0501,1,-12
2026-08-30 10:38:00+00:00,80m,3.570165,PA0RDT,JO11,51.5,3.0,605.8,136.4,-27,1.05,0,0.19,37,5.0119,1,-34
2026-08-30 10:42:00+00:00,80m,3.5701965,M0XDC,JO01,51.5,1.0,528.5,148.0,-21,0.19,0,0.4,37,5.0119,1,-28
2026-08-30 10:42:00+00:00,80m,3.5700289,GX2PLX,JO02,52.5,1.0,434.3,141.0,-22,-0.66,0,0.41,43,19.9526,1,-35
2026-08-30 10:44:00+00:00,40m,7.0400273,G7MNP,IO83,53.5,-3.0,234.0,179.3,-24,4.97,0,0.27,23,0.1995,1,-17
2026-08-30 10:44:00+00:00,40m,7.0400377,GX2PLX,JO02,52.5,1.0,434.3,141.0,-19,-0.74,0,0.54,43,19.9526,1,-32
2026-08-30 10:44:00+00:00,40m,7.040058,G6CKK,JO01,51.5,1.0,528.5,148.0,-12,0.02,0,0.65,23,0.1995,1,-5
2026-08-30 10:44:00+00:00,40m,7.0401378,G4VNM,IO90,50.5,-1.0,583.7,165.7,-13,-0.62,0,0.44,23,0.1995,1,-6
2026-08-30 10:44:00+00:00,40m,7.0401694,G4USI/W,,,,,,-18,0.58,0,0.32,23,0.1995,2,-11
2026-08-30 10:44:00+00:00,40m,7.0401756,GM4ISM,IO85,55.5,-3.0,11.9,167.2,-15,0.02,0,0.35,23,0.1995,1,-8
2026-08-30 10:44:00+00:00,40m,7.0401888,<G7SYO>,IO90DR,50.729167,-1.708333,549.3,170.2,0,0.15,0,0.26,27,0.5012,3,3
2026-08-30 10:44:00+00:00,40m,7.0401928,<PA7D>,JO23VF,53.229167,5.791667,629.0,111.2,2,0.11,0,0.51,23,0.1995,3,9
2026-08-30 10:46:00+00:00,40m,7.0401594,G3JKF,JO00,50.5,1.0,628.3,152.9,-12,0.19,0,0.5,33,1.9953,1,-15
2026-08-30 10:46:00+00:00,40m,7.0401698,<G4USI/W>,IO81IA,51.020833,-3.291667,509.9,182.0,-17,0.45,0,0.31,23,0.1995,3,-10
2026-08-30 10:46:00+00:00,40m,7.0401653,PA0RDT,JO11,51.5,3.0,605.8,136.4,-14,0.96,0,0.43,37,5.0119,1,-21
2026-08-30 10:46:00+00:00,40m,7.0401004,G4RAF,IO82,52.5,-3.0,345.2,179.5,-27,0.02,0,0.12,13,0.02,1,-10
2026-08-30 10:46:00+00:00,40m,7.040131,G4TNU,IO91,51.5,-1.0,475.8,162.7,-22,0.28,0,0.29,23,0.1995,1,-15
2026-08-30 10:46:00+00:00,40m,7.0400868,G8GZN,IO90,50.5,-1.0,583.7,165.7,-14,-1.04,0,0.46,30,1.0,1,-14
2026-08-30 10:46:00+00:00,40m,7.0400855,DL4XJ,JO42,52.5,9.0,857.0,108.7,-25,0.19,0,0.17,30,1.0,1,-25
2026-08-30 10:46:00+00:00,40m,7.0400206,GM1BAN,IO88,58.5,-3.0,322.0,0.4,-29,0.45,0,0.2,23,0.1995,1,-22
2026-08-30 10:46:00+00:00,40m,7.0399913,GI4LGP,IO74,54.5,-5.0,175.0,226.3,-12,0.02,0,0.62,23,0.1995,1,-5
2026-08-30 10:46:00+00:00,40m,7.0400948,2E0FDM,IO81,51.5,-3.0,456.4,179.6,-21,0.49,0,0.33,23,0.1995,1,-14
2026-08-30 10:48:00+00:00,30m,10.1401242,EA5RKP,IM99,39.5,-1.0,1797.0,174.3,-26,-0.02,0,0.13,23,0.1995,1,-19
2026-08-30 10:48:00+00:00,30m,10.1401536,F4WFT,IN98,48.5,-1.0,802.1,169.2,-15,0.15,0,0.35,23,0.1995,1,-8
2026-08-30 10:48:00+00:00,30m,10.1401614,OZ9ACF,JO65,55.5,13.0,1006.8,84.0,-12,0.32,0,0.57,37,5.0119,1,-19
2026-08-30 10:48:00+00:00,30m,10.140168,DL0NOT,JO40,50.5,9.0,982.7,120.3,-17,0.41,0,0.27,23,0.1995,1,-10
2026-08-30 10:48:00+00:00,30m,10.1401972,DL7VXX,JO62,52.5,13.0,1099.6,101.6,-16,-0.4,0,0.37,33,1.9953,1,-19
2026-08-30 10:48:00+00:00,30m,10.1402324,GJ7DNI,IN89,49.5,-3.0,678.8,179.7,-17,5.06,1,0.32,23,0.1995,1,-10
2026-08-30 10:48:00+00:00,30m,10.140242,EB5DQ,IM99,39.5,-1.0,1797.0,174.3,-26,-0.45,0,0.14,30,1.0,1,-26
2026-08-30 10:48:00+00:00,30m,10.1402958,DD3MS,JN59,49.5,11.0,1163.6,119.8,-30,-0.02,0,0.18,20,0.1,1,-20
2026-08-30 10:50:00+00:00,20m,14.0971375,OH6OHX,KP03,63.5,21.0,1599.4,47.0,-14,0.07,0,0.55,23,0.1995,1,-7
2026-08-30 10:50:00+00:00,20m,14.0970997,HA6QL,JN97,47.5,19.0,1759.2,111.6,-20,0.15,0,0.33,33,1.9953,1,-23
2026-08-30 10:50:00+00:00,20m,14.0970709,DL4XJ,JO42,52.5,9.0,857.0,108.7,-26,0.19,0,0.2,30,1.0,1,-26
2026-08-30 10:52:00+00:00,20m,14.0970962,OE3KFB,JN78,48.5,15.0,1458.3,115.3,-22,-0.02,0,0.24,37,5.0119,1,-29
2026-08-30 10:52:00+00:00,20m,14.0971017,SP8KM,KO00,50.5,21.0,1693.9,99.5,-27,6.17,0,0.17,30,1.0,1,-27
2026-08-30 10:52:00+00:00,20m,14.0971056,OK1BF,JO70,50.5,15.0,1327.6,107.8,-12,-0.02,0,0.54,23,0.1995,1,-5
2026-08-30 10:52:00+00:00,20m,14.0971452,EA3AGU,JN01,41.5,1.0,1595.6,167.7,-26,0.19,0,0.16,37,5.0119,1,-33
2026-08-30 10:54:00+00:00,40m,7.0401841,PA7D,JO23,53.5,5.0,568.5,111.0,-2,0.15,-1,0.25,23,0.1995,1,5
2026-08-30 10:54:00+00:00,40m,7.0400206,LA4PGA,JP50,60.5,11.0,986.3,50.8,-19,0.02,0,0.49,23,0.1995,1,-12
2026-08-30 10:54:00+00:00,40m,7.0400954,GM8HHC,IO85,55.5,-3.0,11.9,167.2,-14,0.07,0,0.26,23,0.1995,1,-7
2026-08-30 10:54:00+00:00,40m,7.0401001,G4RAF,IO82,52.5,-3.0,345.2,179.5,-23,0.07,0,0.14,13,0.02,1,-6
2026-08-30 10:54:00+00:00,40m,7.0401208,SM6YPE,JO67,57.5,13.0,1003.0,71.3,-23,0.32,0,0.16,23,0.1995,1,-16
2026-08-30 10:54:00+00:00,40m,7.0401349,<...>,IO93ET,53.8125,-1.625,219.0,154.9,-19,0.02,0,0.24,23,0.1995,3,-12
2026-08-30 10:54:00+00:00,40m,7.040138,G4VNM,IO90,50.5,-1.0,583.7,165.7,-11,-0.57,0,0.44,23,0.1995,1,-4
2026-08-30 10:54:00+00:00,40m,7.0401735,M0GUC,IO82,52.5,-3.0,345.2,179.5,-1,0.45,0,0.61,37,5.0119,1,-8
2026-08-30 10:54:00+00:00,40m,7.0401832,<GM0PXV>,IO85IW,55.9375,-3.291667,40.2,337.2,-8,0.07,0,0.19,23,0.1995,3,-1
2026-08-30 10:54:00+00:00,40m,7.0401879,<G7SYO>,IO90DR,50.729167,-1.708333,549.3,170.2,-1,0.19,0,0.5,27,0.5012,3,2
2026-08-30 10:56:00+00:00,30m,10.1402383,SM6YPE,JO67,57.5,13.0,1003.0,71.3,-11,0.32,0,0.56,23,0.1995,1,-4
2026-08-30 10:56:00+00:00,30m,10.1402814,F5EFK/12,,,,,,-23,0.41,0,0.27,23,0.1995,2,-16
2026-08-30 10:56:00+00:00,30m,10.1401681,DL0NOT,JO40,50.5,9.0,982.7,120.3,-19,0.37,0,0.19,23,0.1995,1,-12
2026-08-30 10:56:00+00:00,30m,10.1402447,<OZ1DEO>,JO55VS,55.770833,11.791667,928.2,82.7,-9,-1.85,0,0.57,30,1.0,3,-9
2026-08-30 10:56:00+00:00,30m,10.1401542,GJ7DNI,IN89,49.5,-3.0,678.8,179.7,-16,5.49,0,0.26,23,0.1995,1,-9
2026-08-30 10:56:00+00:00,30m,10.1401011,DL0PBS,JO33,53.5,7.0,687.8,105.7,-24,0.11,0,0.23,23,0.1995,1,-17
2026-08-30 10:56:00+00:00,30m,10.1401561,OZ7IT,JO65,55.5,13.0,1006.8,84.0,-2,0.15,0,0.65,37,5.0119,1,-9
2026-08-30 11:00:00+00:00,160m,1.8380069,G4HSB,IO94,54.5,-1.0,178.8,132.5,-20,0.24,0,0.13,23,0.1995,1,-13
2026-08-30 11:04:00+00:00,40m,7.0401468,<G7SYO>,IO90DR,50.729167,-1.708333,549.3,170.2,-6,0.24,0,0.71,27,0.5012,3,-3
2026-08-30 11:04:00+00:00,40m,7.0401144,GI4LGP,IO74,54.5,-5.0,175.0,226.3,-10,0.07,0,0.36,23,0.1995,1,-3
2026-08-30 11:04:00+00:00,40m,7.0399953,G7MNP,IO83,53.5,-3.0,234.0,179.3,-22,5.95,0,0.23,23,0.1995,1,-15
2026-08-30 11:04:00+00:00,40m,7.0401001,G4RAF,IO82,52.5,-3.0,345.2,179.5,-15,0.15,0,0.21,13,0.02,1,2
2026-08-30 11:04:00+00:00,40m,7.0401034,M0NIF,IO90,50.5,-1.0,583.7,165.7,-14,0.24,0,0.37,23,0.1995,1,-7
2026-08-30 11:06:00+00:00,40m,7.0400074,G7MNP,IO83,53.5,-3.0,234.0,179.3,-20,4.8,0,0.13,23,0.1995,1,-13
2026-08-30 11:06:00+00:00,40m,7.0400189,2E0FDM,IO81,51.5,-3.0,456.4,179.6,-28,0.37,-1,0.15,23,0.1995,1,-21
2026-08-30 11:06:00+00:00,40m,7.0400606,PA2PGU,JO32,52.5,7.0,739.9,113.6,-17,-0.06,0,0.36,23,0.1995,1,-10
2026-08-30 11:06:00+00:00,40m,7.0400663,G4TNU,IO91,51.5,-1.0,475.8,162.7,-24,0.37,0,0.15,23,0.1995,1,-17
2026-08-30 11:06:00+00:00,40m,7.0400861,LA1ITS,JO59,59.5,11.0,940.6,56.8,-11,0.88,0,0.42,37,5.0119,1,-18
2026-08-30 11:06:00+00:00,40m,7.0400978,PA7D,JO23,53.5,5.0,568.5,111.0,6,0.19,0,0.69,23,0.1995,1,13
2026-08-30 11:06:00+00:00,40m,7.0401039,<M0NIF>,IO90HX,50.979167,-1.375,526.0,167.2,-14,0.19,0,0.22,23,0.1995,3,-7
2026-08-30 11:06:00+00:00,40m,7.0401378,G4VNM,IO90,50.5,-1.0,583.7,165.7,-18,-0.57,0,0.36,23,0.1995,1,-11
2026-08-30 11:06:00+00:00,40m,7.0401516,G3LRS,HP93,63.5,-21.0,1331.5,318.5,-16,0.11,0,0.35,27,0.5012,1,-13
2026-08-30 11:06:00+00:00,40m,7.0401595,G3JKF,JO00,50.5,1.0,628.3,152.9,-6,0.11,0,0.71,33,1.9953,1,-9
2026-08-30 11:08:00+00:00,30m,10.1402783,LX0QRP,JN39,49.5,7.0,958.2,130.9,-22,0.37,0,0.18,23,0.1995,1,-15
2026-08-30 11:08:00+00:00,30m,10.140272,<...>,JO44LO,54.604167,8.958333,770.4,93.3,-5,0.24,0,0.76,43,19.9526,3,-18
2026-08-30 11:08:00+00:00,30m,10.1402539,F1JSC,JN03,43.5,1.0,1376.5,166.2,-21,0.19,0,0.4,33,1.9953,1,-24
2026-08-30 11:08:00+00:00,30m,10.14024,<...>,JO22LJ,52.395833,4.958333,632.4,121.0,-21,0.19,-1,0.25,33,1.9953,3,-24
2026-08-30 11:08:00+00:00,30m,10.1401563,DJ2TS,JO40,50.5,9.0,982.7,120.3,-29,0.19,0,0.18,30,1.0,1,-29
2026-08-30 11:08:00+00:00,30m,10.1401674,DK4TJ,JO31,51.5,7.0,804.0,120.4,-26,0.02,-1,0.14,23,0.1995,1,-19
2026-08-30 11:08:00+00:00,30m,10.1401006,DL0PBS,JO33,53.5,7.0,687.8,105.7,-17,0.19,0,0.2,23,0.1995,1,-10
2026-08-30 11:08:00+00:00,30m,10.1400999,GJ7DNI,IN89,49.5,-3.0,678.8,179.7,-10,4.89,0,0.45,23,0.1995,1,-3
2026-08-30 11:08:00+00:00,30m,10.1401795,OZ2JBR,JO65,55.5,13.0,1006.8,84.0,-13,0.24,0,0.64,37,5.0119,1,-20
2026-08-30 11:14:00+00:00,80m,3.5701561,PI4CC,JO21,51.5,5.0,699.6,127.4,-26,0.19,0,0.14,17,0.0501,1,-13
2026-08-30 11:14:00+00:00,80m,3.5701769,GX2PLX,JO02,52.5,1.0,434.3,141.0,-23,-0.7,0,0.17,43,19.9526,1,-36
2026-08-30 11:16:00+00:00,80m,3.5701234,GM0PXV,IO85,55.5,-3.0,11.9,167.2,-12,0.02,0,0.55,23,0.1995,1,-5
2026-08-30 11:16:00+00:00,80m,3.570148,G4HSB,IO94,54.5,-1.0,178.8,132.5,2,0.02,0,0.77,23,0.1995,1,9
2026-08-30 11:20:00+00:00,160m,1.8380859,G4HSB,IO94,54.5,-1.0,178.8,132.5,-16,0.41,0,0.29,23,0.1995,1,-9
2026-08-30 11:24:00+00:00,40m,7.0401318,<G7SYO>,IO90DR,50.729167,-1.708333,549.3,170.2,-7,0.19,0,0.64,27,0.5012,3,-4
2026-08-30 11:24:00+00:00,40m,7.0401612,DL6OBU,JO43,53.5,9.0,809.8,101.8,-18,0.54,1,0.37,23,0.1995,1,-11
2026-08-30 11:24:00+00:00,40m,7.0400989,G6CKK,JO01,51.5,1.0,528.5,148.0,-13,-0.15,0,0.24,23,0.1995,1,-6
2026-08-30 11:24:00+00:00,40m,7.0400624,G7MNP,IO83,53.5,-3.0,234.0,179.3,-17,5.57,0,0.36,23,0.1995,1,-10
2026-08-30 11:24:00+00:00,40m,7.0400756,PA2PGU,JO32,52.5,7.0,739.9,113.6,-21,-0.15,0,0.27,23,0.1995,1,-14
2026-08-30 11:24:00+00:00,40m,7.0400978,PA3BIA,JO21,51.5,5.0,699.6,127.4,-18,0.28,0,0.14,27,0.5012,1,-15
2026-08-30 11:26:00+00:00,40m,7.0401942,G4TNU,IO91,51.5,-1.0,475.8,162.7,-27,0.24,0,0.16,23,0.1995,1,-20
2026-08-30 11:26:00+00:00,40m,7.0401594,G3JKF,JO00,50.5,1.0,628.3,152.9,-4,0.02,0,0.71,33,1.9953,1,-7
2026-08-30 11:26:00+00:00,40m,7.0401494,OZ1DEO,JO55,55.5,11.0,881.8,84.9,-25,-1.81,0,0.13,30,1.0,1,-25
2026-08-30 11:26:00+00:00,40m,7.0401053,G7MNP,IO83,53.5,-3.0,234.0,179.3,-14,5.36,0,0.31,23,0.1995,1,-7
2026-08-30 11:26:00+00:00,40m,7.0401005,OZ2JBR,JO65,55.5,13.0,1006.8,84.0,-11,0.15,0,0.35,37,5.0119,1,-18
2026-08-30 11:26:00+00:00,40m,7.0401798,SA7RST,JO78,58.5,15.0,1133.7,66.1,-25,0.32,0,0.13,23,0.1995,1,-18
2026-08-30 11:26:00+00:00,40m,7.0400744,F6KPL,IN99,49.5,-1.0,692.6,167.7,-14,4.03,0,0.55,30,1.0,1,-14
2026-08-30 11:26:00+00:00,40m,7.0400641,OZ9ACF,JO65,55.5,13.0,1006.8,84.0,-15,0.24,0,0.48,37,5.0119,1,-22
2026-08-30 11:26:00+00:00,40m,7.0400553,2E0CWP,IO94,54.5,-1.0,178.8,132.5,-15,0.32,0,0.19,23,0.1995,1,-8
2026-08-30 11:26:00+00:00,40m,7.0400524,OZ7IT,JO65,55.5,13.0,1006.8,84.0,-13,0.32,0,0.35,37,5.0119,1,-20
2026-08-30 11:26:00+00:00,40m,7.0400856,LA1ITS,JO59,59.5,11.0,940.6,56.8,-11,0.79,0,0.49,37,5.0119,1,-18
2026-08-30 11:28:00+00:00,30m,10.1401522,SM6YPE,JO67,57.5,13.0,1003.0,71.3,-13,0.41,0,0.5,23,0.1995,1,-6
2026-08-30 11:28:00+00:00,30m,10.1402073,EA5RKP,IM99,39.5,-1.0,1797.0,174.3,-25,-0.15,0,0.17,23,0.1995,1,-18
2026-08-30 11:28:00+00:00,30m,10.14023,DF6TV,JN39,49.5,7.0,958.2,130.9,-27,0.41,0,0.11,23,0.1995,1,-20
2026-08-30 11:28:00+00:00,30m,10.1402369,OH3FZQ,KP11,61.5,23.0,1632.6,55.7,-27,0.41,0,0.18,33,1.9953,1,-30
2026-08-30 11:28:00+00:00,30m,10.1402596,G3JKF,JO00,50.5,1.0,628.3,152.9,-29,0.02,0,0.17,33,1.9953,1,-32
2026-08-30 11:30:00+00:00,20m,14.0970141,EA1RJ,IN71,41.5,-5.0,1574.8,186.0,-27,3.95,0,0.2,23,0.1995,1,-20
2026-08-30 11:30:00+00:00,20m,14.097152,F1JSC,JN03,43.5,1.0,1376.5,166.2,-15,0.15,0,0.44,33,1.9953,1,-18
2026-08-30 11:32:00+00:00,40m,7.0400945,G7SYO,IO90,50.5,-1.0,583.7,165.7,-5,0.19,0,0.49,27,0.5012,1,-2
2026-08-30 11:32:00+00:00,40m,7.0401779,SK7BQ,JO76,56.5,15.0,1121.5,77.5,-25,0.32,0,0.21,23,0.1995,1,-18
2026-08-30 11:32:00+00:00,40m,7.0400799,G7MNP,IO83,53.5,-3.0,234.0,179.3,-14,5.06,0,0.4,23,0.1995,1,-7
2026-08-30 11:32:00+00:00,40m,7.0401007,<PA7D>,JO23VF,53.229167,5.791667,629.0,111.2,-2,0.11,0,0.55,23,0.1995,3,5
2026-08-30 11:32:00+00:00,40m,7.0400461,G6CKK,JO01,51.5,1.0,528.5,148.0,-13,-0.06,0,0.41,23,0.1995,1,-6
2026-08-30 11:32:00+00:00,40m,7.0400108,GX2PLX,JO02,52.5,1.0,434.3,141.0,-17,-0.74,0,0.53,43,19.9526,1,-30
2026-08-30 11:32:00+00:00,40m,7.0400547,G7KIA,IO93,53.5,-1.0,268.4,149.8,-17,-0.02,0,0.45,23,0.1995,1,-10
2026-08-30 11:32:00+00:00,40m,7.0400444,GM4ISM,IO85,55.5,-3.0,11.9,167.2,-22,0.02,0,0.3,23,0.1995,1,-15
2026-08-30 11:36:00+00:00,80m,3.5700441,G7UJY,IO93,53.5,-1.0,268.4,149.8,-19,1.22,1,0.4,23,0.1995,1,-12
2026-08-30 11:36:00+00:00,80m,3.5700596,EI0CF,IO65,55.5,-7.0,249.2,269.0,-25,0.32,0,0.23,23,0.1995,1,-18
2026-08-30 11:40:00+00:00,160m,1.8380249,G4HSB,IO94,54.5,-1.0,178.8,132.5,-15,0.32,0,0.54,23,0.1995,1,-8
2026-08-30 11:42:00+00:00,80m,3.5700266,GM7FIE,IO85,55.5,-3.0,11.9,167.2,-29,-0.02,0,0.16,23,0.1995,1,-22
2026-08-30 11:42:00+00:00,80m,3.5701965,M0XDC,JO01,51.5,1.0,528.5,148.0,-22,0.19,0,0.37,37,5.0119,1,-29
2026-08-30 11:44:00+00:00,30m,10.1402231,SM6YPE,JO67,57.5,13.0,1003.0,71.3,-19,0.45,0,0.44,23,0.1995,1,-12
2026-08-30 11:44:00+00:00,30m,10.1401453,<...>,JO11SL,51.479167,3.541667,631.6,133.8,-22,-0.15,0,0.14,23,0.1995,3,-15
2026-08-30 11:44:00+00:00,30m,10.140218,ON4WS,JO20,50.5,5.0,780.7,133.3,-25,0.32,1,0.15,10,0.01,1,-5
2026-08-30 11:44:00+00:00,30m,10.1402757,SK7BQ,JO76,56.5,15.0,1121.5,77.5,-24,0.37,1,0.27,23,0.1995,1,-17
2026-08-30 11:44:00+00:00,30m,10.1402919,F5EFK/12,,,,,,-31,-0.1,0,0.15,23,0.1995,2,-24
2026-08-30 11:46:00+00:00,40m,7.0401592,G3JKF,JO00,50.5,1.0,628.3,152.9,-6,-0.02,0,0.62,33,1.9953,1,-9
2026-08-30 11:46:00+00:00,40m,7.0400621,G4HSB,IO94,54.5,-1.0,178.8,132.5,-13,0.02,0,0.53,23,0.1995,1,-6
2026-08-30 11:46:00+00:00,40m,7.0402004,GM1BAN,IO88,58.5,-3.0,322.0,0.4,-23,0.49,0,0.29,23,0.1995,1,-16
2026-08-30 11:46:00+00:00,40m,7.040138,G4VNM,IO90,50.5,-1.0,583.7,165.7,-14,-0.57,0,0.55,23,0.1995,1,-7
2026-08-30 11:46:00+00:00,40m,7.0401774,G7UJY,IO93,53.5,-1.0,268.4,149.8,-22,1.3,0,0.29,23,0.1995,1,-15
2026-08-30 11:46:00+00:00,40m,7.0401032,G4TNU,IO91,51.5,-1.0,475.8,162.7,-19,0.28,0,0.36,23,0.1995,1,-12
2026-08-30 11:46:00+00:00,40m,7.0400174,GM4DTH,IO85,55.5,-3.0,11.9,167.2,-13,0.02,1,0.28,23,0.1995,1,-6
2026-08-30 11:46:00+00:00,40m,7.0400872,M0OLS,IO81,51.5,-3.0,456.4,179.6,-22,0.24,0,0.33,23,0.1995,1,-15
2026-08-30 11:46:00+00:00,40m,7.0400789,2E0FDM,IO81,51.5,-3.0,456.4,179.6,-27,0.37,0,0.13,23,0.1995,1,-20
2026-08-30 11:46:00+00:00,40m,7.040055,G7MNP,IO83,53.5,-3.0,234.0,179.3,-15,5.31,0,0.43,23,0.1995,1,-8
2026-08-30 11:46:00+00:00,40m,7.0401001,G4RAF,IO82,52.5,-3.0,345.2,179.5,-20,0.15,1,0.34,13,0.02,1,-3
2026-08-30 11:48:00+00:00,30m,10.1401803,OZ2JBR,JO65,55.5,13.0,1006.8,84.0,-13,0.19,0,0.38,37,5.0119,1,-20
2026-08-30 11:48:00+00:00,30m,10.1402603,G3JKF,JO00,50.5,1.0,628.3,152.9,-24,-0.06,0,0.24,33,1.9953,1,-27
2026-08-30 11:48:00+00:00,30m,10.1402379,OH3FZQ,KP11,61.5,23.0,1632.6,55.7,-14,0.24,0,0.44,33,1.9953,1,-17
2026-08-30 11:48:00+00:00,30m,10.1402005,HA6QL,JN97,47.5,19.0,1759.2,111.6,-23,0.19,0,0.17,33,1.9953,1,-26
2026-08-30 11:48:00+00:00,30m,10.1402718,F5EFK/12,,,,,,-20,0.62,0,0.31,23,0.1995,2,-13
2026-08-30 11:48:00+00:00,30m,10.1401794,LA1ITS,JO59,59.5,11.0,940.6,56.8,4,0.88,0,0.71,37,5.0119,1,-3
2026-08-30 11:48:00+00:00,30m,10.1401667,GJ7DNI,IN89,49.5,-3.0,678.8,179.7,-17,5.78,0,0.28,23,0.1995,1,-10
2026-08-30 11:48:00+00:00,30m,10.1401535,F4WFT,IN98,48.5,-1.0,802.1,169.2,-19,0.15,-1,0.15,23,0.1995,1,-12
2026-08-30 11:48:00+00:00,30m,10.1401496,F4GMT,IN93,43.5,-1.0,1353.8,173.0,-21,0.32,0,0.17,23,0.1995,1,-14
2026-08-30 11:48:00+00:00,30m,10.1401679,DK4TJ,JO31,51.5,7.0,804.0,120.4,-12,-0.23,0,0.16,23,0.1995,1,-5
2026-08-30 11:50:00+00:00,20m,14.0971006,HA6QL,JN97,47.5,19.0,1759.2,111.6,-26,0.11,0,0.19,33,1.9953,1,-29
2026-08-30 11:54:00+00:00,80m,3.5701799,G4HSB,IO94,54.5,-1.0,178.8,132.5,3,0.02,0,0.72,23,0.1995,1,10
2026-08-30 11:56:00+00:00,40m,7.0401669,2E0CWP,IO94,54.5,-1.0,178.8,132.5,-18,0.02,0,0.31,23,0.1995,1,-11
2026-08-30 11:56:00+00:00,40m,7.0401348,<PA7D>,JO23VF,53.229167,5.791667,629.0,111.2,4,0.15,0,0.8,23,0.1995,3,11
2026-08-30 11:56:00+00:00,40m,7.0401237,G4HSB,IO94,54.5,-1.0,178.8,132.5,-7,0.02,0,0.48,23,0.1995,1,0
2026-08-30 11:56:00+00:00,40m,7.0400968,DL7VXX,JO62,52.5,13.0,1099.6,101.6,-14,-0.32,0,0.39,33,1.9953,1,-17
2026-08-30 11:56:00+00:00,40m,7.0401595,G3JKF,JO00,50.5,1.0,628.3,152.9,-5,-0.02,0,0.7,33,1.9953,1,-8
2026-08-30 11:56:00+00:00,40m,7.0400582,G6CKK,JO01,51.5,1.0,528.5,148.0,-15,0.02,0,0.57,23,0.1995,1,-8
2026-08-30 11:56:00+00:00,40m,7.0400386,PD8GB,JO32,52.5,7.0,739.9,113.6,-23,0.54,0,0.12,13,0.02,1,-6
2026-08-30 11:56:00+00:00,40m,7.0400361,G7MNP,IO83,53.5,-3.0,234.0,179.3,-22,5.66,0,0.14,23,0.1995,1,-15
2026-08-30 11:56:00+00:00,40m,7.0400819,G7GGK,IO80,50.5,-3.0,567.6,179.7,-21,0.07,0,0.31,23,0.1995,1,-14
2026-08-30 12:00:00+00:00,160m,1.8380369,G4HSB,IO94,54.5,-1.0,178.8,132.5,-27,0.45,0,0.17,23,0.1995,1,-20
2026-08-30 12:02:00+00:00,80m,3.5700159,GX2PLX,JO02,52.5,1.0,434.3,141.0,-17,-0.7,0,0.5,43,19.9526,1,-30
2026-08-30 12:02:00+00:00,80m,3.570159,G3JKF,JO00,50.5,1.0,628.3,152.9,-24,0.11,0,0.24,33,1.9953,1,-27
2026-08-30 12:04:00+00:00,30m,10.1402532,GJ7DNI,IN89,49.5,-3.0,678.8,179.7,-14,5.95,0,0.43,23,0.1995,1,-7
2026-08-30 12:04:00+00:00,30m,10.140218,ON4WS,JO20,50.5,5.0,780.7,133.3,-24,0.15,1,0.18,10,0.01,1,-4
2026-08-30 12:04:00+00:00,30m,10.1402078,DL4DTL,JN49,49.5,9.0,1057.4,124.9,-20,-0.66,0,0.46,23,0.1995,1,-13
2026-08-30 12:04:00+00:00,30m,10.1401534,F4WFT,IN98,48.5,-1.0,802.1,169.2,-12,0.24,0,0.59,23,0.1995,1,-5
2026-08-30 12:04:00+00:00,30m,10.1401284,F4GMT,IN93,43.5,-1.0,1353.8,173.0,-15,0.15,0,0.4,23,0.1995,1,-8
2026-08-30 12:04:00+00:00,30m,10.1402005,EA5RKP,IM99,39.5,-1.0,1797.0,174.3,-23,0.02,0,0.28,23,0.1995,1,-16
2026-08-30 12:06:00+00:00,40m,7.0401881,GM1BAN,IO88,58.5,-3.0,322.0,0.4,-19,0.54,0,0.2,23,0.1995,1,-12
2026-08-30 12:06:00+00:00,40m,7.0401798,PA7D,JO23,53.5,5.0,568.5,111.0,1,0.11,0,0.77,23,0.1995,1,8
2026-08-30 12:06:00+00:00,40m,7.0401761,G4TNU,IO91,51.5,-1.0,475.8,162.7,-16,0.24,0,0.2,23,0.1995,1,-9
2026-08-30 12:06:00+00:00,40m,7.0401519,G3LRS,IO92,52.5,-1.0,370.0,158.1,-11,0.11,0,0.61,27,0.5012,1,-8
2026-08-30 12:06:00+00:00,40m,7.0401593,G3JKF,JO00,50.5,1.0,628.3,152.9,-9,0.11,0,0.6,33,1.9953,1,-12
2026-08-30 12:06:00+00:00,40m,7.0401002,G4RAF,IO82,52.5,-3.0,345.2,179.5,-17,0.07,0,0.36,13,0.02,1,0
2026-08-30 12:06:00+00:00,40m,7.0399917,G4HSB,IO94,54.5,-1.0,178.8,132.5,-12,0.02,0,0.64,23,0.1995,1,-5
2026-08-30 12:06:00+00:00,40m,7.040103,G1FXB,IO91,51.5,-1.0,475.8,162.7,-21,0.15,0,0.25,20,0.1,1,-11
2026-08-30 12:06:00+00:00,40m,7.0400799,2E0FDM,IO81,51.5,-3.0,456.4,179.6,-28,0.37,0,0.13,23,0.1995,1,-21
2026-08-30 12:06:00+00:00,40m,7.0400532,<PA1RMC>,JO32IG,52.270833,6.708333,737.1,116.1,-28,-0.02,0,0.22,23,0.1995,3,-21
2026-08-30 12:08:00+00:00,30m,10.1401389,OE3WFA,JN78,48.5,15.0,1458.3,115.3,-20,0.28,0,0.33,30,1.0,1,-20
2026-08-30 12:08:00+00:00,30m,10.1401515,DJ2TS,JO40,50.5,9.0,982.7,120.3,-21,0.28,0,0.17,30,1.0,1,-21
2026-08-30 12:08:00+00:00,30m,10.1401587,OZ9ACF,JO65,55.5,13.0,1006.8,84.0,-5,0.19,0,0.49,37,5.0119,1,-12
2026-08-30 12:08:00+00:00,30m,10.1401601,GJ7DNI,IN89,49.5,-3.0,678.8,179.7,-12,5.53,0,0.36,23,0.1995,1,-5
2026-08-30 12:08:00+00:00,30m,10.1401671,DK4TJ,JO31,51.5,7.0,804.0,120.4,-21,-0.32,0,0.13,23,0.1995,1,-14
2026-08-30 12:08:00+00:00,30m,10.1401773,F4GMT,IN93,43.5,-1.0,1353.8,173.0,-23,-0.06,0,0.21,23,0.1995,1,-16
2026-08-30 12:08:00+00:00,30m,10.1401966,DL7VXX,JO62,52.5,13.0,1099.6,101.6,-15,-0.57,0,0.41,33,1.9953,1,-18
2026-08-30 12:08:00+00:00,30m,10.1402174,F4ASK,IN96,46.5,-1.0,1022.2,171.2,-6,0.88,0,0.7,37,5.0119,1,-13
2026-08-30 12:08:00+00:00,30m,10.1402333,F5EFK/12,,,,,,-24,5.44,0,0.14,23,0.1995,2,-17
2026-08-30 12:08:00+00:00,30m,10.1402439,<OZ1DEO>,JO55VS,55.770833,11.791667,928.2,82.7,-12,-2.32,0,0.56,30,1.0,3,-12
2026-08-30 12:10:00+00:00,20m,14.0970125,OH6OHX,KP03,63.5,21.0,1599.4,47.0,-24,-0.02,0,0.29,23,0.1995,1,-17
2026-08-30 12:12:00+00:00,80m,3.5700324,GM0PXV,IO85,55.5,-3.0,11.9,167.2,-5,-0.02,0,0.7,23,0.1995,1,2
2026-08-30 12:16:00+00:00,40m,7.0400021,DL0PBS,JO33,53.5,7.0,687.8,105.7,-23,0.11,0,0.25,23,0.1995,1,-16
2026-08-30 12:16:00+00:00,40m,7.0400053,GM8HHC,IO85,55.5,-3.0,11.9,167.2,-22,0.07,0,0.36,23,0.1995,1,-15
2026-08-30 12:16:00+00:00,40m,7.040047,G7MNP,IO83,53.5,-3.0,234.0,179.3,-24,5.1,0,0.28,23,0.1995,1,-17
2026-08-30 12:16:00+00:00,40m,7.040085,GM7FIE,IO85,55.5,-3.0,11.9,167.2,-19,-0.02,0,0.36,23,0.1995,1,-12
2026-08-30 12:16:00+00:00,40m,7.0400909,GI4LGP,IO74,54.5,-5.0,175.0,226.3,-19,0.15,0,0.26,23,0.1995,1,-12
2026-08-30 12:16:00+00:00,40m,7.0400941,M0NIF,IO90,50.5,-1.0,583.7,165.7,-18,0.15,0,0.39,23,0.1995,1,-11
2026-08-30 12:16:00+00:00,40m,7.040118,OZ8PZ,JO47,57.5,9.0,766.4,69.1,-22,0.11,0,0.28,23,0.1995,1,-15
2026-08-30 12:16:00+00:00,40m,7.0401306,GM0PXV,IO85,55.5,-3.0,11.9,167.2,-14,-0.02,0,0.52,23,0.1995,1,-7
2026-08-30 12:16:00+00:00,40m,7.0401556,G4HSB,IO94,54.5,-1.0,178.8,132.5,-2,-0.02,0,0.71,23,0.1995,1,5
2026-08-30 12:18:00+00:00,30m,10.140255,GJ7DNI,IN89,49.5,-3.0,678.8,179.7,-23,5.14,0,0.24,23,0.1995,1,-16
2026-08-30 12:18:00+00:00,30m,10.1402373,OH3FZQ,KP11,61.5,23.0,1632.6,55.7,-14,0.41,0,0.42,33,1.9953,1,-17
2026-08-30 12:18:00+00:00,30m,10.1402332,F5EFK/12,,,,,,-20,4.89,0,0.17,23,0.1995,2,-13
2026-08-30 12:18:00+00:00,30m,10.1402189,OZ8PZ,JO47,57.5,9.0,766.4,69.1,-21,0.19,0,0.24,23,0.1995,1,-14
2026-08-30 12:18:00+00:00,30m,10.1402077,DL4DTL,JN49,49.5,9.0,1057.4,124.9,-20,-0.66,0,0.31,23,0.1995,1,-13
2026-08-30 12:18:00+00:00,30m,10.1401596,DL5UY,JN48,48.5,9.0,1138.1,128.9,-12,0.28,0,0.6,40,10.0,1,-22
2026-08-30 12:18:00+00:00,30m,10.1402175,F4ASK,IN96,46.5,-1.0,1022.2,171.2,-5,0.92,0,0.66,37,5.0119,1,-12
2026-08-30 12:18:00+00:00,30m,10.1401968,DL7VXX,JO62,52.5,13.0,1099.6,101.6,-15,-0.4,0,0.36,33,1.9953,1,-18
2026-08-30 12:20:00+00:00,160m,1.8381319,G4HSB,IO94,54.5,-1.0,178.8,132.5,-27,0.41,0,0.2,23,0.1995,1,-20
2026-08-30 12:22:00+00:00,80m,3.5701965,M0XDC,JO01,51.5,1.0,528.5,148.0,-17,0.19,0,0.53,37,5.0119,1,-24
2026-08-30 12:24:00+00:00,30m,10.1400979,GJ7DNI,IN89,49.5,-3.0,678.8,179.7,-18,5.78,0,0.37,23,0.1995,1,-11
2026-08-30 12:24:00+00:00,30m,10.1401514,OH3HE,KP32,62.5,27.0,1859.1,53.5,-21,0.19,0,0.33,23,0.1995,1,-14
2026-08-30 12:24:00+00:00,30m,10.1402176,ON4WS,JO20,50.5,5.0,780.7,133.3,-20,0.15,0,0.3,10,0.01,1,0
2026-08-30 12:24:00+00:00,30m,10.1402418,EB5DQ,IM99,39.5,-1.0,1797.0,174.3,-27,-0.74,0,0.17,30,1.0,1,-27
2026-08-30 12:26:00+00:00,40m,7.0401594,G3JKF,JO00,50.5,1.0,628.3,152.9,-9,0.15,0,0.66,33,1.9953,1,-12
2026-08-30 12:26:00+00:00,40m,7.0401378,G4VNM,IO90,50.5,-1.0,583.7,165.7,-8,-0.62,0,0.6,23,0.1995,1,-1
2026-08-30 12:26:00+00:00,40m,7.0401488,G4HSB,IO94,54.5,-1.0,178.8,132.5,-12,-0.06,0,0.43,23,0.1995,1,-5
2026-08-30 12:26:00+00:00,40m,7.0400733,PE1KWH,JO22,52.5,5.0,627.7,120.0,-18,-0.27,0,0.27,20,0.1,1,-8
2026-08-30 12:26:00+00:00,40m,7.0400676,OZ9ACF,JO65,55.5,13.0,1006.8,84.0,-10,0.24,-1,0.45,37,5.0119,1,-17
2026-08-30 12:26:00+00:00,40m,7.0400784,F6KPL,IN99,49.5,-1.0,692.6,167.7,-17,4.03,0,0.41,30,1.0,1,-17
2026-08-30 12:28:00+00:00,30m,10.1401416,EA5RKP,IM99,39.5,-1.0,1797.0,174.3,-21,0.02,0,0.33,23,0.1995,1,-14
2026-08-30 12:28:00+00:00,30m,10.1401679,GJ7DNI,IN89,49.5,-3.0,678.8,179.7,-22,5.57,0,0.19,23,0.1995,1,-15
2026-08-30 12:28:00+00:00,30m,10.1401794,OZ2JBR,JO65,55.5,13.0,1006.8,84.0,-7,0.19,0,0.71,37,5.0119,1,-14
2026-08-30 12:28:00+00:00,30m,10.1402075,DL4DTL,JN49,49.5,9.0,1057.4,124.9,-21,-0.62,0,0.32,23,0.1995,1,-14
2026-08-30 12:28:00+00:00,30m,10.1402482,F5EFK/12,,,,,,-21,5.4,0,0.28,23,0.1995,2,-14
2026-08-30 12:30:00+00:00,20m,14.0970585,<OK1BF>,JO70UB,50.0625,15.708333,1396.3,108.4,-22,-0.02,0,0.18,23,0.1995,3,-15
2026-08-30 12:30:00+00:00,20m,14.097152,F1JSC,JN03,43.5,1.0,1376.5,166.2,-25,0.15,0,0.24,33,1.9953,1,-28
2026-08-30 12:34:00+00:00,80m,3.5700533,M0JGH,IO91,51.5,-1.0,475.8,162.7,-26,1.47,-1,0.16,23,0.1995,1,-19
2026-08-30 12:34:00+00:00,80m,3.5701139,GX2PLX,JO02,52.5,1.0,434.3,141.0,-9,-0.74,0,0.66,43,19.9526,1,-22
2026-08-30 12:34:00+00:00,80m,3.5701929,G4HSB,IO94,54.5,-1.0,178.8,132.5,7,-0.06,0,0.86,23,0.1995,1,14
2026-08-30 12:36:00+00:00,80m,3.5700328,EI0CF,IO65,55.5,-7.0,249.2,269.0,-29,0.32,0,0.14,23,0.1995,1,-22
2026-08-30 12:40:00+00:00,160m,1.8381361,G4HSB,IO94,54.5,-1.0,178.8,132.5,-23,0.37,0,0.28,23,0.1995,1,-16
2026-08-30 12:42:00+00:00,80m,3.5701967,M0XDC,JO01,51.5,1.0,528.5,148.0,-23,0.24,0,0.35,37,5.0119,1,-30
2026-08-30 12:42:00+00:00,80m,3.5700365,<GM0PXV>,IO85IW,55.9375,-3.291667,40.2,337.2,-14,-0.02,0,0.44,23,0.1995,3,-7
2026-08-30 12:42:00+00:00,80m,3.570077,G7UJY,IO93,53.5,-1.0,268.4,149.8,-27,1.22,2,0.16,23,0.1995,1,-20
2026-08-30 12:44:00+00:00,40m,7.0400282,G6CKK,JO01,51.5,1.0,528.5,148.0,-15,-0.1,0,0.57,23,0.1995,1,-8
2026-08-30 12:44:00+00:00,40m,7.0400663,PA1JCK,JO21,51.5,5.0,699.6,127.4,-23,0.37,0,0.16,23,0.1995,1,-16
2026-08-30 12:44:00+00:00,40m,7.040074,<PA7D>,JO23VF,53.229167,5.791667,629.0,111.2,0,0.11,0,0.67,23,0.1995,3,7
2026-08-30 12:44:00+00:00,40m,7.0401037,GM0PXV,IO85,55.5,-3.0,11.9,167.2,-7,-0.06,0,0.68,23,0.1995,1,0
2026-08-30 12:44:00+00:00,40m,7.0401075,G7MNP,IO83,53.5,-3.0,234.0,179.3,-24,5.36,0,0.17,23,0.1995,1,-17
2026-08-30 12:44:00+00:00,40m,7.0401338,G7UJY,IO93,53.5,-1.0,268.4,149.8,-23,1.22,0,0.26,23,0.1995,1,-16
2026-08-30 12:44:00+00:00,40m,7.0401647,<...>,JO11SL,51.479167,3.541667,631.6,133.8,-19,-0.06,0,0.43,23,0.1995,3,-12
2026-08-30 12:44:00+00:00,40m,7.040191,<G7SYO>,IO90DR,50.729167,-1.708333,549.3,170.2,-5,0.24,0,0.75,27,0.5012,3,-2
2026-08-30 12:46:00+00:00,40m,7.0401673,G4TNU,IO91,51.5,-1.0,475.8,162.7,-21,0.15,0,0.27,23,0.1995,1,-14
2026-08-30 12:46:00+00:00,40m,7.0401595,G3JKF,JO00,50.5,1.0,628.3,152.9,-9,0.02,0,0.64,33,1.9953,1,-12
2026-08-30 12:46:00+00:00,40m,7.0401238,LA4PGA,JP50,60.5,11.0,986.3,50.8,-15,0.02,0,0.43,23,0.1995,1,-8
2026-08-30 12:46:00+00:00,40m,7.0401183,OZ8PZ,JO47,57.5,9.0,766.4,69.1,-19,0.19,0,0.24,23,0.1995,1,-12
2026-08-30 12:46:00+00:00,40m,7.0401039,<GM0PXV>,IO85IW,55.9375,-3.291667,40.2,337.2,-7,-0.06,0,0.65,23,0.1995,3,0
2026-08-30 12:46:00+00:00,40m,7.0401001,G4RAF,IO82,52.5,-3.0,345.2,179.5,-24,0.07,0,0.1,13,0.02,1,-7
2026-08-30 12:46:00+00:00,40m,7.0400749,G4HSB,IO94,54.5,-1.0,178.8,132.5,-4,0.02,0,0.72,23,0.1995,1,3
2026-08-30 12:46:00+00:00,40m,7.0400856,DL4XJ,JO42,52.5,9.0,857.0,108.7,-21,0.15,0,0.19,30,1.0,1,-21
2026-08-30 12:46:00+00:00,40m,7.0400524,GM1BAN,IO88,58.5,-3.0,322.0,0.4,-22,0.45,0,0.2,23,0.1995,1,-15
2026-08-30 12:46:00+00:00,40m,7.0400115,G6ALA,IO83,53.5,-3.0,234.0,179.3,-25,0.02,0,0.21,23,0.1995,1,-18
2026-08-30 12:46:00+00:00,40m,7.0400015,2E0FDM,IO81,51.5,-3.0,456.4,179.6,-22,0.28,-1,0.27,23,0.1995,1,-15
2026-08-30 12:46:00+00:00,40m,7.0400915,SM6YPE,JO67,57.5,13.0,1003.0,71.3,-20,0.32,0,0.27,23,0.1995,1,-13
2026-08-30 12:48:00+00:00,30m,10.1402422,EB5DQ,IM99,39.5,-1.0,1797.0,174.3,-25,-1.13,0,0.13,30,1.0,1,-25
2026-08-30 12:48:00+00:00,30m,10.140265,DD3MS,JN59,49.5,11.0,1163.6,119.8,-24,-0.06,0,0.16,20,0.1,1,-14
2026-08-30 12:48:00+00:00,30m,10.1402625,F5EFK/12,,,,,,-23,4.21,0,0.19,23,0.1995,2,-16
2026-08-30 12:48:00+00:00,30m,10.1402538,F1JSC,JN03,43.5,1.0,1376.5,166.2,-25,0.19,0,0.18,33,1.9953,1,-28
2026-08-30 12:48:00+00:00,30m,10.1402412,GJ7DNI,IN89,49.5,-3.0,678.8,179.7,-20,5.44,0,0.26,23,0.1995,1,-13
2026-08-30 12:48:00+00:00,30m,10.1402191,OZ8PZ,JO47,57.5,9.0,766.4,69.1,-23,0.15,0,0.23,23,0.1995,1,-16
2026-08-30 12:48:00+00:00,30m,10.1401999,HA6QL,JN97,47.5,19.0,1759.2,111.6,-24,0.02,0,0.22,33,1.9953,1,-27
2026-08-30 12:48:00+00:00,30m,10.1401786,SM6YPE,JO67,57.5,13.0,1003.0,71.3,-16,0.37,0,0.5,23,0.1995,1,-9
2026-08-30 12:48:00+00:00,30m,10.1401587,OZ9ACF,JO65,55.5,13.0,1006.8,84.0,-3,0.24,0,0.69,37,5.0119,1,-10
2026-08-30 12:48:00+00:00,30m,10.1401533,F4WFT,IN98,48.5,-1.0,802.1,169.2,-12,0.11,-1,0.31,23,0.1995,1,-5
2026-08-30 12:48:00+00:00,30m,10.1401116,EA5RKP,IM99,39.5,-1.0,1797.0,174.3,-24,0.07,0,0.12,23,0.1995,1,-17
2026-08-30 12:48:00+00:00,30m,10.1402079,DL4DTL,JN49,49.5,9.0,1057.4,124.9,-21,-0.66,0,0.35,23,0.1995,1,-14
2026-08-30 12:50:00+00:00,20m,14.0970939,F4JZF,JN37,47.5,7.0,1135.2,138.3,-27,0.19,0,0.21,33,1.9953,1,-30
2026-08-30 12:50:00+00:00,20m,14.0970999,HA6QL,JN97,47.5,19.0,1759.2,111.6,-22,0.07,0,0.36,33,1.9953,1,-25
2026-08-30 12:54:00+00:00,40m,7.0401379,G4VNM,IO90,50.5,-1.0,583.7,165.7,-14,-0.62,0,0.5,23,0.1995,1,-7
2026-08-30 12:54:00+00:00,40m,7.040114,<G7SYO>,IO90DR,50.729167,-1.708333,549.3,170.2,-5,0.15,0,0.54,27,0.5012,3,-2
2026-08-30 12:54:00+00:00,40m,7.0401068,PA7D,JO23,53.5,5.0,568.5,111.0,4,0.11,0,0.76,23,0.1995,1,11
2026-08-30 12:54:00+00:00,40m,7.0401066,<M0NIF>,IO90HX,50.979167,-1.375,526.0,167.2,-13,0.07,0,0.22,23,0.1995,3,-6
2026-08-30 12:54:00+00:00,40m,7.0400999,G4RAF,IO82,52.5,-3.0,345.2,179.5,-19,0.11,0,0.15,13,0.02,1,-2
2026-08-30 12:54:00+00:00,40m,7.0400555,PA2PGU,JO32,52.5,7.0,739.9,113.6,-24,-0.19,0,0.28,23,0.1995,1,-17
2026-08-30 13:00:00+00:00,160m,1.8380061,G4HSB,IO94,54.5,-1.0,178.8,132.5,-25,0.19,0,0.25,23,0.1995,1,-18
2026-08-30 13:02:00+00:00,80m,3.5700552,PC2A,JO21,51.5,5.0,699.6,127.4,-28,0.07,0,0.12,17,0.0501,1,-15
2026-08-30 13:02:00+00:00,80m,3.5701127,<GD3MAN>,IO74QE,54.1875,-4.625,187.2,213.4,-23,-0.06,0,0.25,23,0.1995,3,-16
2026-08-30 13:02:00+00:00,80m,3.5701235,GM7FIE,IO85,55.5,-3.0,11.9,167.2,-19,-0.02,0,0.37,23,0.1995,1,-12
2026-08-30 13:02:00+00:00,80m,3.5701561,PI4CC,JO21,51.5,5.0,699.6,127.4,-27,0.15,0,0.23,17,0.0501,1,-14
2026-08-30 13:04:00+00:00,30m,10.1402265,F5EFK/12,,,,,,-17,3.31,0,0.34,23,0.1995,2,-10
2026-08-30 13:04:00+00:00,30m,10.1401682,DL0NOT,JO40,50.5,9.0,982.7,120.3,-20,0.37,0,0.35,23,0.1995,1,-13
2026-08-30 13:04:00+00:00,30m,10.1401534,F4WFT,IN98,48.5,-1.0,802.1,169.2,-18,0.11,0,0.31,23,0.1995,1,-11
2026-08-30 13:04:00+00:00,30m,10.1402354,SM7PNS,JO66,56.5,13.0,998.8,77.7,-23,0.37,0,0.27,23,0.1995,1,-16
2026-08-30 13:04:00+00:00,30m,10.1401434,SM6YPE,JO67,57.5,13.0,1003.0,71.3,-13,0.28,0,0.56,23,0.1995,1,-6
2026-08-30 13:04:00+00:00,30m,10.140133,GJ7DNI,IN89,49.5,-3.0,678.8,179.7,-15,5.66,0,0.44,23,0.1995,1,-8
2026-08-30 13:04:00+00:00,30m,10.1401115,EA5RKP,IM99,39.5,-1.0,1797.0,174.3,-28,0.02,0,0.13,23,0.1995,1,-21
2026-08-30 13:04:00+00:00,30m,10.1401514,OH3HE,KP32,62.5,27.0,1859.1,53.5,-24,0.07,0,0.25,23,0.1995,1,-17
2026-08-30 13:04:00+00:00,30m,10.1402649,SK7BQ,JO76,56.5,15.0,1121.5,77.5,-20,0.28,0,0.44,23,0.1995,1,-13
2026-08-30 13:06:00+00:00,40m,7.0400981,GM8HHC,IO85,55.5,-3.0,11.9,167.2,-8,0.02,-1,0.41,23,0.1995,1,-1
2026-08-30 13:06:00+00:00,40m,7.0401519,G3LRS,IO92,52.5,-1.0,370.0,158.1,-8,0.07,0,0.7,27,0.5012,1,-5
2026-08-30 13:06:00+00:00,40m,7.0400653,OZ9ACF,JO65,55.5,13.0,1006.8,84.0,-12,0.24,1,0.51,37,5.0119,1,-19
2026-08-30 13:06:00+00:00,40m,7.0401595,G3JKF,JO00,50.5,1.0,628.3,152.9,-9,0.02,0,0.68,33,1.9953,1,-12
2026-08-30 13:06:00+00:00,40m,7.0400274,G4HSB,IO94,54.5,-1.0,178.8,132.5,-10,-0.02,0,0.63,23,0.1995,1,-3
2026-08-30 13:06:00+00:00,40m,7.0400137,G7MNP,IO83,53.5,-3.0,234.0,179.3,-23,6.0,0,0.18,23,0.1995,1,-16
2026-08-30 13:06:00+00:00,40m,7.0400121,PA2PGU,JO32,52.5,7.0,739.9,113.6,-24,-0.19,0,0.15,23,0.1995,1,-17
2026-08-30 13:06:00+00:00,40m,7.0400397,PA7D,JO23,53.5,5.0,568.5,111.0,-4,0.11,0,0.72,23,0.1995,1,3
2026-08-30 13:06:00+00:00,40m,7.0401901,2E0FDM,IO81,51.5,-3.0,456.4,179.6,-23,0.32,0,0.31,23,0.1995,1,-16
